schema_version,qc_version,sample_id,char_id,sample_index,image_relative_path,stacked_mask_relative_path,image_pixel_sha256,mask_content_sha256,binary_masks,image_gt_ink_iou,duplicate_group_id,duplicate_group_size,canonical_sample_id,is_duplicate_canonical,hard_exclusion_reasons,decision,review_status,reviewer,review_date
1,dataset_qc_v1,0/0,0,0,0/0/0.jpg,0/0/0.npy,95171c3649e76fa2cbfada4b8f58deeda9ccdff27c4d1f0308e6e65773c35f69,5484d96a1880942390335715c007ece59f39be3bb1cd6f6a6a7f9ee04a45b4d5,True,0.9767188859878155,,1,,True,,KEEP,AUTO_KEEP,,
1,dataset_qc_v1,0/1,0,1,0/1/0.jpg,0/1/0.npy,beb09e7f2127e71306abc71ea1c9c3241478851eb02f37b6511dc59cf1fe1bce,d05c936186d853a1a83e9359de7adef510000e6fc03620381acc4e54bef447cd,True,0.9832907151044882,,1,,True,,KEEP,AUTO_KEEP,,
1,dataset_qc_v1,0/10,0,10,0/10/0.jpg,0/10/0.npy,28e4f8eec651d0bcee00f72b57fcced04886ea7c4c4c67e3e766f99864795644,165e3eee09039a00df64cd6fc801364b3bc5e80cdf41335a8c7886e5b01ae3c1,True,0.9692091855571143,,1,,True,,KEEP,AUTO_KEEP,,
1,dataset_qc_v1,0/11,0,11,0/11/0.jpg,0/11/0.npy,ed7d42a4b5cd8f155031a153d1c4081cf3d137c73127efe067c0b307a3530932,8fd459ab8a26c36cab2d7295b88c8f9d4f81c1f67a6f9539a2a18462e81099a0,True,0.962691131498471,,1,,True,,KEEP,AUTO_KEEP,,
1,dataset_qc_v1,0/12,0,12,0/12/0.jpg,0/12/0.npy,ce3f5fe9fa3ca5d872993c8f50b7bd2b3779939559b1adfc5468822be154e4ea,a2dfdb6a1189f4fb2507bdb6e01a743518a724c5bc620885440969d44868422d,True,0.966828836797877,,1,,True,,KEEP,AUTO_KEEP,,
1,dataset_qc_v1,0/13,0,13,0/13/0.jpg,0/13/0.npy,32b5892a4714602fa9faaf639cdf3fbc4f43feafb1c487b7bc7911f6cba66661,4a190525bd5fa9ebfe06afac5162bf619795e907a7df72fd9b30052a8d79edc2,True,0.9786560891533267,DUP-4b764e1a690c,2,0/13,True,,KEEP,AUTO_KEEP,,
1,dataset_qc_v1,0/14,0,14,0/14/0.jpg,0/14/0.npy,32b5892a4714602fa9faaf639cdf3fbc4f43feafb1c487b7bc7911f6cba66661,4a190525bd5fa9ebfe06afac5162bf619795e907a7df72fd9b30052a8d79edc2,True,0.9786560891533267,DUP-4b764e1a690c,2,0/13,False,EXACT_DUPLICATE_NONCANONICAL,EXCLUDE,AUTO_HARD_EXCLUSION_PENDING_HUMAN_CONFIRMATION,,
1,dataset_qc_v1,0/15,0,15,0/15/0.jpg,0/15/0.npy,f8b638e9ad3637ee4a9182746236332c31feede6febfc4cd8122a038f0b45d01,91542147e78e3aa1bba1a27ee7865ab5893963521ae915d78ac81e364ee961b4,True,0.954751701537686,,1,,True,,KEEP,AUTO_KEEP,,
1,dataset_qc_v1,0/16,0,16,0/16/0.jpg,0/16/0.npy,ecd6a8356c41344d29076817c49204bca478d8f0c1fcfcc913380a409a88c7cd,56b4f4bdb41e47317310c11fe3852f2853bbad71f40b9ba5af715b5f2061cf3f,True,0.9805656272661348,,1,,True,,KEEP,AUTO_KEEP,,
1,dataset_qc_v1,0/17,0,17,0/17/0.jpg,0/17/0.npy,3fbea17a846b9ad063aa53fd563c7407d821283109148008edca4e713d3bbd25,d81f8e5d9dafb818a49dc98cc1afdd96eecfb2ad6c379166e1b0a17175012191,True,0.9777642276422764,,1,,True,,KEEP,AUTO_KEEP,,
1,dataset_qc_v1,0/18,0,18,0/18/0.jpg,0/18/0.npy,d025e7213732ca81aaeb0c615172d6b0757003edd3db02477b5c27c9f84d72e8,b99be1e9e71a225963400ac311d8a20487b8c985933d27057de53f9c7ce1ff5d,True,0.9779912387185307,,1,,True,,KEEP,AUTO_KEEP,,
1,dataset_qc_v1,0/19,0,19,0/19/0.jpg,0/19/0.npy,086c84a4adfaba05f9d2bc299305bd0a0478981ebb4e5a227926feb9fd5f7d34,4e50e1fe402cb209b3c4ab5e0b9b5acf8b58f72668863994c415219511ac5fbb,True,0.9818958155422716,,1,,True,,KEEP,AUTO_KEEP,,
1,dataset_qc_v1,0/2,0,2,0/2/0.jpg,0/2/0.npy,be19045b97594688c22f063e0b968319ac5a08379bae5268357c6ddb2ee6485e,1f64efa3d8195698828501033badd390a684a4967e89d23dddc13afd9b45f7e7,True,0.9758413698090928,,1,,True,,KEEP,AUTO_KEEP,,
1,dataset_qc_v1,0/20,0,20,0/20/0.jpg,0/20/0.npy,a41679e66c5efbaee7d563ffb210920388ec6c44d7f5e897299ab272176bbbbb,1df8e4e1df612dc0deb60ca053985c330972216d6e87d8715af6d132a3d0e166,True,0.965467208357516,,1,,True,,KEEP,AUTO_KEEP,,
1,dataset_qc_v1,0/3,0,3,0/3/0.jpg,0/3/0.npy,ef04839def6aa316cd20674d597d1ce486dda7b368688e99c4ad3c3f419b8a39,940dcda2f52fade0debf8e4907287669cd7d079bcf9fda811e16cecfa34d4c2d,True,0.9678432443503789,,1,,True,,KEEP,AUTO_KEEP,,
1,dataset_qc_v1,0/4,0,4,0/4/0.jpg,0/4/0.npy,5a2d566633d594e292e58674e997c469efa8b4851fa85b83fb0ccac9f0437cb4,5a2213c6825111578bed39482d3191a65418dedd87a1ea1f00674f461e692448,True,0.9810183204325333,,1,,True,,KEEP,AUTO_KEEP,,
1,dataset_qc_v1,0/5,0,5,0/5/0.jpg,0/5/0.npy,94404fbfdae879e0171421301b9b55a9f1d325a84c6c0025774c1536793df7ab,7dc5fa3e64b79563fcacb399a16194973e444b5be420e948179ce5a18e69cbdc,True,0.9094574780058651,,1,,True,,KEEP,AUTO_KEEP,,
1,dataset_qc_v1,0/6,0,6,0/6/0.jpg,0/6/0.npy,95227842691040eda652c1189470abadb7989b8c487c48b1de18e13f5082c2da,6997d7c4fc992e46b1ecc9d2bfe11608efb07f1a80156dce1c5e35d5fe35152b,True,0.9761108714408974,,1,,True,,KEEP,AUTO_KEEP,,
1,dataset_qc_v1,0/7,0,7,0/7/0.jpg,0/7/0.npy,c32c96b224d4730f4ff4c63355de51f7c2b933d1741eb5547d246359e2e8ba46,0eaf9bf4b734e5ddb1c890ba5183e0aaee821e019f1f564f693fb44da054b40d,True,0.9752989155621467,,1,,True,,KEEP,AUTO_KEEP,,
1,dataset_qc_v1,0/8,0,8,0/8/0.jpg,0/8/0.npy,e67d7cd5dbf730559164231f75d434f3fe6008c9b118afebf8123c5004af53fd,a3779e9c327a6f87201f52072438a364ff56f61e33fa8305ca978d2450bdd16c,True,0.9736083147412526,,1,,True,,KEEP,AUTO_KEEP,,
1,dataset_qc_v1,0/9,0,9,0/9/0.jpg,0/9/0.npy,c2cf28e5dc18e8e3697e5ce5cde9fee4247d1564d155d9e3059021bd65268e24,678ce2f4fc57748a85f22950fbfbc503906925577589cc6a0c0365f6d9886fa2,True,0.9840671304902013,,1,,True,,KEEP,AUTO_KEEP,,
1,dataset_qc_v1,1/0,1,0,1/0/0.jpg,1/0/0.npy,b2f6baaba9e6b7c8e529bbef8f352465510e72e0cd483b95f31d8f35f52dc7d6,2e7d0da8602cf364ee3303ac23db33100c0044b39dbd9c9a1801dff9df4940aa,True,0.9763762367606678,,1,,True,,KEEP,AUTO_KEEP,,
1,dataset_qc_v1,1/1,1,1,1/1/0.jpg,1/1/0.npy,551068c606709520aaf56e566082ec2bac71ccb13f04bd66062badce84f36d77,adf2f369ba77462b7123090562fbbadc92d51055ccde97eb57fc25481f3b1d95,True,0.9682136994478436,,1,,True,,KEEP,AUTO_KEEP,,
1,dataset_qc_v1,1/10,1,10,1/10/0.jpg,1/10/0.npy,dfd7889f364d3b601e11ab7da9de6b82cab88b97a86aeff1bfca91abb3c9516b,5664af92627f21f2691fb70f13e06167856970ebc277281dcb927d3010cf4fc2,True,0.9567345122900679,,1,,True,,KEEP,AUTO_KEEP,,
1,dataset_qc_v1,1/11,1,11,1/11/0.jpg,1/11/0.npy,2b092f7bd6847e41abe8e91f4d8b06a3c78adf575552a36e0ec58ee484529000,3192f0bbe77babaf62662df8c1e7d1f9981e47aad3738e6dc17eb645a3e8a18b,True,0.9674331299859221,,1,,True,,KEEP,AUTO_KEEP,,
1,dataset_qc_v1,1/12,1,12,1/12/0.jpg,1/12/0.npy,72b6612476f4e5fd24856b3b9b66512b9b1bd2c31254426ab86aa8e886a1ec09,d65d29820d565b563a9386a874eb76c71c6c8d8deb86866a9849e0942ea2e24c,True,0.9667597277961961,,1,,True,,KEEP,AUTO_KEEP,,
1,dataset_qc_v1,1/13,1,13,1/13/0.jpg,1/13/0.npy,16bc385050dc54c9edf518f5f45bb1f341f94b880ebf3a21693f8ce31d38736a,0a6d1eaa661a7fbf8d23a87ea7294d933b94e98cd7e09f7d22fa44e0edb84771,True,0.9755390679341526,DUP-dc5fb2333568,2,1/13,True,,KEEP,AUTO_KEEP,,
1,dataset_qc_v1,1/14,1,14,1/14/0.jpg,1/14/0.npy,16bc385050dc54c9edf518f5f45bb1f341f94b880ebf3a21693f8ce31d38736a,0a6d1eaa661a7fbf8d23a87ea7294d933b94e98cd7e09f7d22fa44e0edb84771,True,0.9755390679341526,DUP-dc5fb2333568,2,1/13,False,EXACT_DUPLICATE_NONCANONICAL,EXCLUDE,AUTO_HARD_EXCLUSION_PENDING_HUMAN_CONFIRMATION,,
1,dataset_qc_v1,1/15,1,15,1/15/0.jpg,1/15/0.npy,f9e96013e6856981df8599a07086f7ca616b275baba9490d2f922def52b15932,a36880a35bb7b22d5b27c2c132c4bf2b100b3448186ffc8d81a0db237bcdd15e,True,0.954961736294066,,1,,True,,KEEP,AUTO_KEEP,,
1,dataset_qc_v1,1/16,1,16,1/16/0.jpg,1/16/0.npy,5c779003e24496eb4b265031ca7b0a0191757e0c11ad00a057a20a73bff5c0c9,980d221b60d263ed0d18919059e51e677a48cd9e374d4075a6f30bcf20bb3d12,True,0.9776115631475211,,1,,True,,KEEP,AUTO_KEEP,,
1,dataset_qc_v1,1/17,1,17,1/17/0.jpg,1/17/0.npy,6f2bc91bbc81453dd370ea933ebf4db1385f4c05864fc3fc49d7f71756987920,f4e74c49de5674339ff90c945e721876dfbccdac10b70bbb17234fbfeeccfcda,True,0.9717856151069147,,1,,True,,KEEP,AUTO_KEEP,,
1,dataset_qc_v1,1/18,1,18,1/18/0.jpg,1/18/0.npy,bf10d92fac29bf6ac3394628927461fac5b33c4cca9548a9dd676bcc6e90da3a,a11cdd081b5c211270b7dcc4f442fcc8164e6d1430369876255c13ff40901675,True,0.9733935436626594,,1,,True,,KEEP,AUTO_KEEP,,
1,dataset_qc_v1,1/19,1,19,1/19/0.jpg,1/19/0.npy,bab8a5cfe6bf1a6f20302add767153b6e248357baf3bfdab334defbcc1882c10,94d18181c13bdf528a80c27d0a458fb5c99cc3c0f7d1f0071e93091b34deb5bb,True,0.9814213818729128,,1,,True,,KEEP,AUTO_KEEP,,
1,dataset_qc_v1,1/2,1,2,1/2/0.jpg,1/2/0.npy,ccca4012f3289d71605da3ca86eb1ff771e45c3a0e31ff20b7ca5fd656134c8a,812f3bfdaf6d010811d90845a66b5502c3953f66e5423df1298f2a3b88dde295,True,0.9701649470986397,,1,,True,,KEEP,AUTO_KEEP,,
1,dataset_qc_v1,1/20,1,20,1/20/0.jpg,1/20/0.npy,46b67c2771de570ed3e03bf91292132cc4f6842bac8ec03a7f47fcb9e17e895d,eaa154b8a9117dba9db752005c991b2d06ab1b4bd051fbf28b137a6f4d613242,True,0.965218798026369,,1,,True,,KEEP,AUTO_KEEP,,
1,dataset_qc_v1,1/3,1,3,1/3/0.jpg,1/3/0.npy,aa4464abff77b90ae2f0acfa5c82e2f54197808a44a71efa3319bfbeafdbb1fa,6f60b318eb3fdee645099ecee39d680a304d5789b8d63d9bba594841190a0914,True,0.9507213790519018,,1,,True,,KEEP,AUTO_KEEP,,
1,dataset_qc_v1,1/4,1,4,1/4/0.jpg,1/4/0.npy,d1fecdab4c440557ddca78a800755141918a339e2576678b3fcda9a58b2bff5e,56b5fc778bc77aae76ff249b25315e7c85b02ecac5c12c38bb0b0778810b60c6,True,0.9767228001609288,,1,,True,,KEEP,AUTO_KEEP,,
1,dataset_qc_v1,1/5,1,5,1/5/0.jpg,1/5/0.npy,1eaae13d14a943bcd6cf7791aeece5a26d212f5b85e78c9f5952f677316c82d5,1719dd1b494f319b95ba97f08911c3e88c06adbf9aac42e2cfe1a57525ac4ebc,True,0.9354401805869075,,1,,True,,KEEP,AUTO_KEEP,,
1,dataset_qc_v1,1/6,1,6,1/6/0.jpg,1/6/0.npy,e4a68977efb69ecb0066dd18ac6fa7a1cfd67b6b760f1701cd011a87b7b5281a,82f0e89a27fd4681bde6c77fcc54aac400b74bb2fb971709a3de2a586a5078e6,True,0.9752005347593583,,1,,True,,KEEP,AUTO_KEEP,,
1,dataset_qc_v1,1/7,1,7,1/7/0.jpg,1/7/0.npy,df2e7c8cc68698b7f824cd773084a273076976fd8eaf0e7d4850b7eda9d5f6c1,e620889bd7f79ad5d87ac990750e2ad3ac8865c6fafa83c221697d249483a789,True,0.9821420223458464,,1,,True,,KEEP,AUTO_KEEP,,
1,dataset_qc_v1,1/8,1,8,1/8/0.jpg,1/8/0.npy,38310c42fde9d16f2da53b04864f753648968c9326939c712f33bd4070700c59,0708a4b2e798c5024eb08845d23aba328c0dc77289a8c809bd07a708e0b2b9ea,True,0.9664738980931541,,1,,True,,KEEP,AUTO_KEEP,,
1,dataset_qc_v1,1/9,1,9,1/9/0.jpg,1/9/0.npy,b5ace34f52a37b04ad2ce2817be610f559e04292bc73344e3e17cd5ed35f53c9,0218e83a822860d16fb7efab1f634add4bd13f9bd33a0be1aaa5cc8266efd969,True,0.9746290986161327,,1,,True,,KEEP,AUTO_KEEP,,
1,dataset_qc_v1,10/0,10,0,10/0/0.jpg,10/0/0.npy,6bd2ebbe7eb712747f2698f31732e1fc82ee67e2a2248489ef8de5962130f773,c87217771963700e839159dafd462b5f6d9440daf5ea6078d8494be11611a22a,True,0.9821880027579867,,1,,True,,KEEP,AUTO_KEEP,,
1,dataset_qc_v1,10/1,10,1,10/1/0.jpg,10/1/0.npy,8898939b2ba234ed1389d349ef3a5f6baa7c80f45da983472c98149c046117da,8655590835441e685f4d2818acfd9eecb3a8ee68823077fabd4fbff6de2afa64,True,0.9836079754335885,,1,,True,,KEEP,AUTO_KEEP,,
1,dataset_qc_v1,10/10,10,10,10/10/0.jpg,10/10/0.npy,b6922a8f84380ac95d521d7db681381deab2964f81b0b4e5dc3084ddf59fa62f,ca22f814d23c2f3df2e2af4f1d0b30b382f86741e53d7e354b2062ba027dcd66,True,0.9695281505866464,,1,,True,,KEEP,AUTO_KEEP,,
1,dataset_qc_v1,10/11,10,11,10/11/0.jpg,10/11/0.npy,adf2c7540642ef4526cccdb50feb1127ad25df797fada353590ea1b9d50fce9d,a98c308845ad483655fccbe0465ea2dbab780b060fae0d3354d932bd24761a9f,True,0.9711906867079281,,1,,True,,KEEP,AUTO_KEEP,,
1,dataset_qc_v1,10/12,10,12,10/12/0.jpg,10/12/0.npy,6a909b0f766188c0755143c64a3f5c81ce80d8f7c6f3deb45d035f2f10262d77,f107ab63d29cb0700802701560fc8a929376e5d06f074c0a80fdd0dcab9e40e4,True,0.9752260269096604,,1,,True,,KEEP,AUTO_KEEP,,
1,dataset_qc_v1,10/13,10,13,10/13/0.jpg,10/13/0.npy,bcb304843e0f25f226badb12f3480ee598c74d668e2a948d93ab2c590fbdc05a,83f4fea688202c90f270cba3c8c3643a1d5658737e268ed7121f46a7617f7cf8,True,0.9826815188226685,DUP-0186299d2dd9,2,10/13,True,,KEEP,AUTO_KEEP,,
1,dataset_qc_v1,10/14,10,14,10/14/0.jpg,10/14/0.npy,bcb304843e0f25f226badb12f3480ee598c74d668e2a948d93ab2c590fbdc05a,83f4fea688202c90f270cba3c8c3643a1d5658737e268ed7121f46a7617f7cf8,True,0.9826815188226685,DUP-0186299d2dd9,2,10/13,False,EXACT_DUPLICATE_NONCANONICAL,EXCLUDE,AUTO_HARD_EXCLUSION_PENDING_HUMAN_CONFIRMATION,,
1,dataset_qc_v1,10/15,10,15,10/15/0.jpg,10/15/0.npy,c49e612a1eeae00622c5693b3fbcd973eb70dec47edd52414e673a6e3f869fe0,69b275161c34a2aec220bd7689644e5b7f35d10f7c2bead3574120f81e5c4f4c,True,0.951075207645921,,1,,True,,KEEP,AUTO_KEEP,,
1,dataset_qc_v1,10/16,10,16,10/16/0.jpg,10/16/0.npy,d78c1c1aedd4d72d363f273f8d0153212b4f91c064bcb8deea1e69f8ff6037cf,9d8ce08d0c23d6fe56c18a7ead4b235c5263e54e6de18c0e182cf18862c10a7d,True,0.9821929045047508,,1,,True,,KEEP,AUTO_KEEP,,
1,dataset_qc_v1,10/17,10,17,10/17/0.jpg,10/17/0.npy,1e7b64a37088d6d1bcf57b42f05014fabdae0dc9efd99712affc6dd314f9c5f2,7d430c535e65af64827fed7f2d0bf72416a1c84dc088ed6f9c8f989d28c19c47,True,0.9768760122368184,,1,,True,,KEEP,AUTO_KEEP,,
1,dataset_qc_v1,10/18,10,18,10/18/0.jpg,10/18/0.npy,5e566fa97178a2adf4acd0cde338847b430f0449b4952e34852c2a87a0095393,abff0ef31fefe1b8e5fc100dd744485e1c7e01356b86aa3f760de6c4e3c73c53,True,0.975938345687728,,1,,True,,KEEP,AUTO_KEEP,,
1,dataset_qc_v1,10/19,10,19,10/19/0.jpg,10/19/0.npy,88d4d1692f44d061517bfe62f54b9135a0fb980deaf11a6eab2696bd8900303c,4803b2cb8e9ca9bec91b2263602ccade11189817c04b936f76ac4738ab9636b9,True,0.9848257330277405,,1,,True,,KEEP,AUTO_KEEP,,
1,dataset_qc_v1,10/2,10,2,10/2/0.jpg,10/2/0.npy,f8b5361edd68a1c6b3cff169e868cfe474538456cb88f6081df21cb5a472f02c,1a08b9000bd76922a68490bbf519843bd5916c866517b57b9c4c623357633e98,True,0.9785567371231019,,1,,True,,KEEP,AUTO_KEEP,,
1,dataset_qc_v1,10/20,10,20,10/20/0.jpg,10/20/0.npy,fbb7219dd5fcc78b3e5bf88e74258844fadf46301af4d354659e6e0909f74565,d7e461002c6da6171f5fef1b3e09cde20e091ed65e5ec20f98583875ba8a3f4e,True,0.9706758770147637,,1,,True,,KEEP,AUTO_KEEP,,
1,dataset_qc_v1,10/3,10,3,10/3/0.jpg,10/3/0.npy,29f5c0c451170f71b445f5010088667a5f9441a393f977300660494810974da9,ca5d4a93609b3117dd5fe0b769feb604e18e2ba1dd8a597f9bc8522ba15fe552,True,0.9727789174688338,,1,,True,,KEEP,AUTO_KEEP,,
1,dataset_qc_v1,10/4,10,4,10/4/0.jpg,10/4/0.npy,7da99b6604666f64ce768ba2ee7f005c540dc184d774ed0f67229696c567591e,bce8df72da0d7c422a5917a74d91d05720297a606bb92d354264e52ad20e0c38,True,0.9846340630572523,,1,,True,,KEEP,AUTO_KEEP,,
1,dataset_qc_v1,10/5,10,5,10/5/0.jpg,10/5/0.npy,f29f70b0aeab7c26ef9fcb1fd397a0c32095f6894459cdb3319a5bd2c80a028d,7152fa25d8b5743d64af15e7c546638fcb38f4cb4ca5cd339dd1c4109f509dbc,True,0.9575782537067545,,1,,True,,KEEP,AUTO_KEEP,,
1,dataset_qc_v1,10/6,10,6,10/6/0.jpg,10/6/0.npy,d85117918e7f4ebb0fd2c8b0bf402660667397864762258813c500bd2fbb6992,226c931fba63486162e1bdcec4cd33b46075845cc79b037faa56b94b5c929b8c,True,0.9738595923649305,,1,,True,,KEEP,AUTO_KEEP,,
1,dataset_qc_v1,10/7,10,7,10/7/0.jpg,10/7/0.npy,7eabdb48b57d32d042ac544cbca87ff15c4282055151d3eace3073f9b94123c9,e2b8a52b6d54f82364cf1387e43f46843c26d39403cc97ebffb5276833783fc1,True,0.988181449510457,,1,,True,,KEEP,AUTO_KEEP,,
1,dataset_qc_v1,10/8,10,8,10/8/0.jpg,10/8/0.npy,e18622f1f320592baf4743089b520a68a0a2c0bb4e77e825f063c8a24f4d568c,3865e03d243d352a87290edc504e4cd4eee895b09d6068394e56a76b2671dad6,True,0.9789707927677329,,1,,True,,KEEP,AUTO_KEEP,,
1,dataset_qc_v1,10/9,10,9,10/9/0.jpg,10/9/0.npy,124e7e25301962025e32841d38452fcbc5f7f49afc3891dd144ae88cd14eccec,db3da76e16374be9814c037cd5009a5abbc5e2813c99fc4b92efe0b3ce8e0ac2,True,0.9842772095863227,,1,,True,,KEEP,AUTO_KEEP,,
1,dataset_qc_v1,11/0,11,0,11/0/0.jpg,11/0/0.npy,58b82bbb5b30cf6963e2192da1b2fef32e92880d6410c7d5e3c03163e0d6c2ab,59297b2bb4279b6d3bbe20f24c890b99e84195e8715fc27b7ca4daa23c21fbaf,True,0.9777987540117047,,1,,True,,KEEP,AUTO_KEEP,,
1,dataset_qc_v1,11/1,11,1,11/1/0.jpg,11/1/0.npy,04ea5551152e312632323b1200a44d7c421d0844b6dca6bf01cde1d9cd475c35,76429456f59b8074e6bb422566697461311dcf1e65b6cd131310b742acee6a7e,True,0.9783544558438946,,1,,True,,KEEP,AUTO_KEEP,,
1,dataset_qc_v1,11/10,11,10,11/10/0.jpg,11/10/0.npy,ce4205ac459aa27cf594d6f71629bff27330f99516b6074fa3eda64ed0c88841,8a7568ac213d0679eb631d258ea2072620861ba2d3e3aa0f6577a5d2ad954abb,True,0.9626184940082275,,1,,True,,KEEP,AUTO_KEEP,,
1,dataset_qc_v1,11/11,11,11,11/11/0.jpg,11/11/0.npy,4c75191c43f27326ee07eb869d217aaa8409694aeac0f213d402a91aff484bf2,9b303a3909414f68ff95d54f70d00364bd6d58494a24a5721d71b6d24f9ac25b,True,0.971340206185567,,1,,True,,KEEP,AUTO_KEEP,,
1,dataset_qc_v1,11/12,11,12,11/12/0.jpg,11/12/0.npy,41cc717bf8eeeeae82770256693a6a5eeade96415150e50be48e5bef46f4f931,1b78c4fd6bd32c63ad3a23c571c88692f10fc67430f1d3468b8a73bc7d924768,True,0.9718196457326892,,1,,True,,KEEP,AUTO_KEEP,,
1,dataset_qc_v1,11/13,11,13,11/13/0.jpg,11/13/0.npy,e14e4672281adff630273ffa661f4b9d780bf46cf685634db485f869ca4364a6,d27bc199f2ab9a8635e086daa23165cdd66de4957efa7d9109c9a39f7f4cfcda,True,0.976348372752712,DUP-02c9d548ecef,2,11/13,True,,KEEP,AUTO_KEEP,,
1,dataset_qc_v1,11/14,11,14,11/14/0.jpg,11/14/0.npy,e14e4672281adff630273ffa661f4b9d780bf46cf685634db485f869ca4364a6,d27bc199f2ab9a8635e086daa23165cdd66de4957efa7d9109c9a39f7f4cfcda,True,0.976348372752712,DUP-02c9d548ecef,2,11/13,False,EXACT_DUPLICATE_NONCANONICAL,EXCLUDE,AUTO_HARD_EXCLUSION_PENDING_HUMAN_CONFIRMATION,,
1,dataset_qc_v1,11/15,11,15,11/15/0.jpg,11/15/0.npy,51564a70048aab03bb1158d882eed80420c83c7a5582eb0b447a71cafbde7acb,2be4b8c85876f64bbfb7d376a076e52f0485149969228eab7292233866c5b4a7,True,0.9583404327824161,,1,,True,,KEEP,AUTO_KEEP,,
1,dataset_qc_v1,11/16,11,16,11/16/0.jpg,11/16/0.npy,9270a6333a46a9df8cfc3bd13b9161fa689cf639cfbf2f4451f87da41679689f,51716549da0c7ea472f20666c76ba724d98e29dccf19946c83e049b038ee6690,True,0.9811140615210192,,1,,True,,KEEP,AUTO_KEEP,,
1,dataset_qc_v1,11/17,11,17,11/17/0.jpg,11/17/0.npy,76b33b59f855fbbecfcb2e62edf55902b8670eebd00c3332c80bb78459294db4,35ef4cdec85ab7b373e14a8d8de8ff99c2b8ac572e77562bf1f8a0d8ea4ffdc5,True,0.9803380889581585,,1,,True,,KEEP,AUTO_KEEP,,
1,dataset_qc_v1,11/18,11,18,11/18/0.jpg,11/18/0.npy,ef122d6d5fb4240a3894373fc858710a23c46d203bc0c0327bef8fa34f6958b4,70e06ea1034eca6ef03dc1284408eb0b58d7e45607e1ebdf1b0343338388a4ad,True,0.9708397671932534,,1,,True,,KEEP,AUTO_KEEP,,
1,dataset_qc_v1,11/19,11,19,11/19/0.jpg,11/19/0.npy,4290768432599f5e2e6453c63df712debecf055caf8e6c5d8a0b0a021e8666da,c480d90e167988dc414a0627bde6f949c460ea58b33549615d44f26c4f6f33df,True,0.9801751138952164,,1,,True,,KEEP,AUTO_KEEP,,
1,dataset_qc_v1,11/2,11,2,11/2/0.jpg,11/2/0.npy,9792ee183a581c2bb7003037c3fc61d9292083353b16f5519deee50a8c3195a3,c63de3d7eb5397e5d725dc6d2107f01cd63fd4f31d13a552aa192feffa884462,True,0.9802603291248094,,1,,True,,KEEP,AUTO_KEEP,,
1,dataset_qc_v1,11/20,11,20,11/20/0.jpg,11/20/0.npy,50e926fabdc0793640fea6b50c7a3dcd4e9656c45d871810b65b00c0dc265c01,779eda95623af93671ed6473a3223a17dfc2b9cc3dd2e60232c581cf7ff8cf48,True,0.9642107861285943,,1,,True,,KEEP,AUTO_KEEP,,
1,dataset_qc_v1,11/3,11,3,11/3/0.jpg,11/3/0.npy,be9da3fbd3ff4449535cdd8b1178f8ff3331cf1073cfb8dafbe8fbe859fc832a,9350acad580061da6302d886a9773f4a03e5e0c27dfa391bbfb090a0622428b0,True,0.9606392694063927,,1,,True,,KEEP,AUTO_KEEP,,
1,dataset_qc_v1,11/4,11,4,11/4/0.jpg,11/4/0.npy,458d3fd384d8dba6760120b29ed5cd08ec0588eef48d71519019e22e909a44fc,5f2d1dc58898668eb6f6e9d4e9da044a56e7063d0b6a59295ed5e0c8b3a11ee8,True,0.9755237502592823,,1,,True,,KEEP,AUTO_KEEP,,
1,dataset_qc_v1,11/5,11,5,11/5/0.jpg,11/5/0.npy,e10f35e3d61e4469f8e6aa41053c139061503a75bc7f13e46936dfbaf9212d41,f3319a3c36e3ce299f6f31f8bb6f3b8e72251137bbd4888cff0c9780b0d83f78,True,0.9384998688696564,,1,,True,,KEEP,AUTO_KEEP,,
1,dataset_qc_v1,11/6,11,6,11/6/0.jpg,11/6/0.npy,87b6387668ef3896adbd4c1a2fdec6c438fcaff88add831207b72def873881ef,1a3e33601d491e942465ad3ccb3e1e3ca7ac08ff45dae48f8db2cfae40b63984,True,0.9722434129452497,,1,,True,,KEEP,AUTO_KEEP,,
1,dataset_qc_v1,11/7,11,7,11/7/0.jpg,11/7/0.npy,7025b3eefaf86eb5485841776cc7f4cf500fa07f1ab5ef24d158d762b35e4b9c,d0754292722b2009d12ffc3ae507193d84be97baef0c1fe68ebe97d1e78cacc8,True,0.9801796221740476,,1,,True,,KEEP,AUTO_KEEP,,
1,dataset_qc_v1,11/8,11,8,11/8/0.jpg,11/8/0.npy,160ddc3b2c77b85b77ff7dbab87f1f7dd8f67d76517f1d0537e8e48a2a45ce88,734f2f0adc8e86909db0ef6674593e6c915baf3419f4be1c292881e9fc3c9b7c,True,0.9752599331600446,,1,,True,,KEEP,AUTO_KEEP,,
1,dataset_qc_v1,11/9,11,9,11/9/0.jpg,11/9/0.npy,c8bd300b4fba65c006adbab8615ba61718494ad0081024c60d19f2f184558015,d345f1238126e95a1e1b1d45f09b79a1ce14ccbdf189312be851e974b990d892,True,0.9817798876705002,,1,,True,,KEEP,AUTO_KEEP,,
1,dataset_qc_v1,12/0,12,0,12/0/0.jpg,12/0/0.npy,e4b3dd732c00e353e886452874eb64c02764f726f5ee5c02647e70fa5e894f05,742a15abc9ed6fa213b10bf306b5cfa5915462aed952656e1bbb90b6177e031d,True,0.9798994974874372,,1,,True,,KEEP,AUTO_KEEP,,
1,dataset_qc_v1,12/1,12,1,12/1/0.jpg,12/1/0.npy,1c479cd878b8caa9d2c046c3025a4923ba088c45e3c1dcd38ed0d3cc9078984a,01d9f46712793e462c3917dd4932f8b3acd53fd8e3f2368d82f4d22f6e8568b3,True,0.980350753709895,,1,,True,,KEEP,AUTO_KEEP,,
1,dataset_qc_v1,12/10,12,10,12/10/0.jpg,12/10/0.npy,149b45d5128dae122630562ff11e34a6cdfd70af7113b4810f0e6077f1c5c6fb,d844d3e9655c5f38c7211de575a6736cab35b419463087c7632588916ea8949f,True,0.9667143148866653,,1,,True,,KEEP,AUTO_KEEP,,
1,dataset_qc_v1,12/11,12,11,12/11/0.jpg,12/11/0.npy,903dd6e56dd63107c02d9f2a97ac891229a6613cb922e5020ca56f8f85c4088e,24f4132e97fb5abf844f4018dda287121cceab5cf96c22a140b4889af34f3573,True,0.9638737758433079,,1,,True,,KEEP,AUTO_KEEP,,
1,dataset_qc_v1,12/12,12,12,12/12/0.jpg,12/12/0.npy,8efd29315d23aa70ad1f62003c6e855f9531bf503b4c6b9ac0030e768c87b258,1f85f782d13fc4ca6614a0f0116b87f17e12788f13dc1a032433c55f01b40bb4,True,0.9738300889519144,,1,,True,,KEEP,AUTO_KEEP,,
1,dataset_qc_v1,12/13,12,13,12/13/0.jpg,12/13/0.npy,c8232245a3468c1b2143b7129517f0dd01557cdf1844d3f7876d8f761c0a0f3e,69fc80e6e81e394c5f37732cdd47d3df1c1e7dba13e7179a7a293dc358d82a1a,True,0.9748569707919301,DUP-2a12b06a78a0,2,12/13,True,,KEEP,AUTO_KEEP,,
1,dataset_qc_v1,12/14,12,14,12/14/0.jpg,12/14/0.npy,c8232245a3468c1b2143b7129517f0dd01557cdf1844d3f7876d8f761c0a0f3e,69fc80e6e81e394c5f37732cdd47d3df1c1e7dba13e7179a7a293dc358d82a1a,True,0.9748569707919301,DUP-2a12b06a78a0,2,12/13,False,EXACT_DUPLICATE_NONCANONICAL,EXCLUDE,AUTO_HARD_EXCLUSION_PENDING_HUMAN_CONFIRMATION,,
1,dataset_qc_v1,12/15,12,15,12/15/0.jpg,12/15/0.npy,f2779aec3fc5893d36e17b574df688be1013d88fcb5bce8c5b5265a3463cb34a,f640e08eb5de1681c726a0249f66b9f2888941328eff45f45df97106108fb478,True,0.9644963144963145,,1,,True,,KEEP,AUTO_KEEP,,
1,dataset_qc_v1,12/16,12,16,12/16/0.jpg,12/16/0.npy,a2a184d41feb79992d5941a8d3be14a1920934d470274c974778be01bc09c521,d2454b1e66035d3b8905109947dfea35b5a7421d7254f6d328efdcb38e44f2e0,True,0.9841441591410379,,1,,True,,KEEP,AUTO_KEEP,,
1,dataset_qc_v1,12/17,12,17,12/17/0.jpg,12/17/0.npy,58d0d93b81facf6c84a68a3843fb75a7c88b34b78e1c7d90a74551d2a96aea1f,69decf42b13f800139eff0ae1baad574cb7fa76f4e2cc2d0b518be69779dd0e5,True,0.9834647393780114,,1,,True,,KEEP,AUTO_KEEP,,
1,dataset_qc_v1,12/18,12,18,12/18/0.jpg,12/18/0.npy,99ebf1684b26f40d61d24749f1be095fb439d6cd8dfa0046be7d677ab536825a,72310b78d4dc6b24f9179383c447861afe693dc6a56e274cd1cdbb828074f4ad,True,0.9712360715211195,,1,,True,,KEEP,AUTO_KEEP,,
1,dataset_qc_v1,12/19,12,19,12/19/0.jpg,12/19/0.npy,a9533ab4c5dddce1306df2f1afa19bcaa68f8b9b5e99e8068d089888cbb9b0ab,29e4027450bdc07aa8b9582366fb5c8ebd61c35be66268b850d632550b815727,True,0.9795473299540257,,1,,True,,KEEP,AUTO_KEEP,,
1,dataset_qc_v1,12/2,12,2,12/2/0.jpg,12/2/0.npy,c9718f035f3ca679b9874664db172e355a8d76baf0f50ada1c1ebf137a167518,e32a2bbcea04a560341e3563037c8fdb447e4a68b9964000e35be336246a8b2b,True,0.9791189045170084,,1,,True,,KEEP,AUTO_KEEP,,
1,dataset_qc_v1,12/20,12,20,12/20/0.jpg,12/20/0.npy,ca277a2ec33d0bddfacebb3443517604e03fc5b9827c2ed2c1f10a12d54809f2,1ca1fd2ae7790e66a3264991ef6bb15891fc7de04e76d64df269eb3564b57cf3,True,0.9694602272727273,,1,,True,,KEEP,AUTO_KEEP,,
1,dataset_qc_v1,12/3,12,3,12/3/0.jpg,12/3/0.npy,b98049e99a21f256ec500e66d8731104ce9e479fb9b3f4dad9a2c7a4c669cc47,e519bcd44aa0f06596b4609ccb4538c3fc7f79cd0b5e153dedddb7a61eb98e4e,True,0.9700829027994713,,1,,True,,KEEP,AUTO_KEEP,,
1,dataset_qc_v1,12/4,12,4,12/4/0.jpg,12/4/0.npy,bd064781c487cab8ef89ee59e6e7768194a280f1903f8dc54608539c0bc9dd34,aba8dcaa34c771b09ff2bd36404cd3050e6ee1f742ffcf8ba628d93c6f88a5f2,True,0.9801579128046687,,1,,True,,KEEP,AUTO_KEEP,,
1,dataset_qc_v1,12/5,12,5,12/5/0.jpg,12/5/0.npy,f4aefea5cf54864033f466b89ed0d369bfd543ffcc70d734e81eb3ae9e80a991,803ad7bf714b0f588cfe81df948e3ec28dcbff69198fc0dc9b4be6d37754c02b,True,0.9308274601931611,,1,,True,,KEEP,AUTO_KEEP,,
1,dataset_qc_v1,12/6,12,6,12/6/0.jpg,12/6/0.npy,df8cecd5f845de84d19a46945c389c7a44ba5f0df86e7e8155097b76f666d3f9,e7b120a5d76721a16402a26f58f437c717d753d40058a3378d3d4804ccc7f80c,True,0.9787840405319823,,1,,True,,KEEP,AUTO_KEEP,,
1,dataset_qc_v1,12/7,12,7,12/7/0.jpg,12/7/0.npy,0e82e7179fb49636dea449999b0fd78ed8479e0152f749c6c079f41ab220b865,76571d747fd5a861c253fb4a2bfcbe0f8f1086c22f0b263ab1bfdbebcbce0942,True,0.9775941837409121,,1,,True,,KEEP,AUTO_KEEP,,
1,dataset_qc_v1,12/8,12,8,12/8/0.jpg,12/8/0.npy,eacba4bf506a9eb9dcca1e72f3c6e2c8c87aef3a63d369e8b58ca401a0c6c4f8,202fd1b4d6350ca356f6a1705c6915e078732bdd2decf936e2c67e9cc8038dad,True,0.9736842105263158,,1,,True,,KEEP,AUTO_KEEP,,
1,dataset_qc_v1,12/9,12,9,12/9/0.jpg,12/9/0.npy,1eb2c9201b31618ee2ca5869beadd4b040b47f0ebc6268d98a00884313e42707,c8784777c21c7eb5177114129d245c52380cc187efa4c2739b68cc6ed35f65c6,True,0.9819651741293532,,1,,True,,KEEP,AUTO_KEEP,,
1,dataset_qc_v1,13/0,13,0,13/0/0.jpg,13/0/0.npy,5c3d29045c275f02c6af88e2a0f3594209f271ae52a46d6bf8e2bba08b671ce9,5cf3380f2cd68f44cd32054e1167445202f8916d7e376b3af49353f398d23358,True,0.9730537566233414,,1,,True,,KEEP,AUTO_KEEP,,
1,dataset_qc_v1,13/1,13,1,13/1/0.jpg,13/1/0.npy,6a0c3bd29239f21f59b6b54e64fc53a1e452dd0119a48281ba661cc58a4b2880,d87dc7e0f999e5c1494e330d6dec33448f9f175518c1f05d51ee4af0751f4f3d,True,0.9684570050897402,,1,,True,,KEEP,AUTO_KEEP,,
1,dataset_qc_v1,13/10,13,10,13/10/0.jpg,13/10/0.npy,c7a409a27c77d0f04bfed244e98bb75d3cde8f8f97fd14ad221871ff13764f60,51af0c89dd7e0bf98947e03d2678decba1101da5d39503ed4e546de3e482248b,True,0.9472440098850328,,1,,True,,KEEP,AUTO_KEEP,,
1,dataset_qc_v1,13/11,13,11,13/11/0.jpg,13/11/0.npy,f96119f1a74881b29774463c4914a1fda02ad92116a9a370cfbb058faaf901a6,8277fb3a9cf0d7e45d99bc85bcfacd589bf7eb5459e58053c5654ba5df4a2993,True,0.9531818752353458,,1,,True,,KEEP,AUTO_KEEP,,
1,dataset_qc_v1,13/12,13,12,13/12/0.jpg,13/12/0.npy,34ce7b36d1ba0709ca9fd524cc52710ecdf0c07ed17256a135921fcb77b75ad4,64d214c10ca100df5a0aa6d140d2089dad2347a57d57dde5d7e73eed25da126c,True,0.9660908962197367,,1,,True,,KEEP,AUTO_KEEP,,
1,dataset_qc_v1,13/13,13,13,13/13/0.jpg,13/13/0.npy,49785065a32a609f3ef4f5237c9805e50090f9a360e22cb9e22627dbfefccca3,c7a1c4919b9d83531c48688403a5881d40821c45fd1c0aca567de6130f5cda7c,True,0.9584070796460177,DUP-8be4fdba1997,2,13/13,True,,KEEP,AUTO_KEEP,,
1,dataset_qc_v1,13/14,13,14,13/14/0.jpg,13/14/0.npy,49785065a32a609f3ef4f5237c9805e50090f9a360e22cb9e22627dbfefccca3,c7a1c4919b9d83531c48688403a5881d40821c45fd1c0aca567de6130f5cda7c,True,0.9584070796460177,DUP-8be4fdba1997,2,13/13,False,EXACT_DUPLICATE_NONCANONICAL,EXCLUDE,AUTO_HARD_EXCLUSION_PENDING_HUMAN_CONFIRMATION,,
1,dataset_qc_v1,13/15,13,15,13/15/0.jpg,13/15/0.npy,ae4f24d6ed69f2be2580ba03808a5c49279a6f31ed20dbc8ce48ce4157edb615,d0a4b01afe4ca50263278a90a958793ef0dcdc0606520bf90b8fed1b700bc377,True,0.9431698905383116,,1,,True,,KEEP,AUTO_KEEP,,
1,dataset_qc_v1,13/16,13,16,13/16/0.jpg,13/16/0.npy,46cf56d83f50606e08dcd888abba2a72c0d82aebd64a452d1f72ce70ac4a328e,02c625ba821600f692423fb1d1900ddd6361eb60722d9fe53e4ea1b839ab9f06,True,0.9754130495659479,,1,,True,,KEEP,AUTO_KEEP,,
1,dataset_qc_v1,13/17,13,17,13/17/0.jpg,13/17/0.npy,e98dc16dad3189dd88807bffa6f0808ae065f81321f84f731a4de34856807e16,f226d388c42aa02f7043b882a9ba827230bf9435a8ced9c40ad1361ab09b8828,True,0.9732352640719174,,1,,True,,KEEP,AUTO_KEEP,,
1,dataset_qc_v1,13/18,13,18,13/18/0.jpg,13/18/0.npy,ac78fdf2238a954bb4e408797af8b43ab17aaad6fc5b361d87d9f4363e9ebe0f,7a7af2a5a0eec454e7f60a2d84d0ff42292d53adb2ed631d77857b166b9c6450,True,0.9665551839464883,,1,,True,,KEEP,AUTO_KEEP,,
1,dataset_qc_v1,13/19,13,19,13/19/0.jpg,13/19/0.npy,a267a73ba96498c00a3dfcfe3be6c86e5e8c454f028f22fe57e0d4580c7c0141,48de32eec9aa23128032ef4091c01452c293846eb3de4eb0794d602da99df932,True,0.971915413220847,,1,,True,,KEEP,AUTO_KEEP,,
1,dataset_qc_v1,13/2,13,2,13/2/0.jpg,13/2/0.npy,8f8e3cc3806a0815a7cda2c19f095c7a91b8afaa4aaf1d7620c5c8d6e2b7c8ad,004d2d2bdb7d5fdddc775ff0295b83c8763614945c9224775c1e0cd6e66a119f,True,0.9676323548263043,,1,,True,,KEEP,AUTO_KEEP,,
1,dataset_qc_v1,13/20,13,20,13/20/0.jpg,13/20/0.npy,409d25b192664f01c54c9f7f60c6a15e0189e957c4e5fe691cf275dbe35fd07d,c91705aa8f2ad435a7350a825252a9a7b1e00bd90ec9df40b50bb56f644709e7,True,0.9574777218132506,,1,,True,,KEEP,AUTO_KEEP,,
1,dataset_qc_v1,13/3,13,3,13/3/0.jpg,13/3/0.npy,c420f42ec897b869539d0bf6305d2ad88b510e65a86d47ac5e0d59d2268dc86e,8a4047d017bf8e9b371f1b2fbe3b05cccfc8003c4de109a06081ac5556f44b34,True,0.9505820588906643,,1,,True,,KEEP,AUTO_KEEP,,
1,dataset_qc_v1,13/4,13,4,13/4/0.jpg,13/4/0.npy,67bc4af3c138064c2ce6b9dbf79cb9341c622128daf127225c7d9b77359bd9f9,117ed9c1e293c15d4b9febd48b1fa4da9bfcfd446ccaf25e83f8d9ff6b9e847c,True,0.9744521337946943,,1,,True,,KEEP,AUTO_KEEP,,
1,dataset_qc_v1,13/5,13,5,13/5/0.jpg,13/5/0.npy,e24cac0403f5e31e021ffc44bbd792167b3c43d77e3c4698fae4cc654c40ae7e,7ef97bd2640f3bf358eeca1db398a9ebf16d52790cb11dd629e86305159fb5b6,True,0.929394091136705,,1,,True,,KEEP,AUTO_KEEP,,
1,dataset_qc_v1,13/6,13,6,13/6/0.jpg,13/6/0.npy,54517dbca912186a947fcf992be5064900469e5ecad9086e39b66a19da00def9,b5ceda6fd5ac28d63afff34df3db57300b7a55a6c16c56adabf7b11dc54de6c3,True,0.9696697082637193,,1,,True,,KEEP,AUTO_KEEP,,
1,dataset_qc_v1,13/7,13,7,13/7/0.jpg,13/7/0.npy,b3c1a4a3d346066fb4c070b582c4faa2f9c42f4f027e47d90d488c05cc345097,33d74d819ae0860b6b21a494707197765638d79b13cb51394eff267490786d80,True,0.9714069855291451,,1,,True,,KEEP,AUTO_KEEP,,
1,dataset_qc_v1,13/8,13,8,13/8/0.jpg,13/8/0.npy,6da248ca3d28c2e8874a30395059778c8b1c71f88bf142fcfc3409529ce345dd,8bb756f4c5deb8597980cbf189fec6b682b8553949baa5f43e024def0286a15c,True,0.9663699307616221,,1,,True,,KEEP,AUTO_KEEP,,
1,dataset_qc_v1,13/9,13,9,13/9/0.jpg,13/9/0.npy,1992e96247a8417bf23a5379686ad9fe9cda5af3d0f7d9f0dd73157bda55bf4c,e0cac8ccd92cfdb8713da7d8b625d220ad39a7296853a4e5bc537b0eb5e84ee2,True,0.9817429897115191,,1,,True,,KEEP,AUTO_KEEP,,
1,dataset_qc_v1,14/0,14,0,14/0/0.jpg,14/0/0.npy,bf7b510253413701902ea209a5edcbe8cff83e046993f3aede4d2f6fe18eb1be,12d1cf19202046fa23d83b3431c52631d423fb0d0b3bebccc729a71ef1baaca5,True,0.9820414271623414,,1,,True,,KEEP,AUTO_KEEP,,
1,dataset_qc_v1,14/1,14,1,14/1/0.jpg,14/1/0.npy,942da3bac06428abbee1ad1040ed0dfae51cf20d61710dbdb2a6857396fc247b,6ae40bc94656c4e17276d0a77532da4226aaaefd5ad395bbbd4281d1b1900a56,True,0.9827646851916989,,1,,True,,KEEP,AUTO_KEEP,,
1,dataset_qc_v1,14/10,14,10,14/10/0.jpg,14/10/0.npy,53c84aa0a5cf3ef8062467077dac3858b5cdf219c71c6d691598aff6680de2b0,010a72b07e566445da388fef7af960c6d951f406515e4194ac6ad2b307a60863,True,0.9674462492417605,,1,,True,,KEEP,AUTO_KEEP,,
1,dataset_qc_v1,14/11,14,11,14/11/0.jpg,14/11/0.npy,b73a09b64b019c9ff6ba3dd1c7891bddd3dea2c2671bc5d0e11197e1ad61a20c,6f2ee8691b5cf36dd80613403bd11e60ee163ddf58295ba81ecb0fba8f488f78,True,0.9758130081300813,,1,,True,,KEEP,AUTO_KEEP,,
1,dataset_qc_v1,14/12,14,12,14/12/0.jpg,14/12/0.npy,b21a3e58cfa1315c5dc28e7992fe969b6bdaea783e6a9c875dc405636110ca08,58e6c891c8840be8bd3d67016b542d678fb64eca9e014f96e16f9bb6d596acb4,True,0.9741915986702931,,1,,True,,KEEP,AUTO_KEEP,,
1,dataset_qc_v1,14/13,14,13,14/13/0.jpg,14/13/0.npy,ce4268263df1094bed1e6b7bcca58057bbddc501436e765f93e3e7d4be6415a5,0ab8ad83a6dcf96b45108d0b766a910a07c6efec38a3ec50be047716bffa544e,True,0.9771346338343461,DUP-cdb116935d01,2,14/13,True,,KEEP,AUTO_KEEP,,
1,dataset_qc_v1,14/14,14,14,14/14/0.jpg,14/14/0.npy,ce4268263df1094bed1e6b7bcca58057bbddc501436e765f93e3e7d4be6415a5,0ab8ad83a6dcf96b45108d0b766a910a07c6efec38a3ec50be047716bffa544e,True,0.9771346338343461,DUP-cdb116935d01,2,14/13,False,EXACT_DUPLICATE_NONCANONICAL,EXCLUDE,AUTO_HARD_EXCLUSION_PENDING_HUMAN_CONFIRMATION,,
1,dataset_qc_v1,14/15,14,15,14/15/0.jpg,14/15/0.npy,bdaafe4a2ffbb6e27aecc187444e01a9b98162875807449e1b0dadff86cf0b15,e67e178051d8546e07997d934e6ab0a2b9cda26ab7d5a059147251b5ccd937be,True,0.9694080583651136,,1,,True,,KEEP,AUTO_KEEP,,
1,dataset_qc_v1,14/16,14,16,14/16/0.jpg,14/16/0.npy,9e72d9be1a018f748cb347a2dfc72e9af9cddd9c09296810031c2119ccce4e66,5375443e8a87e3b1fafb09979a024bbe877ef29d3d179294f49c36ae970f3d25,True,0.9819140685590197,,1,,True,,KEEP,AUTO_KEEP,,
1,dataset_qc_v1,14/17,14,17,14/17/0.jpg,14/17/0.npy,0b143ad42dfece72dc56e79feee10a6b9fb51e8f3ce531349cfc3607bdc4506f,534743c21cbc885c6f4a977abb6a9d5e188ad3aa8ca0024290de36c59a2f167f,True,0.981034713845329,,1,,True,,KEEP,AUTO_KEEP,,
1,dataset_qc_v1,14/18,14,18,14/18/0.jpg,14/18/0.npy,014d9c0bd3ad8b4512e0fb4c88c715719991866ad74047279453a69c9e0daa48,48ee9201b7cbc84d382d25c55531e53eeeb3cf0475dd2ad87622444baff371d3,True,0.9707064905226881,,1,,True,,KEEP,AUTO_KEEP,,
1,dataset_qc_v1,14/19,14,19,14/19/0.jpg,14/19/0.npy,a32e384e5dd2dfff2e48024e500d700131c40f8f0787e22fbbd699968cc506b8,47d940b3e10e55266a25f8fc26400e51e1865f072a346b48b2f596d1fae89651,True,0.9818675613068136,,1,,True,,KEEP,AUTO_KEEP,,
1,dataset_qc_v1,14/2,14,2,14/2/0.jpg,14/2/0.npy,a1607a90e77c7fc770baad5c1a306cd6b8e244767c2a0c77475514df46f3cd2d,0bfdbf32581a636c99e9701b764aec24d0e4fc856a96012fd12813b03bf80d5e,True,0.9824678906311559,,1,,True,,KEEP,AUTO_KEEP,,
1,dataset_qc_v1,14/20,14,20,14/20/0.jpg,14/20/0.npy,5919268aeee076b7623bd986f4f402d82fd829838d2518dd4ef959e078ba9be2,c40cf810eec3da91d49df21a640478d2e10b75ba0f4bb68b01999c0281f0da84,True,0.9682342379669913,,1,,True,,KEEP,AUTO_KEEP,,
1,dataset_qc_v1,14/3,14,3,14/3/0.jpg,14/3/0.npy,46f54bad58c3196e6dc48e8586459f76efac32d06bfb13ad65bf634ba943d042,3926c59c513cec8bd558f931b6e284ebe0df0e4826bfdc7c3ab3b0f469814be7,True,0.9680709186475249,,1,,True,,KEEP,AUTO_KEEP,,
1,dataset_qc_v1,14/4,14,4,14/4/0.jpg,14/4/0.npy,44e94521d16171b4fd6a570854bdbe07fad26a6efb3a320bdc6133132c8e5dd4,bae0052cfd85d435d433033980f01b87438463d88318a9330ac1b9f9989cd854,True,0.9810954510929192,,1,,True,,KEEP,AUTO_KEEP,,
1,dataset_qc_v1,14/5,14,5,14/5/0.jpg,14/5/0.npy,db3982a8288a98983f85c1f885e034a234b9158a3c03b9dae5174afed559a0ce,c9b37dcb82614d064c43c8e7e9ae565b07d92cfa66c6eb4b899646f99dd143d5,True,0.9346239761727476,,1,,True,,KEEP,AUTO_KEEP,,
1,dataset_qc_v1,14/6,14,6,14/6/0.jpg,14/6/0.npy,6adca47d9b626acbbc62c4081ff5fe0f810f80977f22b6e1d1b8d69e7f02539d,30a314613666ec278c062022f8509fdf097b66dc258a9fd36335ba171de161b3,True,0.9747785433070866,,1,,True,,KEEP,AUTO_KEEP,,
1,dataset_qc_v1,14/7,14,7,14/7/0.jpg,14/7/0.npy,540c578cf17c518879d35e85cb917c5aba640801b82c09ffc96eb488585d0e7d,fd2925bf852225e5a4d0e3b4f01b1a399deef7194f33344b2a331f026a12eb4d,True,0.9792589525978058,,1,,True,,KEEP,AUTO_KEEP,,
1,dataset_qc_v1,14/8,14,8,14/8/0.jpg,14/8/0.npy,398d12c3e2bd911beb931f3f8a1c3c4ef372a074b4e4526bd090755f5bfced5a,8784c5f04a2ac494b4a4b1f86109a108073de9e09792c7d9328892e31ec48c47,True,0.9734262125902993,,1,,True,,KEEP,AUTO_KEEP,,
1,dataset_qc_v1,14/9,14,9,14/9/0.jpg,14/9/0.npy,cf5f0027b3985c8a9c555c6c66b9a4d3f34a2069e776b549387e3f55f13c1377,a00ee7a4267e95f1101c8b0e9d442bfae7832edf14d283d6c909029815a75d60,True,0.9882978105581044,,1,,True,,KEEP,AUTO_KEEP,,
1,dataset_qc_v1,15/0,15,0,15/0/0.jpg,15/0/0.npy,7085806d0faf64db45bbfcd426abcb37036ddcda8057b7872064cd0bdde98ac1,ea89c1a32c7244be0bd56dc9c707128cf2e76f6b9b4582cbd65712be498f0d4d,True,0.97589177043348,,1,,True,,KEEP,AUTO_KEEP,,
1,dataset_qc_v1,15/1,15,1,15/1/0.jpg,15/1/0.npy,493d0298070559723eec0229b5906a7bcfd82433467d776bc105159bc520ad13,454bc706396797170c5d630e76f205ffd0cd9a19dcd33f2d241d31fbf3f92231,True,0.9756393900735071,,1,,True,,KEEP,AUTO_KEEP,,
1,dataset_qc_v1,15/10,15,10,15/10/0.jpg,15/10/0.npy,620ee3bba33d7b6b13b9f1b6e53bfad517d389a95233299074679c7da0dabdc7,d837891ac49aeb1697896e99911a36e2c9f2c59ccea4b5cc8ab2fa36fd5eabb8,True,0.9678849088134854,,1,,True,,KEEP,AUTO_KEEP,,
1,dataset_qc_v1,15/11,15,11,15/11/0.jpg,15/11/0.npy,6d3209a5bc8205922a7b278e87c1f24ef5170381234fc5a544a0d6646ed90bb2,0c66e1d93488d521ebfa002454fa1ce0966d00750d4618646d4a6f165850774d,True,0.9634784325338072,,1,,True,,KEEP,AUTO_KEEP,,
1,dataset_qc_v1,15/12,15,12,15/12/0.jpg,15/12/0.npy,ab5638fc560db3c84559d05ed011a09a72153a539bdccbde98031e05dbe5d6b5,fa722157405815fc95ef2afca77057b699a4053d9d11fa4ee079df7d8d762228,True,0.9738276371068468,,1,,True,,KEEP,AUTO_KEEP,,
1,dataset_qc_v1,15/13,15,13,15/13/0.jpg,15/13/0.npy,fb40c18151664edbc671ebae3b7d2afa0b7ac738a6c03d1692563200b9db8446,d2e2c87206e8bd7715d9b3cc350b50336e258912b906747f12ad062d13fe3938,True,0.9654529235260725,DUP-9bc17910cfbc,2,15/13,True,,KEEP,AUTO_KEEP,,
1,dataset_qc_v1,15/14,15,14,15/14/0.jpg,15/14/0.npy,fb40c18151664edbc671ebae3b7d2afa0b7ac738a6c03d1692563200b9db8446,d2e2c87206e8bd7715d9b3cc350b50336e258912b906747f12ad062d13fe3938,True,0.9654529235260725,DUP-9bc17910cfbc,2,15/13,False,EXACT_DUPLICATE_NONCANONICAL,EXCLUDE,AUTO_HARD_EXCLUSION_PENDING_HUMAN_CONFIRMATION,,
1,dataset_qc_v1,15/15,15,15,15/15/0.jpg,15/15/0.npy,f78eb5be78754653891bfb46502463ac55c273a935da2ea8c037f73de92b0c54,921341c9402774f171e54f077876fe296745e706d8882568598486a0338b93ac,True,0.9646656905807711,,1,,True,,KEEP,AUTO_KEEP,,
1,dataset_qc_v1,15/16,15,16,15/16/0.jpg,15/16/0.npy,0fe5c7d7ce309a6414c99728a60b67016d83fec4b263c036f30cf0555d8a2761,76aefdd14d8bb949f43394e5e9bbde79416864d4e518d07913fc0e1a1afffa9c,True,0.9821104920453783,,1,,True,,KEEP,AUTO_KEEP,,
1,dataset_qc_v1,15/17,15,17,15/17/0.jpg,15/17/0.npy,52310cb0babf7ef8047d50dd33f361c400ac385739c08cc5d17471164271daa4,d9470f1e9bff9fb674794ccd779c7163f3757ef05a7d24b0b9cce9adae059b82,True,0.9750037196845708,,1,,True,,KEEP,AUTO_KEEP,,
1,dataset_qc_v1,15/18,15,18,15/18/0.jpg,15/18/0.npy,9e5d04b326b62ad90d3ce9bc6da7858d4d87b06f43d7421328f1b52da34fc52e,fa26f6f1fbcde0680987734622eef3956342aa2ffd69e86560bbaa6381c60792,True,0.9773835055566388,,1,,True,,KEEP,AUTO_KEEP,,
1,dataset_qc_v1,15/19,15,19,15/19/0.jpg,15/19/0.npy,d67131f78ec07a14e615c68f42129452365b7971539ddd15a5e61cf860a9b47b,d051943f6cfa05535da941b708f13b0774103e8bfd5f0b40cb793377e9a2b0d3,True,0.9775683421516755,,1,,True,,KEEP,AUTO_KEEP,,
1,dataset_qc_v1,15/2,15,2,15/2/0.jpg,15/2/0.npy,3486326a68046f7aaaddc9e3542389c41c2953aa08cbce2d9cd9388aa78abc23,d5602c4a9504d86fc5226b4299aeba82c55fcb542b8f794c02cc2abe2d52c1a4,True,0.9816021082989409,,1,,True,,KEEP,AUTO_KEEP,,
1,dataset_qc_v1,15/20,15,20,15/20/0.jpg,15/20/0.npy,45bc1d6e2e2288ff7e68c9981b899a9af9f4fd3ed60e7594ec92ac083b874873,758b7c083ce6dc4a6ee3b2a99933bcf093412efb720e09411effe8de31c9374f,True,0.964402855489099,,1,,True,,KEEP,AUTO_KEEP,,
1,dataset_qc_v1,15/3,15,3,15/3/0.jpg,15/3/0.npy,8c826343af45b1fe3106c8c9aba96fde1cd4e4b51af80c35f944791d4a3db6e1,db634af9cc4fc41fdc25a17abab0107834003616caf12db776f1bff59d6b2cd6,True,0.9660087719298246,,1,,True,,KEEP,AUTO_KEEP,,
1,dataset_qc_v1,15/4,15,4,15/4/0.jpg,15/4/0.npy,50ed881682945b3a9d35002bc35a2e0b32f4afb7be7b00ee180d1d180218417f,7c40cbcea6c9b2c1d08c2bd4a7408fe5bcde37909269f4a04261336d11dd7cb5,True,0.979232194407342,,1,,True,,KEEP,AUTO_KEEP,,
1,dataset_qc_v1,15/5,15,5,15/5/0.jpg,15/5/0.npy,6e317e9a94decd064972c3ac277f79840d99b7391a224d7af982298ce4c96252,72ec758e164d0817ddb2cb3a805a043229850ad5275d7e599ddf0db0c132c55c,True,0.9428220104518905,,1,,True,,KEEP,AUTO_KEEP,,
1,dataset_qc_v1,15/6,15,6,15/6/0.jpg,15/6/0.npy,85de4fc86a722578ef8b3a1ff77282c5e5a263bf9447b8577f821f3508b33efd,822bb3049a46a32e56b82d320441a9f47eb8a0ef36bf40c71ec8fef7405113c7,True,0.9749313428631786,,1,,True,,KEEP,AUTO_KEEP,,
1,dataset_qc_v1,15/7,15,7,15/7/0.jpg,15/7/0.npy,796058249f804ee797302dc13c5be0802e34a8fb26fb998a25f56f938bde1044,8371c6b299dd4b50c06ff1fdc89cbb5304c1a4f6277388cf8b1d6d0fc87085e0,True,0.9797387593223261,,1,,True,,KEEP,AUTO_KEEP,,
1,dataset_qc_v1,15/8,15,8,15/8/0.jpg,15/8/0.npy,9c693f57e0e37ffba3cff49bdebd8969d73ebc5f9c21cd1b25f87999c4b97f5b,3928c4b9d42c6178c3ac09c0e54b235310f0900a9abd3303ab1f893ccd0cdfa4,True,0.9764383887665854,,1,,True,,KEEP,AUTO_KEEP,,
1,dataset_qc_v1,15/9,15,9,15/9/0.jpg,15/9/0.npy,df90db27ba5beb9c753e3bec24456257915cf4114885ed6b985db1400662ae2c,79a42f7b5f4bcb017256f45abd2108602a769bbd70ff6deb778dfb15aad06349,True,0.9853014272527161,,1,,True,,KEEP,AUTO_KEEP,,
1,dataset_qc_v1,16/0,16,0,16/0/0.jpg,16/0/0.npy,e49a2433a84c3c2ad1dbf79dd2bbcf46f20aff96f44e9d70e191d999967b7065,8ed8e6b79f1729fc57c4b76086422db7859a01f2e5f808eda422d4b467dd6901,True,0.9824676174277116,,1,,True,,KEEP,AUTO_KEEP,,
1,dataset_qc_v1,16/1,16,1,16/1/0.jpg,16/1/0.npy,259ebc5fb095e665a6ac4b1ffe9c88263b6ee21dce152b4ffeead8e4dcb23dd2,8297153a9192b1533f656f33d3069b51455d61512aab358d43bcb89405b0d492,True,0.9836344073843366,,1,,True,,KEEP,AUTO_KEEP,,
1,dataset_qc_v1,16/10,16,10,16/10/0.jpg,16/10/0.npy,7756d7ee1fe503b5e387e0df37a35b0952de17db65afa2c16ea84eaba27a5afe,ffb5c6e313fbb55ace709f55cad9b3726e0b8a2a90e6d32784d9978ef48460a5,True,0.9748095270780425,,1,,True,,KEEP,AUTO_KEEP,,
1,dataset_qc_v1,16/11,16,11,16/11/0.jpg,16/11/0.npy,03dcf676931bb2cd67560cae59ac75b595e1d7094d5d52857bfbddb219f67028,93e4dadde2bd28f8e56b8def97d159ee0f0644a7331e12a503388e92e30e3b66,True,0.9765254088271497,,1,,True,,KEEP,AUTO_KEEP,,
1,dataset_qc_v1,16/12,16,12,16/12/0.jpg,16/12/0.npy,3539358467d2c68bc8ecc2dc1d8cee5d006476341a022b80c5c89651aa38d733,77a462f93b345bf2ba9c5fa8b9901af41c4142c36950b813b24a71ba2f75b977,True,0.9674033557543056,,1,,True,,KEEP,AUTO_KEEP,,
1,dataset_qc_v1,16/13,16,13,16/13/0.jpg,16/13/0.npy,c12267f6e2de19783531f38dbc7b7d70b4f061d7880bdca68f75f10b044dff45,a8c4b13fb092f6b86b28a178a0ac03be9346a0bd2a97626a22f614a4d7d3a3a0,True,0.9780833391498569,DUP-d7f113f98872,2,16/13,True,,KEEP,AUTO_KEEP,,
1,dataset_qc_v1,16/14,16,14,16/14/0.jpg,16/14/0.npy,c12267f6e2de19783531f38dbc7b7d70b4f061d7880bdca68f75f10b044dff45,a8c4b13fb092f6b86b28a178a0ac03be9346a0bd2a97626a22f614a4d7d3a3a0,True,0.9780833391498569,DUP-d7f113f98872,2,16/13,False,EXACT_DUPLICATE_NONCANONICAL,EXCLUDE,AUTO_HARD_EXCLUSION_PENDING_HUMAN_CONFIRMATION,,
1,dataset_qc_v1,16/15,16,15,16/15/0.jpg,16/15/0.npy,1f21330e6dee3a279b275a03f630cb68714a778caa186cf53c726474225ace30,760b8edc0c0bc10a15594dd000431084a4b543d84cc50c895a13212f8541d773,True,0.9676965193586234,,1,,True,,KEEP,AUTO_KEEP,,
1,dataset_qc_v1,16/16,16,16,16/16/0.jpg,16/16/0.npy,f56b5a23f04d1a4f076e1295ab4fffa57bc8ddb6bb4c6c41ef18723810a5baef,d1edb4094d5f8524d51a39d362745e5692a0dff2683e6219f26cf94fb4877edf,True,0.9834782970577219,,1,,True,,KEEP,AUTO_KEEP,,
1,dataset_qc_v1,16/17,16,17,16/17/0.jpg,16/17/0.npy,ad0bec16f85fb3ffcedacd88a320481e909bcab30061975c3bb2605982f5da83,75c313fd12877ae38ddf9c28edb7793b77a22963342ce371513a7e2b234cc976,True,0.975152554540741,,1,,True,,KEEP,AUTO_KEEP,,
1,dataset_qc_v1,16/18,16,18,16/18/0.jpg,16/18/0.npy,c2e6efeac48a33761fa568d2efcc91c430375602d2b293d405ef067177d27995,b0d862d26f078c070bfeeecbc050161fbee544f3984ea13685d21f8919d4808f,True,0.9706854749834692,,1,,True,,KEEP,AUTO_KEEP,,
1,dataset_qc_v1,16/19,16,19,16/19/0.jpg,16/19/0.npy,f12e4967c3d716ee1c860e99c0eb4ee665acc1077a7a806eee00c5ae2dc51b83,32102f275fdaee56848fafdbc482b018b8e43b56217b82ef23e4a098d679c3e7,True,0.9839050397344331,,1,,True,,KEEP,AUTO_KEEP,,
1,dataset_qc_v1,16/2,16,2,16/2/0.jpg,16/2/0.npy,b1269ea4aab3e80f52761e5dabf593bb5e7fd811ec8104e05dc28185590b6392,e2cda81d82ce86d3777d7a63da32f1f83c49f899c1c9cacca0017eeb644a5038,True,0.9752807886605522,,1,,True,,KEEP,AUTO_KEEP,,
1,dataset_qc_v1,16/20,16,20,16/20/0.jpg,16/20/0.npy,15d328550038ad8d388f4278d53dc45be21ffbb576ac2d99fc889ad4daff4daa,ffd6f735c6ef0dc4d3cdd67c38cbcf961df5011390659be5703fd95c88e24cb8,True,0.9659512111024912,,1,,True,,KEEP,AUTO_KEEP,,
1,dataset_qc_v1,16/3,16,3,16/3/0.jpg,16/3/0.npy,0a127d9f6e63699d85a940c6fe4f87ebe0f400e8bdada07aa0d79ed4a3e844b9,7574dc9a1b3647f04c0fb1d8e27780496e938226251d550317009303f5fca149,True,0.972390713239908,,1,,True,,KEEP,AUTO_KEEP,,
1,dataset_qc_v1,16/4,16,4,16/4/0.jpg,16/4/0.npy,771ecdf582ead2d6e68abe32a7a839783bac0231f4d3c6e5612d6f6325cad422,8d95648a59391120a38b2a9a94d3ac303ca53e679eb2c9761bcf3af832b5350d,True,0.9803389148690099,,1,,True,,KEEP,AUTO_KEEP,,
1,dataset_qc_v1,16/5,16,5,16/5/0.jpg,16/5/0.npy,c4dfe7c043d9ab6ca3dbf7f08361f109089b5f2bfb0604da1e0a0d582d2c5d55,b0ed8751008cd1c603a33211fa88b64a90f0972c2247d87dd7d114e70aea90a2,True,0.952973229092632,,1,,True,,KEEP,AUTO_KEEP,,
1,dataset_qc_v1,16/6,16,6,16/6/0.jpg,16/6/0.npy,b23de11526a7d0a9f19181a67ee97c8d089a37d37fd96472282116f3c3faf953,bc253e6822f7e0764b40ce76f14cffd4281aeeb147ff14b376da8e399698eccb,True,0.9773507206588882,,1,,True,,KEEP,AUTO_KEEP,,
1,dataset_qc_v1,16/7,16,7,16/7/0.jpg,16/7/0.npy,e43793e94893820653a3087fa2a954c8af5439faefbbbbe290a1b3003d038ce6,079e1e432bbb7913fc80c3528a7c371762b57cede823bdf8704726c8d005e091,True,0.980469619407968,,1,,True,,KEEP,AUTO_KEEP,,
1,dataset_qc_v1,16/8,16,8,16/8/0.jpg,16/8/0.npy,e7020ee63cec0e2d67a7299b462cc5808ad8be1a598e98778069e206f9804a4c,0882a09409d19684184e3258604d8502205f669194286cb3ade7f026f10b01b7,True,0.9822443181818182,,1,,True,,KEEP,AUTO_KEEP,,
1,dataset_qc_v1,16/9,16,9,16/9/0.jpg,16/9/0.npy,37ce71beefbc5f53d539bcac9a7dfc63869115b4d6a79a7bc725ec0eaa8fd6f4,4f57a879e6825e2d47e1e492a7ad4f386298e03e0ca57d5652977767d0d4a95a,True,0.9823810607785113,,1,,True,,KEEP,AUTO_KEEP,,
1,dataset_qc_v1,17/0,17,0,17/0/0.jpg,17/0/0.npy,b8e8df284447ff79867d2716a8005e5d6398e1b21776a2505770baefcddc48d3,93a7d8d0af0e17c66a603ba509c9e673329fce5cd888c0150f8e6b15a91ed898,True,0.9729395823369998,,1,,True,,KEEP,AUTO_KEEP,,
1,dataset_qc_v1,17/1,17,1,17/1/0.jpg,17/1/0.npy,1df13999980ff60f9d10a33a675ebeb85eaef67d98cea3f9369c111bbe9e0a27,cd8897f9ea67dda64aa4e5e4cdbeb9c0d6a17a546a8ba0fa6510b734aa4d2feb,True,0.9684502356528971,,1,,True,,KEEP,AUTO_KEEP,,
1,dataset_qc_v1,17/10,17,10,17/10/0.jpg,17/10/0.npy,910ed4805647d98abc52c2d4ddbd43d87c944165b19e216809f5fd76801ef00f,793ba5009ccee0b53bc68910777fcba8f121fefb88754f7a486a5cb0a9ca4965,True,0.9657401052390757,,1,,True,,KEEP,AUTO_KEEP,,
1,dataset_qc_v1,17/11,17,11,17/11/0.jpg,17/11/0.npy,3474dacf38d01a8c8b4e9d3aa9edccd68ebfbf763a3bfbbf43b0d64cafc410cc,dcb4dc0eb1a9fa599e2018e96fae9bf164dedb1e3c2b1a43cfa823e9d457d093,True,0.9743522293831383,,1,,True,,KEEP,AUTO_KEEP,,
1,dataset_qc_v1,17/12,17,12,17/12/0.jpg,17/12/0.npy,c907efff69bad66af52ad8c7c5e6c99f179e5f728793f4e0687bbe63783cf90f,e5282b7d6446e5ba39529bda9329b526454c807f4fb481958f8f56ab631d0854,True,0.969394718882881,,1,,True,,KEEP,AUTO_KEEP,,
1,dataset_qc_v1,17/13,17,13,17/13/0.jpg,17/13/0.npy,bc6207d69ca60fb3ad4d5d9a48e0d419900c0ebdb550a262abad86ed3ca0ad83,1c946a435d5e769c4ad6c8921409b8122affecdbc8105e92da27b8c1a9c5665c,True,0.967885816235504,DUP-366dc0afdfa7,2,17/13,True,,KEEP,AUTO_KEEP,,
1,dataset_qc_v1,17/14,17,14,17/14/0.jpg,17/14/0.npy,bc6207d69ca60fb3ad4d5d9a48e0d419900c0ebdb550a262abad86ed3ca0ad83,1c946a435d5e769c4ad6c8921409b8122affecdbc8105e92da27b8c1a9c5665c,True,0.967885816235504,DUP-366dc0afdfa7,2,17/13,False,EXACT_DUPLICATE_NONCANONICAL,EXCLUDE,AUTO_HARD_EXCLUSION_PENDING_HUMAN_CONFIRMATION,,
1,dataset_qc_v1,17/15,17,15,17/15/0.jpg,17/15/0.npy,a0403e526cf99300d7837f387e4b93a4465950242b65b8f989b7ad1285efdbef,ad77395fddf02a902180d7f101a670460c8cd0b49b8103fc8f83ec70b4fd326d,True,0.9592752518838371,,1,,True,,KEEP,AUTO_KEEP,,
1,dataset_qc_v1,17/16,17,16,17/16/0.jpg,17/16/0.npy,2dae47a965a1fa7cf14524e3f233700caf11b1a66c7ada597d5a57ecc09390cc,82faed73797e5245605f9f0c25337723d2038ce0b6e13302cdef3fa4b0e62829,True,0.9843188591482606,,1,,True,,KEEP,AUTO_KEEP,,
1,dataset_qc_v1,17/17,17,17,17/17/0.jpg,17/17/0.npy,ea458d31c817a679d8f0ec6f2cac744b0949da485652b1f7e28ecbfc2f45a902,5e130baceb94bcacce5ab06ff4fdae7fc25dff667e6c7aae76cd9ab453aefed5,True,0.9705337450374945,,1,,True,,KEEP,AUTO_KEEP,,
1,dataset_qc_v1,17/18,17,18,17/18/0.jpg,17/18/0.npy,cb9ceba886950f2dd9ca0a1fbf370fccbe7aab6e5182532fa17a5e7254fcf4cf,de488e2762d03206eb07d596e5ee68145c61445147f756486c00acec53bc7b7c,True,0.9688433632095604,,1,,True,,KEEP,AUTO_KEEP,,
1,dataset_qc_v1,17/19,17,19,17/19/0.jpg,17/19/0.npy,4fb0c1d1ad3d090814c259123a8e447c57505979df83852f10b81137358228c0,44eb5de18bd1e3fe006620f88ebc4aa71f747072597eed6d68f3499fdcd0a9b0,True,0.9738804127783538,,1,,True,,KEEP,AUTO_KEEP,,
1,dataset_qc_v1,17/2,17,2,17/2/0.jpg,17/2/0.npy,dbdba9d787b2407a4c94626251bc5c4bc7bac79cb9468f783c06165709ce9103,6d3b5cb9dac8ae6c563c3ba6feea9ce469c0c4a460e0ca4aaf25f5dc0f0a135f,True,0.9804696152994167,,1,,True,,KEEP,AUTO_KEEP,,
1,dataset_qc_v1,17/20,17,20,17/20/0.jpg,17/20/0.npy,e522a604cd0be67243736e7d45da52c69f39529ddabb321c07da201d49c2b59c,116274dd41de1055c0d336fc66a4a828e1caaf7375699e061e2c65b02ca2f89e,True,0.951204767251058,,1,,True,,KEEP,AUTO_KEEP,,
1,dataset_qc_v1,17/3,17,3,17/3/0.jpg,17/3/0.npy,35f396252d385b4e0f782f22266701b73d4755395a25c9c61ed3adef29e950c8,bff880e54b70de1ab1565c6bc761980c0576ca7a8508eeccac0baff69039f3fd,True,0.9736066360457942,,1,,True,,KEEP,AUTO_KEEP,,
1,dataset_qc_v1,17/4,17,4,17/4/0.jpg,17/4/0.npy,ced7bff6c49f263ba3ff258e8b4d342a4ac764d4ed3f83873bd6e8fce33cfe11,081a8d418f18a1bcca9223ff06cf7e30c28e1b747d9d358d1718507c5b90b02f,True,0.9799610579263346,,1,,True,,KEEP,AUTO_KEEP,,
1,dataset_qc_v1,17/5,17,5,17/5/0.jpg,17/5/0.npy,e590d75ee502e4541c14b5b6baf9dcb151557d0d3626ef2283b0e509e55b91d5,68e221888a391861055585494435be91d569988804ead76f57deaa8bb80304a4,True,0.9462787403290835,,1,,True,,KEEP,AUTO_KEEP,,
1,dataset_qc_v1,17/6,17,6,17/6/0.jpg,17/6/0.npy,f588a53cc2e13ab7ed35a4d8333f4677f2120ed19411bc509a5c5bc522db4812,148764c32990d3e9cfa02327954895f63423a4b206de6227a18490bbff6ed38b,True,0.9765922420002058,,1,,True,,KEEP,AUTO_KEEP,,
1,dataset_qc_v1,17/7,17,7,17/7/0.jpg,17/7/0.npy,8a1c39ef512bdaa6c262172fc9ba20f399f71e2a713af7b2a7dd9988cab7fc8b,cd1eb1c62e539b658a3b94e4638d27ac316e124ac977a2b292dd6756e3817fae,True,0.9822850095302164,,1,,True,,KEEP,AUTO_KEEP,,
1,dataset_qc_v1,17/8,17,8,17/8/0.jpg,17/8/0.npy,f8c08c8ccee7deed8a3a4af28842def6c6a616b82aa504d1d66b53461bde86d7,ddbc7b540b17adc4e5231b473410f63af4cd862f423f7309eb28ed6366dacec5,True,0.9801425452148478,,1,,True,,KEEP,AUTO_KEEP,,
1,dataset_qc_v1,17/9,17,9,17/9/0.jpg,17/9/0.npy,648bb28ab8996004ccc73fa967eff7b4fbe6fd05d24887cc0701f5a4b6b169e8,1487f127505258013215f8c32db16f1ba745b2a647a9441005407eaf7f10ec17,True,0.984768670419313,,1,,True,,KEEP,AUTO_KEEP,,
1,dataset_qc_v1,18/0,18,0,18/0/0.jpg,18/0/0.npy,2c8f6165d261cbc71025623fadc65f0bf0e850d1ae01685919673cad7f8117b4,1589df40c79b7accb36ee9ecc0c19b862a8c82a5958c0d24f55025a120e053ff,True,0.9759633338991682,,1,,True,,KEEP,AUTO_KEEP,,
1,dataset_qc_v1,18/1,18,1,18/1/0.jpg,18/1/0.npy,244bfb207efaf9af4d12294d3d1f6f8dc6031fa7d72949f036bf4e4ce720d4c0,b2587f4017c5403456a983c30a3319a1e48906bf0efd83d46a7a52bfb05c1f05,True,0.9721688586769125,,1,,True,,KEEP,AUTO_KEEP,,
1,dataset_qc_v1,18/10,18,10,18/10/0.jpg,18/10/0.npy,ef111429ab9fb5fb57f86a401de65933783a3bde179fb6f5ba29a5c053fb3bdc,ced4684cee7e5cea5fab59d6c233cecda529293971fa414673949e2cd78dfadd,True,0.9721736730751541,,1,,True,,KEEP,AUTO_KEEP,,
1,dataset_qc_v1,18/11,18,11,18/11/0.jpg,18/11/0.npy,3c6678550842b49d85ef596ec29ab4fd8e610f2ec2470c8c62b4e6ddd94c8c79,203c9f9d838d694df2ad6d7c76c6aae0585423552278ab39d8cdc8772f7b9da1,True,0.9683228606594546,,1,,True,,KEEP,AUTO_KEEP,,
1,dataset_qc_v1,18/12,18,12,18/12/0.jpg,18/12/0.npy,aa0095eab839d30fadd2433e9efe6e7c9ab61b54bd344d18a049271a83b0edfa,53a7115bce80bd38cfd599672e485a6b8f5fa855e448636df4d0866b3f4374ae,True,0.9773210242118098,,1,,True,,KEEP,AUTO_KEEP,,
1,dataset_qc_v1,18/13,18,13,18/13/0.jpg,18/13/0.npy,efbcb00153d030418850a2edbc3ee719fb8b2f10abd7b8d36b3db3b906470e3a,6b3af0958409d33678f693a9c42027cdd8ed780889ff2a109dbd5e197bd09258,True,0.9773051124317937,DUP-38edaa5d8e97,2,18/13,True,,KEEP,AUTO_KEEP,,
1,dataset_qc_v1,18/14,18,14,18/14/0.jpg,18/14/0.npy,efbcb00153d030418850a2edbc3ee719fb8b2f10abd7b8d36b3db3b906470e3a,6b3af0958409d33678f693a9c42027cdd8ed780889ff2a109dbd5e197bd09258,True,0.9773051124317937,DUP-38edaa5d8e97,2,18/13,False,EXACT_DUPLICATE_NONCANONICAL,EXCLUDE,AUTO_HARD_EXCLUSION_PENDING_HUMAN_CONFIRMATION,,
1,dataset_qc_v1,18/15,18,15,18/15/0.jpg,18/15/0.npy,9b3a98064b529eedbcf3bb7a6dcb4b5b2989be5e6f834c218289673e502c36d2,1eecde92739c3882175c2d1f4757b1ed6b0c08d7d59b200d977e25f48fffab58,True,0.9604461824475928,,1,,True,,KEEP,AUTO_KEEP,,
1,dataset_qc_v1,18/16,18,16,18/16/0.jpg,18/16/0.npy,18f40c1ae7d6699e6aa2d88900e016e46efe4ae28339e945d85b2c9377f3e0c9,23302eb8c3a47ef01565410a647828e7a10cae87d17e3c9ff8daba047ab8622b,True,0.9843298626265146,,1,,True,,KEEP,AUTO_KEEP,,
1,dataset_qc_v1,18/17,18,17,18/17/0.jpg,18/17/0.npy,18704736c4c070ac6c72e0cca649d5ad9c4e9e364a4a9a881a207d2dec3937e1,7c27a615aae9e5cfe3b1bf959aaacd07c65adf472ad5c3980f8c9a2a781761b3,True,0.9779679218484775,,1,,True,,KEEP,AUTO_KEEP,,
1,dataset_qc_v1,18/18,18,18,18/18/0.jpg,18/18/0.npy,c4e3295db7213535ade8afff2fa1a16f3d3b32a9036c8a205b14c458b83344ee,8c619fc6027466c72bf8d82e1dc06c676788d92b4d0f4733ee5c4078a2c006fa,True,0.977781824804225,,1,,True,,KEEP,AUTO_KEEP,,
1,dataset_qc_v1,18/19,18,19,18/19/0.jpg,18/19/0.npy,9e710ec5e4a00873675416792aea3433a348c85cb48d606a06a4927d7c058fc4,cd9a9108f1df4b75956e461a494e4402921b0d2476b24762eed241ac6a00247f,True,0.9771478944870143,,1,,True,,KEEP,AUTO_KEEP,,
1,dataset_qc_v1,18/2,18,2,18/2/0.jpg,18/2/0.npy,08e2ace2482b3e919b1eb12bb25a54a651d325494a8adf939f24a036fe3a916d,998c2657a17bb0e621b8d566fdd61bd5501421e767ec000a28db13bbea798f34,True,0.979543514771069,,1,,True,,KEEP,AUTO_KEEP,,
1,dataset_qc_v1,18/20,18,20,18/20/0.jpg,18/20/0.npy,82dcd2f49e914abe6cfb021176797d4a861a21aacca64b3d175ec2759c5e5448,f93bc908b39dd1b88442fa6eb0a9a3645d6735eb6cd3d1cfcdeffa85187ef0da,True,0.9607331328377688,,1,,True,,KEEP,AUTO_KEEP,,
1,dataset_qc_v1,18/3,18,3,18/3/0.jpg,18/3/0.npy,b51e0a7e2d07a392dd9c60de4c9655555d4962f8dc26dea7a68cc3984aeb4120,ea4bad4f1650f6aadcc2956b544df1722920716f89a84561b1aafa3762d9d4fa,True,0.9681877266196894,,1,,True,,KEEP,AUTO_KEEP,,
1,dataset_qc_v1,18/4,18,4,18/4/0.jpg,18/4/0.npy,125c553e58b9a7af111c7b3fb82c51d6f0f95c0b3aa24339b1dec6d9e5373c82,2972324cb0e893e5a547bbb749ca0dbe9434ec774b3c63ca378caa0fd6e975bb,True,0.9830313063529134,,1,,True,,KEEP,AUTO_KEEP,,
1,dataset_qc_v1,18/5,18,5,18/5/0.jpg,18/5/0.npy,474bcbd573d0c97154fcee7eb8c78f67a320caf9d025dc49640f129ebe0c70e9,0c05170e26ed926bb6b4393269ed89b1bed73de900e4da8c89bdd3d7f8be2185,True,0.9514119601328903,,1,,True,,KEEP,AUTO_KEEP,,
1,dataset_qc_v1,18/6,18,6,18/6/0.jpg,18/6/0.npy,48b5d8f4c6081a95ca68e44139b5f35df3580b4c52d740d6aa9e5bcc7d97b695,b6e7713d12a34c651230bdc359b40a146db465550bdf2b1a8c8bcd87acf48508,True,0.9752887228260869,,1,,True,,KEEP,AUTO_KEEP,,
1,dataset_qc_v1,18/7,18,7,18/7/0.jpg,18/7/0.npy,e32a3a0a7fc9aed9ac21a4cd9965f6f1013a6d1a456cbd90a28b75af32022137,b9314c9ad35d9ccd9f813cddcc0c143fbffd2ede62b9df8a90be71d592fa32c0,True,0.9817416785633781,,1,,True,,KEEP,AUTO_KEEP,,
1,dataset_qc_v1,18/8,18,8,18/8/0.jpg,18/8/0.npy,44468c4fb942edd90914079a816b7f4a0c4f58bd5b82e754c7868b89265b7124,ed936eb523532050971348f205b635e93888428027976ca41f3d28c538f59569,True,0.9771430899608866,,1,,True,,KEEP,AUTO_KEEP,,
1,dataset_qc_v1,18/9,18,9,18/9/0.jpg,18/9/0.npy,21243a6353a3e3f3dfc9d241250554722108799f7e653d609e51681834b90074,daaefb2d7af4dec6a81f9021a0e0f92ee013e92a607782724a0ece8763677739,True,0.9831659775546367,,1,,True,,KEEP,AUTO_KEEP,,
1,dataset_qc_v1,19/0,19,0,19/0/0.jpg,19/0/0.npy,4f434465b6557d1ecbf54ad18304af2c452385b1a8170a30759ec99758cdd34d,06173cbf86b07b9eba00cda20675597bba7fd6098adb1d80ef44d06f349a6695,True,0.9690745518290667,,1,,True,,KEEP,AUTO_KEEP,,
1,dataset_qc_v1,19/1,19,1,19/1/0.jpg,19/1/0.npy,0e31dd70457e589c5ede5fd5fcc26db3503cf142c10b6147635f6816a5ed0228,bee490f9a2e850cd2b11f7a7096a5ddf36d3fa7214864eaa77178a987d9b8a15,True,0.9634688691232529,,1,,True,,KEEP,AUTO_KEEP,,
1,dataset_qc_v1,19/10,19,10,19/10/0.jpg,19/10/0.npy,959b58262bfc95fea1b5f47a12062d6c75ccbdde8f6f28887b15eef76cd1feac,eccdfc59a394a48061b8753fedccee9af181cba64ce289ea13e1523633ecb185,True,0.9522881739918442,,1,,True,,KEEP,AUTO_KEEP,,
1,dataset_qc_v1,19/11,19,11,19/11/0.jpg,19/11/0.npy,0e922dab5eff4488791f54fc65996e7ff78141a1e3a019a1538987d183c46ca0,30ee1f3a38b8ebdba48904f911e4f494aff876b1d6623e3b0b28509f69fa5e20,True,0.9661662817551963,,1,,True,,KEEP,AUTO_KEEP,,
1,dataset_qc_v1,19/12,19,12,19/12/0.jpg,19/12/0.npy,08c5815ea5a25cd08d13b6bf5c3d8be766c9a7964685afc2ed40f370fa1e5abd,6e03cabe04c383cc92fe650898a39b55f9365dab2f511335684229f8bbebae92,True,0.9660147244738604,,1,,True,,KEEP,AUTO_KEEP,,
1,dataset_qc_v1,19/13,19,13,19/13/0.jpg,19/13/0.npy,d4b795359a69e447ed462f91aa39d2416aefb6563da4a258214e57d2f2620e58,5bf9fa994b719982ee0b63d9da3fea743c3c4622d54de32e4ca145e01ff5a637,True,0.9706565950029052,DUP-38d3e03600c2,2,19/13,True,,KEEP,AUTO_KEEP,,
1,dataset_qc_v1,19/14,19,14,19/14/0.jpg,19/14/0.npy,d4b795359a69e447ed462f91aa39d2416aefb6563da4a258214e57d2f2620e58,5bf9fa994b719982ee0b63d9da3fea743c3c4622d54de32e4ca145e01ff5a637,True,0.9706565950029052,DUP-38d3e03600c2,2,19/13,False,EXACT_DUPLICATE_NONCANONICAL,EXCLUDE,AUTO_HARD_EXCLUSION_PENDING_HUMAN_CONFIRMATION,,
1,dataset_qc_v1,19/15,19,15,19/15/0.jpg,19/15/0.npy,d77ebc0060586c6fa0b463d83b8441dd24f46ecbb62530bdc21de3fc65aa69e7,a919c0f5cf841e97e4c26b320892a14eccac3357180960b184e747a19d87d847,True,0.9492069865488858,,1,,True,,KEEP,AUTO_KEEP,,
1,dataset_qc_v1,19/16,19,16,19/16/0.jpg,19/16/0.npy,9ca06aa9f9e7a04a2f342cb020c40369fa4f162f49bd53b354e2f7359504ef54,3b3906fabcd0ee2d30a42a3b0955134c0ce88935a00da53632d6db37324553fd,True,0.9726913796885281,,1,,True,,KEEP,AUTO_KEEP,,
1,dataset_qc_v1,19/17,19,17,19/17/0.jpg,19/17/0.npy,fa132188351728ab04c3bcb8bca4782050c12357efec2f75e46283052442813c,02519c0b6396ab9bdf97528b92b4fc85907ceea2e1ea4793bbee580c62c61171,True,0.9669621547903171,,1,,True,,KEEP,AUTO_KEEP,,
1,dataset_qc_v1,19/18,19,18,19/18/0.jpg,19/18/0.npy,7964b90e40e5f32c1c4bf0a013f4c5ca857c7e303b35ec31a3acceaa028f5d95,1560cb957b9ba5b7d98e7c2f4eca1f6e0ef8d1d0e068add5ce21533e34500dc1,True,0.9646707960541409,,1,,True,,KEEP,AUTO_KEEP,,
1,dataset_qc_v1,19/19,19,19,19/19/0.jpg,19/19/0.npy,a4c122ef8e9393a29f423732745bf41801c34f4db4ce73860dff819d6bfe7c40,f2bfb06485c83c75aff5221a302c4fde236ec0bf18b3cefd85755b225e52c033,True,0.9677081927385612,,1,,True,,KEEP,AUTO_KEEP,,
1,dataset_qc_v1,19/2,19,2,19/2/0.jpg,19/2/0.npy,3a137f7ee7cf06621b5a661eadc55505a849d7fe00a3891e6385fcf0b975c731,1a69fb1541fd5441bcac4f592306e67b625239d108a371141f0cf648f37aeab9,True,0.9743384343406442,,1,,True,,KEEP,AUTO_KEEP,,
1,dataset_qc_v1,19/20,19,20,19/20/0.jpg,19/20/0.npy,209e110cbf6c5d71236b1401d5c11444f452a2d8e7ff32542ab87e1bb77e5ce7,e6cd182ce0685f9f3ea8518f1d130d7893c7ad2fb336b896ff9d012bb0543623,True,0.9456084038517654,,1,,True,,KEEP,AUTO_KEEP,,
1,dataset_qc_v1,19/3,19,3,19/3/0.jpg,19/3/0.npy,24f81859f3d4df735396c6797667e710b5d8b6bc570fcbab2eaa7b0515258ab6,7773141ff300f34d24ffb02d693e2029c7eaa863158083aeefdeb2d92bcda7d3,True,0.9538816295157571,,1,,True,,KEEP,AUTO_KEEP,,
1,dataset_qc_v1,19/4,19,4,19/4/0.jpg,19/4/0.npy,50db6ab8fc92f0b12e096f213ce4fde80352225b47c7910072e45736313a3728,cda11709490e655b0692bb6e07132845738ccdf2035625329e7e9d6c5dc40f07,True,0.9692312283633759,,1,,True,,KEEP,AUTO_KEEP,,
1,dataset_qc_v1,19/5,19,5,19/5/0.jpg,19/5/0.npy,75e55a38ccdae1e78e77b1d3f694c12f6392489dc361dd0e2b5117288301cf4b,75ac657db37e697246cd673c59ef0b77f7c0e1f6af2cecada8b92744fb0e6786,True,0.9176013075579101,,1,,True,,KEEP,AUTO_KEEP,,
1,dataset_qc_v1,19/6,19,6,19/6/0.jpg,19/6/0.npy,d9a537bb616370b5ded353e971245ab4d246c8405478800f8401b6230759c2d1,712c06ef025071e3af369250d923c9ae8a412a9d7e06151294f7315aad929521,True,0.9595533107094941,,1,,True,,KEEP,AUTO_KEEP,,
1,dataset_qc_v1,19/7,19,7,19/7/0.jpg,19/7/0.npy,77fd9f280f469041dea77fb9056e934dcf04a45c3f341ae438c1e747872bb145,a2a9a3b5a1cdfe9b81ae2dc39c8edd7a339df590b825494917fc5b477de83c13,True,0.9690086885133748,DUP-b8139e1cce7b,2,19/7,True,,KEEP,AUTO_KEEP,,
1,dataset_qc_v1,19/8,19,8,19/8/0.jpg,19/8/0.npy,77fd9f280f469041dea77fb9056e934dcf04a45c3f341ae438c1e747872bb145,a2a9a3b5a1cdfe9b81ae2dc39c8edd7a339df590b825494917fc5b477de83c13,True,0.9690086885133748,DUP-b8139e1cce7b,2,19/7,False,EXACT_DUPLICATE_NONCANONICAL,EXCLUDE,AUTO_HARD_EXCLUSION_PENDING_HUMAN_CONFIRMATION,,
1,dataset_qc_v1,19/9,19,9,19/9/0.jpg,19/9/0.npy,8a23622675db0e0c0e4891308995366aa113d8bf465062eeaf79900c7c956218,b67a76811bf6cc55c8f77bbb8e10c45778552ab9796af5ca1a766b13fe3585d0,True,0.982442498158304,,1,,True,,KEEP,AUTO_KEEP,,
1,dataset_qc_v1,2/0,2,0,2/0/0.jpg,2/0/0.npy,7c0bfec99d7f65fe41727a41c0aea8bf045d29c6a66192ad23be5c9f595f7aea,1ed5a750166ece9f32789ab4a5423000f3f579222a753836c8eff8409266a7a8,True,0.9747593026281551,,1,,True,,KEEP,AUTO_KEEP,,
1,dataset_qc_v1,2/1,2,1,2/1/0.jpg,2/1/0.npy,176d09f6c953dd99205648af150f981f11e60f9741cd98f15e3b505c6348d468,96799f42fc94960a68c53bea12dd9ff44305cfe0af82534d3ef775f1fa5abb62,True,0.9764759795310471,,1,,True,,KEEP,AUTO_KEEP,,
1,dataset_qc_v1,2/10,2,10,2/10/0.jpg,2/10/0.npy,320207f2a2551ddb0ac1cfe6b4988a12f029094911a1b71bb2257708bc585b76,8e698428e534949256866254c6e4dbb79f57908cb57b27a757236b65f2c84dbf,True,0.942380866098931,,1,,True,,KEEP,AUTO_KEEP,,
1,dataset_qc_v1,2/11,2,11,2/11/0.jpg,2/11/0.npy,32881ed18bdc8f34bfb199125005b3c8fc1203b77e96109724fa3e7ae14f3be0,f92149547a75744beeb9e0595dfdd01aa682422d4e62d7eb31660bb6f7613db9,True,0.9670284938941656,,1,,True,,KEEP,AUTO_KEEP,,
1,dataset_qc_v1,2/12,2,12,2/12/0.jpg,2/12/0.npy,d82f530789d74882906b84d84ddd0c9395169f846ea8e87bb6f41249507af5ed,6271ab068b0a97b509fa24eb3ba21a63cd7d789d534dc20187cc24479f6f655e,True,0.9515262860373093,,1,,True,,KEEP,AUTO_KEEP,,
1,dataset_qc_v1,2/13,2,13,2/13/0.jpg,2/13/0.npy,223cd74e8dce8d84bc11e93e3693570a3646a45c596e5194930a2ce9de00d1df,252389594c4d19d564981174580e6828f492a6f4aafccd683e376d35921b33e8,True,0.9679817038307604,DUP-23dbadfa49fc,2,2/13,True,,KEEP,AUTO_KEEP,,
1,dataset_qc_v1,2/14,2,14,2/14/0.jpg,2/14/0.npy,223cd74e8dce8d84bc11e93e3693570a3646a45c596e5194930a2ce9de00d1df,252389594c4d19d564981174580e6828f492a6f4aafccd683e376d35921b33e8,True,0.9679817038307604,DUP-23dbadfa49fc,2,2/13,False,EXACT_DUPLICATE_NONCANONICAL,EXCLUDE,AUTO_HARD_EXCLUSION_PENDING_HUMAN_CONFIRMATION,,
1,dataset_qc_v1,2/15,2,15,2/15/0.jpg,2/15/0.npy,3cd1265434d58b676df797c499496055c57e5b5d05f53e99f3a46623a43a6174,dc59db9aa71185c49522e6e3e666c00fa453293a44a85312a2d8dd861fa45ce0,True,0.9443037974683545,,1,,True,,KEEP,AUTO_KEEP,,
1,dataset_qc_v1,2/16,2,16,2/16/0.jpg,2/16/0.npy,c288113a5b6de91773b60f9a3ac813a45824b2a1b24788940b1e973cdf043f85,a6c2e9b8ebf23afbbda6bf0349f7cf8ae7895e976a4a341435032d4c74045d69,True,0.9780305723426946,,1,,True,,KEEP,AUTO_KEEP,,
1,dataset_qc_v1,2/17,2,17,2/17/0.jpg,2/17/0.npy,4b1103b247d4714259b6cf6de6942934a93332ccbaa9ed4c8750ecadaf90426e,4be55b2d12ce9cdae173d85b8e97fd22ad135b77d3e9514079072757843e7ece,True,0.9731123096446701,,1,,True,,KEEP,AUTO_KEEP,,
1,dataset_qc_v1,2/18,2,18,2/18/0.jpg,2/18/0.npy,187e24a8ac9a55a19498b9b404e42c3b90fab00969c3d2f1985781c9b50100c6,dd22ed05eedb530800e3392a830d69b12655222c4722546549bbbfc428c84633,True,0.9699293888483078,,1,,True,,KEEP,AUTO_KEEP,,
1,dataset_qc_v1,2/19,2,19,2/19/0.jpg,2/19/0.npy,deb73d334505e281293e57248e014c447a724a182a0512a6c076869655615930,6b02db52e6e0ae69a7e110e93621c80bbea93a8d00b94313281e560c7646f31e,True,0.9751546882436934,,1,,True,,KEEP,AUTO_KEEP,,
1,dataset_qc_v1,2/2,2,2,2/2/0.jpg,2/2/0.npy,0acaa8743f86ae8cacb1e7d8c4e72dbae68ec09b9f4104ae6e25da39da1efac6,ef56bafdc5b804f87ff352a4282d55899f0bfe299f2ad8ebb39913872fab0f7f,True,0.9745499689633768,,1,,True,,KEEP,AUTO_KEEP,,
1,dataset_qc_v1,2/20,2,20,2/20/0.jpg,2/20/0.npy,18ff916f14589283175e2c0ef4c25eed72661917ac9d476ea9e22bb0976f0ead,fc6c9bcdf4c41479287656b7640aeab0d0415d3220e649d8d05f86e241b02113,True,0.9541147132169576,,1,,True,,KEEP,AUTO_KEEP,,
1,dataset_qc_v1,2/3,2,3,2/3/0.jpg,2/3/0.npy,2abab542192c44d3e2fb453a16b5b1c8b326c7ab69c6d890c267c90e5c761153,6fe99be7074269bbf06a5cd4f6c20530bb33953836b7a30b44f5b747e7b6df6c,True,0.9628423211485101,,1,,True,,KEEP,AUTO_KEEP,,
1,dataset_qc_v1,2/4,2,4,2/4/0.jpg,2/4/0.npy,05877fac6933bf3247bf3d76801d6b11a002cffe738cea99bbe34c1192c0fcf7,3fe08ca39d0ccd258ea7a078e96bb70741bc50f4ee27ffbab85dba0e242a33ee,True,0.9700925706147638,,1,,True,,KEEP,AUTO_KEEP,,
1,dataset_qc_v1,2/5,2,5,2/5/0.jpg,2/5/0.npy,e9e72892c0b82b2a92c713154525bc4af9d51ec3c3af71d59064462d934db6fd,2bdff08a47f309d8804c2cddaf15c6d7628cbf433171a8df1bb340d99e30a127,True,0.9255293258700413,,1,,True,,KEEP,AUTO_KEEP,,
1,dataset_qc_v1,2/6,2,6,2/6/0.jpg,2/6/0.npy,75831e0a0458ef15af02c0ef5234944092a809de4709626f40b803289596208f,4c8dc65504046fdd99b05ddf9ee3956f339255fc67af3b8f93a1362f8190659a,True,0.9741351438732622,,1,,True,,KEEP,AUTO_KEEP,,
1,dataset_qc_v1,2/7,2,7,2/7/0.jpg,2/7/0.npy,045b0544a7a0580048063cb7a615bdf614a8d00bbf408b047f334d4dac753875,096294fd5abef37e1f59a1abee77ea08b563365f5462f1fa295745d63bb6e7b7,True,0.9773423963747834,,1,,True,,KEEP,AUTO_KEEP,,
1,dataset_qc_v1,2/8,2,8,2/8/0.jpg,2/8/0.npy,f8d08ffc88a61ddf60b0393477bdaff745391bbc5dbbc8a8d6dde869aa9f4e10,feb719710cdbd7699bcc022b3e042616a5731d671d925b4be06b9f7c739d68d8,True,0.9682460307538442,,1,,True,,KEEP,AUTO_KEEP,,
1,dataset_qc_v1,2/9,2,9,2/9/0.jpg,2/9/0.npy,f50efa6416b01e0779c326cfb5796dbfa20c02320853fa4fde6acf9c7aadcbc3,70846cc0f02a47adfd0d0967a9bf98624387adaa82d8dd876e835ad29b1cd3a1,True,0.9676565377532228,,1,,True,,KEEP,AUTO_KEEP,,
1,dataset_qc_v1,20/0,20,0,20/0/0.jpg,20/0/0.npy,833da1782d524ad790e77c734b7541f7150e269645bbc8c20eb0267ce0b200cd,607a1c941bc0dc2e172c0ffa66e5920229a9acb4ce115b1f80e48204256ba5a5,True,0.9678450545317788,,1,,True,,KEEP,AUTO_KEEP,,
1,dataset_qc_v1,20/1,20,1,20/1/0.jpg,20/1/0.npy,a25186852dbda8dcc4fc2a5feaa4276b1c52be49b2b57f4358cbdbaa459a43da,fc62c71cde5ddf8b14c200e2120df8d059b5c77829b34abdc500f928d7e384f3,True,0.9780845934692088,,1,,True,,KEEP,AUTO_KEEP,,
1,dataset_qc_v1,20/10,20,10,20/10/0.jpg,20/10/0.npy,dc8e7bce0919cd81341dd1856880ae94fc38453116485152bb8140ab97fc0ffc,09bd3fcc74aa96506bb7c30e27b949ab5961097260d22f22df1c3c45a88fedfe,True,0.9838913455464309,,1,,True,,KEEP,AUTO_KEEP,,
1,dataset_qc_v1,20/11,20,11,20/11/0.jpg,20/11/0.npy,87c2848cae234565225091c55837d9ed775d85bca7bf9cd9b66b30d6de2041c3,c715e39055a5d02ce42de4e5df38ffcf821186143f4947955e16fedab9ba5199,True,0.9483466087376298,,1,,True,,KEEP,AUTO_KEEP,,
1,dataset_qc_v1,20/12,20,12,20/12/0.jpg,20/12/0.npy,b1f36fd52e3ab7fe21d45f9ff49558faaf1ca57d819a82d8eb5858508da4757d,7f488f5d20066164ee174de24c42e18da2895f0f174b37e22a7374b5f5a41f6f,True,0.9566681978257541,,1,,True,,KEEP,AUTO_KEEP,,
1,dataset_qc_v1,20/13,20,13,20/13/0.jpg,20/13/0.npy,6838c1a3f408661293015752bbfab465f137165bd7750599d64d9f3d510caeaa,8365da3106116db905aafa92478f495c96e36b1948845ab95807a22b7c1ac8e1,True,0.964963503649635,,1,,True,,KEEP,AUTO_KEEP,,
1,dataset_qc_v1,20/14,20,14,20/14/0.jpg,20/14/0.npy,e32322f36c2d3ffa44445397f5675871fbb2051022218a3b0b73b5603d57231f,d3ccd43efe1b13811e98640e6ca7ff49e9435fd2440dfdcf4e7d7c8e3877c5a7,True,0.9562855025932329,,1,,True,,KEEP,AUTO_KEEP,,
1,dataset_qc_v1,20/15,20,15,20/15/0.jpg,20/15/0.npy,199c0a69fb20ad2caf66e425e443d8d0bfb3c64669072d026dfd5f4045e8909a,b82c4b9c25237f6f58596cb835f0376a31aa4a5665de8092400d0a9ed69ab90f,True,0.9666183979879582,,1,,True,,KEEP,AUTO_KEEP,,
1,dataset_qc_v1,20/16,20,16,20/16/0.jpg,20/16/0.npy,fd1837259fbdcb05aefb6c91fca24a1e3b706b4c3fc8c0646a4b8a2e74fa2cd3,883787a7d850df00cb612686fe71c59abf05e397c882cc091d82391a738f1735,True,0.9862280603270835,,1,,True,,KEEP,AUTO_KEEP,,
1,dataset_qc_v1,20/17,20,17,20/17/0.jpg,20/17/0.npy,dcd342a1d4f046bb2e0d60f1fb52fe1a3d7aaba6d99e2723f272ea5f5cd086ae,bdd446fa467e7f702b179ff303acde3cfebecab9b99e638ee747aa0744c18d18,True,0.9779595151093324,,1,,True,,KEEP,AUTO_KEEP,,
1,dataset_qc_v1,20/18,20,18,20/18/0.jpg,20/18/0.npy,2941936f27927a366ad584b04dbcb902c38333fd4c84cf5f31346327fe190738,4e30312e695a9c70cf5d0c2331486961e9f7e5f7447806a5c388398435e05570,True,0.9727605676789257,,1,,True,,KEEP,AUTO_KEEP,,
1,dataset_qc_v1,20/19,20,19,20/19/0.jpg,20/19/0.npy,9f0b40edfb0aee55d54fc757fb9d9d6b38870effc7f950df0562ed98ee11563c,dbb8d8821cf291f8d9e639976a6ecd7611ab2848b057a2435485f610f6b516a1,True,0.9756346907479979,,1,,True,,KEEP,AUTO_KEEP,,
1,dataset_qc_v1,20/2,20,2,20/2/0.jpg,20/2/0.npy,7c0ebb27a908d3d4b2b94cdd69f49df7067b86b2dd5fe94da0a3bf4c58ac1e17,9c689020d7bdf2a2d8176956835e73bcc8366c3d2a1c66d20d648a15f28f3855,True,0.9808741916250058,,1,,True,,KEEP,AUTO_KEEP,,
1,dataset_qc_v1,20/20,20,20,20/20/0.jpg,20/20/0.npy,472c3873cc4617637867a55536247afaa58db868d20b570b0c1769ce66cf136f,955047cf3c4f78f065775511ef2eb0892a287705557308a12bd76bb6ab256338,True,0.9570017431725741,,1,,True,,KEEP,AUTO_KEEP,,
1,dataset_qc_v1,20/3,20,3,20/3/0.jpg,20/3/0.npy,debbc249329852be8f4e08807e92706a842cf65cd6bac3c38a96bf28c62eae60,7044b98a7db568432bb1f7ee2ec3c7dc25d3a07cdf21bf69d14f62a19c9fb166,True,0.9608345961067724,,1,,True,,KEEP,AUTO_KEEP,,
1,dataset_qc_v1,20/4,20,4,20/4/0.jpg,20/4/0.npy,c464c2cbe31bff7b6c5066634bb9727b012a30ea683d6c6375db4e77a49da078,c8d98674195ecc3b94c8f9e43f62d03942481571cb9a76df5df95293a7603183,True,0.9444848484848485,,1,,True,,KEEP,AUTO_KEEP,,
1,dataset_qc_v1,20/5,20,5,20/5/0.jpg,20/5/0.npy,acb15e4ad9351054b8f24fa5df61c342a0df7be5be130580b738ec9a4df67f88,d1298ad30e966afd33c0576eed0735545aad47f8555f3afdcb0a5d11ac62fe0c,True,0.9749798224374495,,1,,True,,KEEP,AUTO_KEEP,,
1,dataset_qc_v1,20/6,20,6,20/6/0.jpg,20/6/0.npy,d529a5e9e8ab74b0de402ec35b0d9c8a84d60f1c942280fb9a990b5c11f3f766,54ea8ef04b6a87e08d1a65a2f76401dee748c80d14d391ad286b41f8bceb50b2,True,0.9493731153785113,,1,,True,,KEEP,AUTO_KEEP,,
1,dataset_qc_v1,20/7,20,7,20/7/0.jpg,20/7/0.npy,5b5ba7045a7b040a3ed754a5485d7a3961bd0ee539bbba3351f315bc17027caa,8a64c61a3560206be96d61ae3d6c46aafc6f7468d36a98acf41bca74e208cfc3,True,0.9756030513366779,,1,,True,,KEEP,AUTO_KEEP,,
1,dataset_qc_v1,20/8,20,8,20/8/0.jpg,20/8/0.npy,b11e71c62c68cd8e256efd6017fc226eb09f72ac05a080dcb49ceb12d687f6d0,bdddf71c0d743531721565a9d9f586cc2be17ba5f8d3272e7a02d034a95eac3b,True,0.9826210514810362,,1,,True,,KEEP,AUTO_KEEP,,
1,dataset_qc_v1,20/9,20,9,20/9/0.jpg,20/9/0.npy,2b71a0c71c2b74122c2fae34cf2f2c43555a5b0e6c0bf94de106e70985ca7706,e3a3b2179cb544c396da78705aeb5d38c9b010a03117ce7aa55ec800a3bb5d3a,True,0.9704888643728884,,1,,True,,KEEP,AUTO_KEEP,,
1,dataset_qc_v1,21/0,21,0,21/0/0.jpg,21/0/0.npy,a7da0827bed7baa317d8f4fbc98fdedbbfe1de1d92493446f996ac60f6f539d3,7f9e3b3fc5b0bbc6f5788c2a50768933f9d1fd130fdaf3c3e1705ab281bf6ef6,True,0.9687091350644499,,1,,True,,KEEP,AUTO_KEEP,,
1,dataset_qc_v1,21/1,21,1,21/1/0.jpg,21/1/0.npy,932023cbd4bdf6279d79c5c4d9ba178d37d4635673ad9f2bed224a67e6208c57,d44fd8e9a0a77c1580638c169b9895d9de6f75aa4ff2a6db8585d392a78b3883,True,0.9769736842105263,,1,,True,,KEEP,AUTO_KEEP,,
1,dataset_qc_v1,21/10,21,10,21/10/0.jpg,21/10/0.npy,7526d167c6e03b60e9bf86d42a9c3ce227ee2463568096aa79bb04715a4ac207,fa47902b902eba8bc1c5b3ead87410b4b87038b0384a26e5f226311f6d276e0e,True,0.9790243317751408,,1,,True,,KEEP,AUTO_KEEP,,
1,dataset_qc_v1,21/11,21,11,21/11/0.jpg,21/11/0.npy,b6734b6c1797606f08a761f30f34e99dacbd6834797bee5e541b06be81f1430b,9db46c36631c2d68a17e263e4d2a87770ce75c0c78c836594c8de92a4b6dad05,True,0.9409891742729781,,1,,True,,KEEP,AUTO_KEEP,,
1,dataset_qc_v1,21/12,21,12,21/12/0.jpg,21/12/0.npy,eb2d4f1ede13cf193e72ca87465e25dc5113236de95b529faeb94088f7529db9,f5eeb2fb2a98f44351d11fea8cc58e69795ad9d7ea229ceee8280ed7012c40fe,True,0.9822130566475479,,1,,True,,KEEP,AUTO_KEEP,,
1,dataset_qc_v1,21/13,21,13,21/13/0.jpg,21/13/0.npy,3c2a3fcc3d3c3fadf45b1a2d4f19ad3621e0a9acf7490d4fa2ea98431926d6f8,52c94e772b7fdef9787c39607d96a3264085d05767e34e540e33ccf8ab1fd0a0,True,0.9813725013374835,,1,,True,,KEEP,AUTO_KEEP,,
1,dataset_qc_v1,21/14,21,14,21/14/0.jpg,21/14/0.npy,d0eef339d4ba0e813fcb098b80f07ac01279152db83cee8449628257a7cd4b38,13d0d2d2d882a53e53a5edab48fe5062fd21f6053cac4d4ffa38c66234c1f314,True,0.9635706340378198,,1,,True,,KEEP,AUTO_KEEP,,
1,dataset_qc_v1,21/15,21,15,21/15/0.jpg,21/15/0.npy,31c4509f4dfe74ea762fba7e17700171bdc936ea9175da1153d80121a0e778f2,cc481d0b802d5eda0304369b7a7c906e9f6dea3b0a34641cd7ffa40e13f4bf63,True,0.9667527875985858,,1,,True,,KEEP,AUTO_KEEP,,
1,dataset_qc_v1,21/16,21,16,21/16/0.jpg,21/16/0.npy,dc94a18359664260ac162b255bbef79b2f303fe139c063b3a300b6226a264623,385e2d2b1b55102b6d8703e80c08f41921a18bfd6374178db0d884ca1d5a6cfc,True,0.985570588424334,,1,,True,,KEEP,AUTO_KEEP,,
1,dataset_qc_v1,21/17,21,17,21/17/0.jpg,21/17/0.npy,fefd780687defe37363f61b69ad6575c59503f38ebe34ef0a50fd94025d1100e,3831fd4946535bd9ebcff237562c8c16d4465baa857c25614751d4063fec4abf,True,0.9772435403503364,,1,,True,,KEEP,AUTO_KEEP,,
1,dataset_qc_v1,21/18,21,18,21/18/0.jpg,21/18/0.npy,88a829ba5a4e44cb2971268ef7492da66c733460c32184c88695d5a1f53d6245,ff6f2dfc32d53a8456c433503965431ef7943e1e2ebe7d2a5320f28431d9c90f,True,0.9729096298338733,,1,,True,,KEEP,AUTO_KEEP,,
1,dataset_qc_v1,21/19,21,19,21/19/0.jpg,21/19/0.npy,782f95da170e20c1ce1d0925add5133d8dd2f94435094aa1147f427c0f6d8b71,24e8213b2d35a1ff1cd946fe5435c917567098002442f9708ae93ea77d00b9ee,True,0.9769900497512438,,1,,True,,KEEP,AUTO_KEEP,,
1,dataset_qc_v1,21/2,21,2,21/2/0.jpg,21/2/0.npy,c0c282fe7e4125a70fbe4d1413685e5a6b47b139a858195d3bf59c98113cf5b1,da5027cf3bded2d0aeda83c2ca54deaf4a48590cf0221a7c35e289e98c87af3b,True,0.9815376261369293,,1,,True,,KEEP,AUTO_KEEP,,
1,dataset_qc_v1,21/20,21,20,21/20/0.jpg,21/20/0.npy,8367262043425dfa8d6ffd7ccdc6ea83bb2293bd27ca4868154fedc6b49485f4,06170dc3767df01bb7deb8b51176f930cb5437a02ad256e10aef5bdf7a0d750f,True,0.9666966696669667,,1,,True,,KEEP,AUTO_KEEP,,
1,dataset_qc_v1,21/3,21,3,21/3/0.jpg,21/3/0.npy,da85a3e8c7abf420db30cac61399f25d5356cc33920b2200cef2ce0870fc7b88,00e802d5c843a875737aae357ef64129e1d3b06affda2896ad03aadb7f840b27,True,0.9636442894507411,,1,,True,,KEEP,AUTO_KEEP,,
1,dataset_qc_v1,21/4,21,4,21/4/0.jpg,21/4/0.npy,d6fa9632a80c70570943636dfed61cc3e61efdb6b7f672812d81d7bb856deef0,aea6e93440368625765d9c8f4ad2e03b38116617967f880e31741f71c0d3e25b,True,0.975611465414535,,1,,True,,KEEP,AUTO_KEEP,,
1,dataset_qc_v1,21/5,21,5,21/5/0.jpg,21/5/0.npy,e4ee04a355f0a8c382f2ff96a0c849e775d81fd60c220420713214704d292b04,a5e8afad151b474d7b1a9e37597b33e812e5b57a91049ab2485b46cad284a326,True,0.9822440347937116,,1,,True,,KEEP,AUTO_KEEP,,
1,dataset_qc_v1,21/6,21,6,21/6/0.jpg,21/6/0.npy,50ddea2c6d09058dd1eed791a01e1b0d2dd5f26a926e094f033269fd8a48a893,1b77bab68b149865bfca680a8edd5685692276b49ad2de1cdf4181b0ed98a98a,True,0.9504417979254706,,1,,True,,KEEP,AUTO_KEEP,,
1,dataset_qc_v1,21/7,21,7,21/7/0.jpg,21/7/0.npy,94b7496bf14001ca32a4e96f178d52cc04a8006d91488714b83fe0cafda2cc76,9a1ed1d4cc49108e20a46bd9ca9a96fbeb9388f3a94937f17fd28b94dbf813f3,True,0.9819168946648427,,1,,True,,KEEP,AUTO_KEEP,,
1,dataset_qc_v1,21/8,21,8,21/8/0.jpg,21/8/0.npy,b7761a269b90a656adf65f8df8aa1aeb852b15ec2aabd4c2e2bd077909897ee3,e89b825d933e466c16cc262ad3a1deec8ee29d513607b877fd0df35fb3056e74,True,0.9848397620418345,,1,,True,,KEEP,AUTO_KEEP,,
1,dataset_qc_v1,21/9,21,9,21/9/0.jpg,21/9/0.npy,82f0004a8cf480691787a589410ad381980309df5052e14e575c9f5ceb0a029e,42f8de20e32973cdb71498cc752765bdd911c0e6655ac18f40f6c46b7a0f01b0,True,0.9786034407980339,,1,,True,,KEEP,AUTO_KEEP,,
1,dataset_qc_v1,22/0,22,0,22/0/0.jpg,22/0/0.npy,232a762fa4f294fffb5a246b524c3941f1e6011c46015765d1221e0d71bba18c,ff6042df2a830b48b6257c8ace8f78f8644fe575334d416ec685806d65b7441e,True,0.9727334121222354,,1,,True,,KEEP,AUTO_KEEP,,
1,dataset_qc_v1,22/1,22,1,22/1/0.jpg,22/1/0.npy,52b3c73d904b9ef4456ca3cb4f968c6924538b00612b32c8e4783dacc996052c,ea05b0d73baa9ba51e739de71bc9152fba6f8f0f7c7a7655e4b52289668a8de1,True,0.9754626456477039,,1,,True,,KEEP,AUTO_KEEP,,
1,dataset_qc_v1,22/10,22,10,22/10/0.jpg,22/10/0.npy,8b079b9195119d588b97f5be337ce8151acf8713f6803ea52bb85c15b0e3cc76,393fe70ad708eb01f12ada1af86b91f5b9e7ce535779fd46ebcfd67eeb7623d6,True,0.9793687750614409,,1,,True,,KEEP,AUTO_KEEP,,
1,dataset_qc_v1,22/11,22,11,22/11/0.jpg,22/11/0.npy,1cc4dbe31bc8a0981b37d604e60e4c8f261ecddd63ac83ace589fffd1c38f6bf,a665198f3eaf22d0fa8ff69d672e5596f13aa2d2ef22103d12e9a54752e5e9b4,True,0.9437965972089467,,1,,True,,KEEP,AUTO_KEEP,,
1,dataset_qc_v1,22/12,22,12,22/12/0.jpg,22/12/0.npy,da10593ac82ba46b024349066742d108643e2eae059ff9de847116577b39001c,6ee30dd46e270fd2406e05d3c8e79d82735cc762b5ba488684fe8a42ef718bca,True,0.9842051721368528,,1,,True,,KEEP,AUTO_KEEP,,
1,dataset_qc_v1,22/13,22,13,22/13/0.jpg,22/13/0.npy,6e56cc548ecd9d5c55eefcdb46c7b5b304a1998607cd67634a4726d1bd2156b5,e03179c97c4ad77eeab7b7a09a0719fe30edd842ce39acb216b9692f07d0bb92,True,0.9869283399351818,,1,,True,,KEEP,AUTO_KEEP,,
1,dataset_qc_v1,22/14,22,14,22/14/0.jpg,22/14/0.npy,136c9c4af206bab538bc632120a5b55689e770ae002fe223af0f5f3f9230dbfb,90540f93021a9573716cb0547234783406b99612a33bf34613f9c67f60c45e48,True,0.9625506072874493,,1,,True,,KEEP,AUTO_KEEP,,
1,dataset_qc_v1,22/15,22,15,22/15/0.jpg,22/15/0.npy,5b848c777f9aab3781b0e60595890f56781452358929d6ac39e024cf541ab8b3,30b16e168603a4769929c3ec58326e86ed9612dfd632d50ec57b9dca6cf8ad42,True,0.9712768050363958,,1,,True,,KEEP,AUTO_KEEP,,
1,dataset_qc_v1,22/16,22,16,22/16/0.jpg,22/16/0.npy,7ab2a2ac77428d741704cdf607bc91708a187cfa3d22dbde105baae22932979f,b5882b5dd54f1dab000109b94b69decee6d756bd3d0c326e9384925b5ee7e74a,True,0.9877995642701525,,1,,True,,KEEP,AUTO_KEEP,,
1,dataset_qc_v1,22/17,22,17,22/17/0.jpg,22/17/0.npy,8c97b97057bf4abc900ca14710b679f58e6ad335b95880ea762a3f5c98eda721,98b0de7cafaa95bdb0987398f02364dc8d4e2e7c9a5c745d57281584477734a7,True,0.9739532494220395,,1,,True,,KEEP,AUTO_KEEP,,
1,dataset_qc_v1,22/18,22,18,22/18/0.jpg,22/18/0.npy,a4489f97733ec759cdb05a5be46f18b94c17e3a9000215e62e34fd1d23a20f37,a5627b402c42262042dd7cdcbb2f00750fe88bff5c877bcb152ba6e2e72f3a99,True,0.9802810642670666,,1,,True,,KEEP,AUTO_KEEP,,
1,dataset_qc_v1,22/19,22,19,22/19/0.jpg,22/19/0.npy,188939368840daeaa9e937ee4b28fc156b2e4a8e15f04941efbe9298551fca4b,b99d3c15a598dd0752341c745c01f3ff7bfb01c266db55e3dae458f7ab91a0db,True,0.9746886953690893,,1,,True,,KEEP,AUTO_KEEP,,
1,dataset_qc_v1,22/2,22,2,22/2/0.jpg,22/2/0.npy,bb164c42777e5235aeb3660add1a92bab7f916769957e9f50de2d90427a768bc,ace8f32595dcaf7db50d836877458b0ef25c5f0c0bb877d20f1a7288c631af79,True,0.9816270758881648,,1,,True,,KEEP,AUTO_KEEP,,
1,dataset_qc_v1,22/20,22,20,22/20/0.jpg,22/20/0.npy,3f06d8244fe7e1a8335e6c2095ff64dde845b83e7f9a9c2188c935466ec4507c,f938373bda062219413df668b18aea453cd9426f7d349303387dfe8c875a1b32,True,0.9446473728575443,,1,,True,,KEEP,AUTO_KEEP,,
1,dataset_qc_v1,22/3,22,3,22/3/0.jpg,22/3/0.npy,5df5164042cdba9c57fb9df23b8fafaf4563974fbd761a445dbd0abc03675fa2,94fd8a401763c9f0bcc362f2fa6c666d4dc44de36d6c6351be5f8fecb176550e,True,0.969530828689556,,1,,True,,KEEP,AUTO_KEEP,,
1,dataset_qc_v1,22/4,22,4,22/4/0.jpg,22/4/0.npy,fcf18ced6ca953cd98801a578388d36ef2194f3ff4b427a544ead22071200190,6a6a7de45107d37fdca51e50323e11010c6ecfae7a66c8e482488057659f7b4b,True,0.9790241094839164,,1,,True,,KEEP,AUTO_KEEP,,
1,dataset_qc_v1,22/5,22,5,22/5/0.jpg,22/5/0.npy,8a1f9ef1b2a2e075b7d6b34c53a4e2927ed731e4d67a9decc58c537d44b71deb,6df3cb20ddda3b6238c564466bdcca6e5c780bae8b09aadeff599f55a466c973,True,0.9822136167146974,,1,,True,,KEEP,AUTO_KEEP,,
1,dataset_qc_v1,22/6,22,6,22/6/0.jpg,22/6/0.npy,101e38c0e4bfb683b2ff8462186d3aa5208240a902058f1e6cc14fe015b6eba5,1838ed391f63479d1071789276e9b1f9b6461156a196e85672d35cc065826af6,True,0.9566641196375941,,1,,True,,KEEP,AUTO_KEEP,,
1,dataset_qc_v1,22/7,22,7,22/7/0.jpg,22/7/0.npy,b2363478498640bf137bc1e365250f5c21edbc9236868c2b9d3705e4bfbca7d9,7781934888420c7970578a49e5b0adb45a86415c502c2ce4208a90cc9d4a6d72,True,0.9892822910918121,,1,,True,,KEEP,AUTO_KEEP,,
1,dataset_qc_v1,22/8,22,8,22/8/0.jpg,22/8/0.npy,87e379985bf3d139805d4de05063ee85e9324caa5a7906e7edbc7e1ee922a966,4aa1dd651aa6c26405246976a28a117e5079a707d664880825ed91a629c5608e,True,0.9839045635296345,,1,,True,,KEEP,AUTO_KEEP,,
1,dataset_qc_v1,22/9,22,9,22/9/0.jpg,22/9/0.npy,9d5916584df21c623507b0ace755258e81994e4dc9b6bc57c37d646eb90f4654,29f03290e4ec809b7de1b07aebc040e659ff59a26a221aee4a13c08fbe8769b9,True,0.9764653393564219,,1,,True,,KEEP,AUTO_KEEP,,
1,dataset_qc_v1,23/0,23,0,23/0/0.jpg,23/0/0.npy,02dcbaaef6bd95f5fa87da9074f9e44a002e54aed2d13a08e1d14041baad2ad5,f166714b10b6200040e47aaef5d15dc9e93016f9356c7632cf5e502616f1853e,True,0.9767038136305091,,1,,True,,KEEP,AUTO_KEEP,,
1,dataset_qc_v1,23/1,23,1,23/1/0.jpg,23/1/0.npy,3f2db2bfaa3f69e1806cf48d13178c3e7d5828280976aebcd8ae8c2f352e7512,53184d206da8c80a05b43fc6fb27dd63e225330636bc97ba4605e818602c9b36,True,0.9842309862687316,,1,,True,,KEEP,AUTO_KEEP,,
1,dataset_qc_v1,23/10,23,10,23/10/0.jpg,23/10/0.npy,4783572611a69e426d923e08fc4f0c751aebbecab35f42fb025271e4dfcf32f7,f014d89beb7f8e00ac13703a5765e6d885b2f0c9c42d43b3bcdc4688cba5126c,True,0.9707444039562728,,1,,True,,KEEP,AUTO_KEEP,,
1,dataset_qc_v1,23/11,23,11,23/11/0.jpg,23/11/0.npy,f733d0de85666a3e4269689d517010531521988f9bbaff196836bb9837ea9a96,ffc6efd79381ff2c78d0bc69a7d2fea9d7c2c28ecf777c7884c409dd9d3ff93a,True,0.9301391478984363,,1,,True,,KEEP,AUTO_KEEP,,
1,dataset_qc_v1,23/12,23,12,23/12/0.jpg,23/12/0.npy,6e65bc34d164dc228478eb42fcc5110bf8532426a32f4c140b3d45c5c5206199,1c7b1bff0f9911ff49ed70aecf60417006698bfdaad4ae3613aeb325ad022b17,True,0.9816110019646366,,1,,True,,KEEP,AUTO_KEEP,,
1,dataset_qc_v1,23/13,23,13,23/13/0.jpg,23/13/0.npy,476227e91adf3ff2992791b05b315d897d61cc964e10f38dd39362d1241f9083,bde3bd4027710208aa8bb9778453c60794fb5972ccd03c06a3502f1fb4358551,True,0.9833971902937421,,1,,True,,KEEP,AUTO_KEEP,,
1,dataset_qc_v1,23/14,23,14,23/14/0.jpg,23/14/0.npy,02be8acdaeac631f6944f8385c493d03d048147ab299299e3f5b5e35c3c57aa5,31778a1449a0132b2ee1b3a09ba698d3e64fe8accc8fa100e1fab192c86e8c70,True,0.9621637599763524,,1,,True,,KEEP,AUTO_KEEP,,
1,dataset_qc_v1,23/15,23,15,23/15/0.jpg,23/15/0.npy,cef617079bfc022fa5dd4b3f4bb2c1a02d4e190bd94735a27b96dadfcdab4774,19c97a646434e710658880faa36342279427d71a6da6eba4321b033e1a7c3387,True,0.9686754486049165,,1,,True,,KEEP,AUTO_KEEP,,
1,dataset_qc_v1,23/16,23,16,23/16/0.jpg,23/16/0.npy,d7ea7a93c5b0abe85b1224479d70aaf1361021d1e959ffb5c3de7cb292740423,859168433431fc170e1e01d8045c856f987715a1131733371ab61a750c7aee18,True,0.9827953129406938,,1,,True,,KEEP,AUTO_KEEP,,
1,dataset_qc_v1,23/17,23,17,23/17/0.jpg,23/17/0.npy,b002cb78005c915ff4ea54b40cb27bbd526f787c88ea7853920b149207f5cac4,d80b5c481af4f5514ad8a84a97d3a6b8c32dc49dc790cf53a908b039532db2d3,True,0.971005475360876,,1,,True,,KEEP,AUTO_KEEP,,
1,dataset_qc_v1,23/18,23,18,23/18/0.jpg,23/18/0.npy,4b55ef7a3a3d66a1b22e5b7f86bf5c7dae6f7d845f6835f168bddb0a7e7dbae9,0de0b45f51c7c6fd391bb10807d7ca5c2ddd83e18bfba31a46612b973b7c2c91,True,0.9750717631062094,,1,,True,,KEEP,AUTO_KEEP,,
1,dataset_qc_v1,23/19,23,19,23/19/0.jpg,23/19/0.npy,929a310561ed94898e84f7e97b125be60f4fbce24cdeea083dfafab2bcfcf607,daebe4c73b0138a306fc254a5cc5030c5a8a572a29dfc0b55a7c3800e592b1e1,True,0.9734859214775367,,1,,True,,KEEP,AUTO_KEEP,,
1,dataset_qc_v1,23/2,23,2,23/2/0.jpg,23/2/0.npy,a49747c8af513fe2e31ca74c1608079fda11e7157d245fd5166a36ede386eec9,389292d212ecb6d007a66fc6692529b94babdc62cc7224921855ee8d03c269ac,True,0.983852102150887,,1,,True,,KEEP,AUTO_KEEP,,
1,dataset_qc_v1,23/20,23,20,23/20/0.jpg,23/20/0.npy,f58afa28d592bd6082781b749fa4add8200e52cfa6c8b085c23a0babb0afb8ad,f903701fbeabf2a7a177f67b0dec6f1222b9d973a3d767b341176d016c63ff34,True,0.9550082420246291,,1,,True,,KEEP,AUTO_KEEP,,
1,dataset_qc_v1,23/3,23,3,23/3/0.jpg,23/3/0.npy,2c68af417345832a2524a4f68fb71796309af9abc80a1a8d5d4125eededacf4c,224655fa555f1dfd22e503169ed2a6a0b064f0e7cf201fe3a7e91a61483b27f4,True,0.9690632436720271,,1,,True,,KEEP,AUTO_KEEP,,
1,dataset_qc_v1,23/4,23,4,23/4/0.jpg,23/4/0.npy,d6ee60ed8ad3692e3902aa742619b25bacb88e824f6965d187ea2f3e6fcd8d87,572cc1347791b6e367d86da153c5ba259d2b5a56b4db1102221767c034dec3dd,True,0.9797442896135613,,1,,True,,KEEP,AUTO_KEEP,,
1,dataset_qc_v1,23/5,23,5,23/5/0.jpg,23/5/0.npy,6b9c91d2241d500a08abd2bf25e441ce67d5aeec7b691f562e56360a90a67cc0,1a6533ebc67d2fbd1a02af2aa6125addc03bbb3be0ce1628d4f9e66f12342ccf,True,0.9778386129578933,,1,,True,,KEEP,AUTO_KEEP,,
1,dataset_qc_v1,23/6,23,6,23/6/0.jpg,23/6/0.npy,ce968fe8cd37e6044cadd06b06be9ca8d6501f5a2a25b3d2f2c492c4836f213f,10f287338d4415b2569370e391ceeec97cdb414504bddedae322405f4c594923,True,0.9549937242244935,,1,,True,,KEEP,AUTO_KEEP,,
1,dataset_qc_v1,23/7,23,7,23/7/0.jpg,23/7/0.npy,9dcd48c4343842461ac48e5d1f5551904ee9c1e331d37d3249b3645b9cc59066,a70f418f8dd19fd52f55df665a56399f892fda7db6b192d64c6c4e29b9fd1c6b,True,0.9818640802497841,,1,,True,,KEEP,AUTO_KEEP,,
1,dataset_qc_v1,23/8,23,8,23/8/0.jpg,23/8/0.npy,2247cadc5e877cc6970a19803546d4474187cd9919e8f0d36b3522978a40a2a9,f5c736914f6730c931cb3f4b9b0a735ae941cbb97a8ead8a88fe28a9c26c5175,True,0.9782292497536714,,1,,True,,KEEP,AUTO_KEEP,,
1,dataset_qc_v1,23/9,23,9,23/9/0.jpg,23/9/0.npy,372e936b2a6446d3fd1dec8003f45940cd4e9e3c26721782325c8489d8d186e4,4faa085aca118b3f3d15ffe328629facfcdee8621dc4f1c604975b230743b7e3,True,0.9744882213764016,,1,,True,,KEEP,AUTO_KEEP,,
1,dataset_qc_v1,24/0,24,0,24/0/0.jpg,24/0/0.npy,dd20bb75faa2648d5c06637aa8dffda1f56cdee364785d597c118e3e49825d7d,8af5e5889cf0193a0adf8de8694eef5e918ee2ac6293cb892743a58423ee1932,True,0.9722770500628029,,1,,True,,KEEP,AUTO_KEEP,,
1,dataset_qc_v1,24/1,24,1,24/1/0.jpg,24/1/0.npy,b1ef20c754e4546f9c69b932f29079448f8aef1f763ef33d6fb7fb39c19aa0d2,50def567713bba49d4228439f85ab0108ee808f3fa4c403d53f76f018c1a96cd,True,0.9752418754651452,,1,,True,,KEEP,AUTO_KEEP,,
1,dataset_qc_v1,24/10,24,10,24/10/0.jpg,24/10/0.npy,dfacca08e361254aea9cc3a0f8b6c3bb8481b0f54c3fd242eb74d57f7cc681a1,10501b4c65e9a24629d2cc1edcfaac555dde0174a10fb5dae1ff95b57941054f,True,0.9746019108280255,,1,,True,,KEEP,AUTO_KEEP,,
1,dataset_qc_v1,24/11,24,11,24/11/0.jpg,24/11/0.npy,54edd93e827479669f15c5c788c3c3c28630ad1f7182b381dfed2a1705bfaad5,a09e87d3d039da9247b2f5c248ee4522574ab066d89da658ee96b6a024b9dcac,True,0.9397042093287827,,1,,True,,KEEP,AUTO_KEEP,,
1,dataset_qc_v1,24/12,24,12,24/12/0.jpg,24/12/0.npy,69be51d83a7a1c428484641e2f0dd529a11da44942d4e32c89ea49848b96d509,0aa05a11b4cab1e66378d47a70dc4c1a6c5326249443483e783c381cf70119a6,True,0.9877264757451782,,1,,True,,KEEP,AUTO_KEEP,,
1,dataset_qc_v1,24/13,24,13,24/13/0.jpg,24/13/0.npy,7c44b9da280beb4185bcf5d94c7c5b65b053428e3f66cf20179f428d568c3f88,1d6ecfaf4a32d851fe96b65939d495fc9448c4eaa8992f9827d9b15ac521ff75,True,0.9826801959412176,,1,,True,,KEEP,AUTO_KEEP,,
1,dataset_qc_v1,24/14,24,14,24/14/0.jpg,24/14/0.npy,c399570a28571c01a21dce1b6d1074b7709c87fea2c28492bc6fbf7bfc2fb19d,5cf61b59b89869f80b56caceaaa467eda34e229f8b344ca9dfdd8c868afa7d19,True,0.9645178764897074,,1,,True,,KEEP,AUTO_KEEP,,
1,dataset_qc_v1,24/15,24,15,24/15/0.jpg,24/15/0.npy,7443d7b3bffccb60ec1eaf2ce5fc3908cd4c8e17a0c4b95326704bafa392741f,df3b99049b4e6620014bf49afc15c0c175a43edd627e231597fb7d87963872d8,True,0.9741462330543004,,1,,True,,KEEP,AUTO_KEEP,,
1,dataset_qc_v1,24/16,24,16,24/16/0.jpg,24/16/0.npy,6de0759be68aa4102e23998fed7ca05717d5686c4dffb4c235e8355d38bd196e,11939b8c48facc747f722dfd89d61f08f17da92a6335cdace96bdc41115ccb5d,True,0.9883059418457648,,1,,True,,KEEP,AUTO_KEEP,,
1,dataset_qc_v1,24/17,24,17,24/17/0.jpg,24/17/0.npy,5ec0da8976525108a033beec65b0f13b136cf3bc6e252939b8f2c8fedfee39f6,e4c9d22bf726943905d3273910899f8642188a9f40aa3e154488df190362de3d,True,0.981587903810746,,1,,True,,KEEP,AUTO_KEEP,,
1,dataset_qc_v1,24/18,24,18,24/18/0.jpg,24/18/0.npy,1d9a77da5ded1317e7434716c4797daee47fd6a059bd3b281fb197a00fa90b20,2bbe7abaaae0cd249efb96b9868056207349982547ec52d192543049bd09ab6b,True,0.9769288697199973,,1,,True,,KEEP,AUTO_KEEP,,
1,dataset_qc_v1,24/19,24,19,24/19/0.jpg,24/19/0.npy,d3f12ccc950a69fd4fd638803d7d0e17c175ee99ffd57e4926be9348a455861d,e7b445775c3b3f7d5c509a3119931c2c8c6a786a8068a7657aa7b76ebcc3ecd3,True,0.9772221494960074,,1,,True,,KEEP,AUTO_KEEP,,
1,dataset_qc_v1,24/2,24,2,24/2/0.jpg,24/2/0.npy,1d68db2cbb6be510888586184fb6b0a7c9705a00fc3fee1715cf36b61f529a25,a8a57609f951f689ca9019e029dc5234e919825b6c52a2fd3a220680f72a0635,True,0.9866537789508903,,1,,True,,KEEP,AUTO_KEEP,,
1,dataset_qc_v1,24/20,24,20,24/20/0.jpg,24/20/0.npy,2a15df9cc41bc2720d730be3ae7e5cd75f3c894dc5d2399209c050303c2f45af,785b500545b5a4dce373a4e6bada9262f97b2e2f4830e54408215ec1d71ae6fe,True,0.9632580787959274,,1,,True,,KEEP,AUTO_KEEP,,
1,dataset_qc_v1,24/3,24,3,24/3/0.jpg,24/3/0.npy,8f5af4c39ebd448ef1d14db1a64c00cb71f674a27559281e822b0c5e34461c1b,b47ba95b7c2d8763c6ea20b3afbdf2c4b503de4deedeba2470e548e81b24064b,True,0.9726809557273366,,1,,True,,KEEP,AUTO_KEEP,,
1,dataset_qc_v1,24/4,24,4,24/4/0.jpg,24/4/0.npy,9443394f7683d1a93e35edffb92094104d24e59d80550f2cdffb8055fab49385,8bc8fa8728a4e80e4b9ae2e8bb0f6cbfcdfef9fc4a0e09a5935c409afc4a330c,True,0.9757153614457831,,1,,True,,KEEP,AUTO_KEEP,,
1,dataset_qc_v1,24/5,24,5,24/5/0.jpg,24/5/0.npy,a267839c4334c21ef0f392326df93d70ad9b624b578f7cad2cfdf950c2da5418,1235f27eccd3888d6d06a55af8a890d9df548de74e20245010c712a0b79ee45f,True,0.983638113570741,,1,,True,,KEEP,AUTO_KEEP,,
1,dataset_qc_v1,24/6,24,6,24/6/0.jpg,24/6/0.npy,59234afc2e9d83e50eb681eb27c68e3a908e5ddb84737c8af91c35e382d380a3,e782ee1df78457913f4ed0b0349aba9b594dad99fe1d0ad58e48adb491edb4f3,True,0.9667114351496546,,1,,True,,KEEP,AUTO_KEEP,,
1,dataset_qc_v1,24/7,24,7,24/7/0.jpg,24/7/0.npy,0d7605de78595dd561d2e5839ba21829bbe6e04477a08d0b42c44732279211da,592be73a5adef8e414743e9ded5b8ab8fc8d533b07fc2f1aaf763bf04b3fa8b5,True,0.9852658819600968,,1,,True,,KEEP,AUTO_KEEP,,
1,dataset_qc_v1,24/8,24,8,24/8/0.jpg,24/8/0.npy,2536fc8b0b1c409f5e9e2806c57c991323ae228c719228cffdcbc72c52745f21,73bf531c9dd179ccb12bf224b6c0feca5e73349b1ccef03575cd22c4643f8896,True,0.9853196592506823,,1,,True,,KEEP,AUTO_KEEP,,
1,dataset_qc_v1,24/9,24,9,24/9/0.jpg,24/9/0.npy,c24182a346e3c0ff3d6a72cad60637a6f48c137f0d44ef3c7e6b6599aded7d31,ae359304b77f2c4a9764fe87e70f81fbab8a633f4ec4090941caa85dcf44bc17,True,0.9734930032292788,,1,,True,,KEEP,AUTO_KEEP,,
1,dataset_qc_v1,25/0,25,0,25/0/0.jpg,25/0/0.npy,6feb83dd29e13f83c35d25db00cd7cf59286b9adfe46e8eb6da1b7fb59c590f2,fe1e925709c8d9e4f66662315d5c74139ddf793ec1f4b44b8a50132e6c017f92,True,0.9689858368655019,,1,,True,,KEEP,AUTO_KEEP,,
1,dataset_qc_v1,25/1,25,1,25/1/0.jpg,25/1/0.npy,7332e1efd14f9147df50f3ca47c1460b5f946ad32b199c00f51664d69ba394ab,0360341d1c986b2072e0250559f7bd49572015b1beac2f64d64d3860c6fe7219,True,0.9722081289813406,,1,,True,,KEEP,AUTO_KEEP,,
1,dataset_qc_v1,25/10,25,10,25/10/0.jpg,25/10/0.npy,fb63462fa07a8fa784fd93609a062fd5a834b44a19e9cf6a4870427dd28a10fc,0c3c15974a4083424ad4e7e44f468a1ba4434909ffbab165e4a19f17eaccab78,True,0.9715475854278453,,1,,True,,KEEP,AUTO_KEEP,,
1,dataset_qc_v1,25/11,25,11,25/11/0.jpg,25/11/0.npy,ffdb2a73282b9d51543308d6567f53ff433808a70f0460042ceb385f306ffbe2,998d37c63b5f72f6d2b397a92eab3bc7478025015fda8f0d936cb94b6ba32c97,True,0.9144792548687553,,1,,True,,KEEP,AUTO_KEEP,,
1,dataset_qc_v1,25/12,25,12,25/12/0.jpg,25/12/0.npy,97fe7e14bdfd25f1176b38a6191d04f370cfc2b24e474f6b38ccde54d4ac62f4,899965691fdc9485df5c000f13dd3a72bda6ab3e1eade70a1a3b0f80ce2c684c,True,0.9829115185332802,,1,,True,,KEEP,AUTO_KEEP,,
1,dataset_qc_v1,25/13,25,13,25/13/0.jpg,25/13/0.npy,b43f3f52bc624432d877a4591ff52afa1e5651a01865d135984c83f561eeca6e,eb52bf26e80cf2cecfc484e4b2b064e7350542db3b9c4a7d196cefb3d0f24f91,True,0.9806682395920542,,1,,True,,KEEP,AUTO_KEEP,,
1,dataset_qc_v1,25/14,25,14,25/14/0.jpg,25/14/0.npy,3dca7a7cbf605f39997456625ac0532e4cf01ec08352b7d1785406932274fb59,17bd706234fb6135d4b91042ac7ef2c95e5c14ce77e32eb6f707d772aef8fe9b,True,0.9397721106890938,,1,,True,,KEEP,AUTO_KEEP,,
1,dataset_qc_v1,25/15,25,15,25/15/0.jpg,25/15/0.npy,e4fdd3a18d6d63554668abdac89e9cd12326ec70b0149185d177029238de350d,a12f56f012b77aeca9b94b65f962080f1c2ea42fdcc8b7a98ec49cb558108bcd,True,0.9560129825760164,,1,,True,,KEEP,AUTO_KEEP,,
1,dataset_qc_v1,25/16,25,16,25/16/0.jpg,25/16/0.npy,2b88d822ba96a8a9073525e3909013b4999d7e5a23a1f0c565965642b4224920,0f3d2b749e593238aa40ff3d6c28c60a1e18a6e74cb5555bda561984c0d84ef0,True,0.9811520025997238,,1,,True,,KEEP,AUTO_KEEP,,
1,dataset_qc_v1,25/17,25,17,25/17/0.jpg,25/17/0.npy,5f3851f5a9f42339707fc0526bab9de710885f114e81a0a974356ddb74926368,c1a8d64434b4b40c8f319038e48ddb77346eda8c5b7bbd1ccdbf17b7d7a3b599,True,0.9659146129816036,,1,,True,,KEEP,AUTO_KEEP,,
1,dataset_qc_v1,25/18,25,18,25/18/0.jpg,25/18/0.npy,38b631b9953625d90dd4d5d50f45c64e7750a6c178b24a6721d63ee65bad1030,0536ecd035dff46c252c6891fb21f37d8fc31797f04ab61d8def1b26cb0b7925,True,0.9686720266149155,,1,,True,,KEEP,AUTO_KEEP,,
1,dataset_qc_v1,25/19,25,19,25/19/0.jpg,25/19/0.npy,e4a77f147d9bbd53bc597c19550633c652edf6624a13497e42d538f91cf67917,32bcde6ff7a7d3b7171c3ef17bc2733c3cd26298ec797f46f132fe5139da7605,True,0.9708553143647842,,1,,True,,KEEP,AUTO_KEEP,,
1,dataset_qc_v1,25/2,25,2,25/2/0.jpg,25/2/0.npy,092d5a2c773e641f35b75d1a28d5dc0ef216ea2fabc4d38429e1ca65c234a25e,5d10e333b9d429236056acfeb1a935d0a1a7775c6dff8a8e5d1ebaa833665c34,True,0.9774831854956624,,1,,True,,KEEP,AUTO_KEEP,,
1,dataset_qc_v1,25/20,25,20,25/20/0.jpg,25/20/0.npy,91a565f56aaa05ad20871eff6c2bff09380f6d3f0cc7236fc7a5d6500180d2dc,cb54b4fd939d490ce7c0d8acfcf3dcbbb6ff7066f9b5e8873197a608796c83e4,True,0.9565670087758441,,1,,True,,KEEP,AUTO_KEEP,,
1,dataset_qc_v1,25/3,25,3,25/3/0.jpg,25/3/0.npy,2907a6c438b3004abc45103f365c7c424f497a9f603f1028a31193ca136dcd2f,fb37c3650bd69a8b3d73da39f2c318b884dbaa6489b89774507aab011ca9fc76,True,0.9616026711185309,,1,,True,,KEEP,AUTO_KEEP,,
1,dataset_qc_v1,25/4,25,4,25/4/0.jpg,25/4/0.npy,e6af53c942dfb8d0ce22d4fa67f18fd898ff5440a4b1f7a0f853da0d24595e06,b5bef2634cfefe048f2e27659a15058cb5d6b8f44e15bb1e6a2d8085b97c1e67,True,0.9712608906098742,,1,,True,,KEEP,AUTO_KEEP,,
1,dataset_qc_v1,25/5,25,5,25/5/0.jpg,25/5/0.npy,8b3199afe44d20fa3097bec436ad4ba223d11b7f390f77e0256cc68087b86aad,9d22a948d26894321d87f34d7d869043d3ce01d487e67a4dc07f25c44b64f083,True,0.9745085457621186,,1,,True,,KEEP,AUTO_KEEP,,
1,dataset_qc_v1,25/6,25,6,25/6/0.jpg,25/6/0.npy,682a85d9218cab2320a6c663486f96ec418fce2a593a54578fcae7212ea53f37,4ed0bb982930228b2429a475213268a333811db2b7315ad2c524e77846d4565c,True,0.9050262102991058,,1,,True,,KEEP,AUTO_KEEP,,
1,dataset_qc_v1,25/7,25,7,25/7/0.jpg,25/7/0.npy,53d156bebc9b8f65bc2c16962637825da28f4ea9bd86c637a936fe21daa209b4,0befdc0f583ef9995e92d398e99b90eb21b71661645a3d45ab57f74be4163d89,True,0.9734825071084189,,1,,True,,KEEP,AUTO_KEEP,,
1,dataset_qc_v1,25/8,25,8,25/8/0.jpg,25/8/0.npy,f2e001df449c66b03fed497756396842c287befb05740ebc24b91d563cff1eb9,ae86227c5324254b70b7c46137e92a012fad057c0d191844ca64bad68b3e9256,True,0.9799890350877193,,1,,True,,KEEP,AUTO_KEEP,,
1,dataset_qc_v1,25/9,25,9,25/9/0.jpg,25/9/0.npy,f3cf93476699091a347d2c25c29ff0b4e558ff5481cd76bfc26071ac6e251eec,774eace7b03d793ee39e753db2289fee2af7d407b8b087d43e047f81218ce427,True,0.9649148669565858,,1,,True,,KEEP,AUTO_KEEP,,
1,dataset_qc_v1,26/0,26,0,26/0/0.jpg,26/0/0.npy,aa57e6b0c3f751d86873f0c266177721fe1f9e29d0959a06db47e43a27db3070,2e1d25b24fe09c81f69221ea99142e6ee2f1ba8402336e8111242af3465442b9,True,0.9756389434994444,,1,,True,,KEEP,AUTO_KEEP,,
1,dataset_qc_v1,26/1,26,1,26/1/0.jpg,26/1/0.npy,3844558d3d7df95158a24cce4e3bb4bc960d9d60340e877e3bc8e07e088c6fc4,8ae1eef1ef247226ff6e97bbae6c5397ff27b36deeb929297f93af79d06d4490,True,0.9747704949605187,,1,,True,,KEEP,AUTO_KEEP,,
1,dataset_qc_v1,26/10,26,10,26/10/0.jpg,26/10/0.npy,504404ad0138d3ef974e6e063380f667ccf4400ce1464bb470e65bbc7014af91,d9d75a06d534fe8f5b52660f858c479151d20a4f1aa12f7b931a0008dab270e1,True,0.9728569450214651,,1,,True,,KEEP,AUTO_KEEP,,
1,dataset_qc_v1,26/11,26,11,26/11/0.jpg,26/11/0.npy,b1e20487d633db59272a6956d650eafb27444fd53224910139775879886f2e67,c6e6cff00dcf73f9c823ea3ce6c2823c2abf7dfd6b2565cd5e3cece717624137,True,0.9148401826484018,,1,,True,,KEEP,AUTO_KEEP,,
1,dataset_qc_v1,26/12,26,12,26/12/0.jpg,26/12/0.npy,f0d0ddaf44a8ec509b415df53b59e3ba24318616af0f1ae2e7359a48d79cf531,9f2aa3775a4146430400c32d26b8629c6b62b93ddce9602dc552f9fc328ae50e,True,0.9848325046456733,,1,,True,,KEEP,AUTO_KEEP,,
1,dataset_qc_v1,26/13,26,13,26/13/0.jpg,26/13/0.npy,c1f2dcc3f0c787ebd616d66c5e4855d02810678ea51f4220572d01f9267eeac0,8f711c1140c5c048dc524bcf2100e1620562f89469efeb45d84db208c3578413,True,0.9810608568968943,,1,,True,,KEEP,AUTO_KEEP,,
1,dataset_qc_v1,26/14,26,14,26/14/0.jpg,26/14/0.npy,df3b88aa6e90797bef65382b630e2bc04f124cb54390bb04c5aac38b489e1128,c87694bce3432f195e1e2af61f7c2f220a7af8b4088b8fc6b19854e0d47a7aa7,True,0.9555911473500291,,1,,True,,KEEP,AUTO_KEEP,,
1,dataset_qc_v1,26/15,26,15,26/15/0.jpg,26/15/0.npy,9addee593b62a3d3fb6491c6bf3f8fb82c4c35da9ff924483a2e0026039cc372,e7d85d1167968c45478c723c0f5c1282e9ff67309b26757a2688b23625c1126f,True,0.9704452806522421,,1,,True,,KEEP,AUTO_KEEP,,
1,dataset_qc_v1,26/16,26,16,26/16/0.jpg,26/16/0.npy,f8633a9543a241fc5f565d5a87ef3e43933d3395f130fe7728f54cbecd7f2672,9262cd761e50427badfe9ca511c80de6d2b03464963f8058378914de4ef05137,True,0.9835437595278115,,1,,True,,KEEP,AUTO_KEEP,,
1,dataset_qc_v1,26/17,26,17,26/17/0.jpg,26/17/0.npy,868aa5d6f92a714ceef7af4b4847a568b42c628b5810092827d68e81dc4292e9,979fae9dd10378bc92a869efdd8beab036e97772109a4f4061b2307c622cc9e5,True,0.970547323858482,,1,,True,,KEEP,AUTO_KEEP,,
1,dataset_qc_v1,26/18,26,18,26/18/0.jpg,26/18/0.npy,b143bfb391f055efcbb92ffd8ed9ff3b8cb7411070cb9f4a7920b4423dd6d5e6,6f12af26fee1e52ec6a3e6b5557a645cc8620d57f8fc8b76a667a6641bb143a3,True,0.9768080808080808,,1,,True,,KEEP,AUTO_KEEP,,
1,dataset_qc_v1,26/19,26,19,26/19/0.jpg,26/19/0.npy,941425b748a0d3a254479e8ba9efc356c0df145cb9d88fce40b8509ea3955c5e,89621d657592c62e15ffeb13627e99bd8216693c1b80a3f4cff326faba687058,True,0.974536848118828,,1,,True,,KEEP,AUTO_KEEP,,
1,dataset_qc_v1,26/2,26,2,26/2/0.jpg,26/2/0.npy,3309ddd945e778f86269e4ac5567bf2e951fdcda8b77d02086c4b5e1c299b130,a34c3db90ad8aa7c86de0034d6356d50199d65d15187d11a5370436b314a1610,True,0.9849766879640822,,1,,True,,KEEP,AUTO_KEEP,,
1,dataset_qc_v1,26/20,26,20,26/20/0.jpg,26/20/0.npy,d186bee66760bc7533ae2da7e133e3a334b7df66d0428298afb247829dbaacda,b131eb5617c4a83247c73704bfced8a39490544ba79ef643f6fa6799d60b420f,True,0.9659476326142993,,1,,True,,KEEP,AUTO_KEEP,,
1,dataset_qc_v1,26/3,26,3,26/3/0.jpg,26/3/0.npy,d17d98bda741704b53a14702059dd131c58925a9f4005b4838ea6debe3ba4acb,af573bd84402719b2c645201f9b219c6542aee3ab558aee4b0744515fed3b469,True,0.9705340699815838,,1,,True,,KEEP,AUTO_KEEP,,
1,dataset_qc_v1,26/4,26,4,26/4/0.jpg,26/4/0.npy,67086a79251ec964c0141339eac6268518876f2c4a8a5e95c87d28e295dd2d37,23097aaa20a9c9eb28a58a5f9a4e760fb9b7fe2a86014a7aed82ebaca6e4c6fe,True,0.981063891298063,,1,,True,,KEEP,AUTO_KEEP,,
1,dataset_qc_v1,26/5,26,5,26/5/0.jpg,26/5/0.npy,3181ad8d341f726faf8fcff804bcd6e4491a996733e97457eb7dd1836c68089f,9300f7d4378576d79d4dcc9b019e030cb9945f9362ecb9b1ac051e1c89d7fb98,True,0.9805884882363781,,1,,True,,KEEP,AUTO_KEEP,,
1,dataset_qc_v1,26/6,26,6,26/6/0.jpg,26/6/0.npy,7d14f564afadf699845339d4133c03b5d0e02b5c4a7a60d717b7535a205f1021,fe18318b8c0e6689c9a195b99323f8433b9187b4a9a19ef05e98550322690311,True,0.9641989650438272,,1,,True,,KEEP,AUTO_KEEP,,
1,dataset_qc_v1,26/7,26,7,26/7/0.jpg,26/7/0.npy,425977383cdc7d5128461261f1005770737ef8db258ee66e81ddf57972765aca,7ced2225c26224c497846478f412955e858abd92fa01c268b57195c37cf2fda4,True,0.9734210165776134,,1,,True,,KEEP,AUTO_KEEP,,
1,dataset_qc_v1,26/8,26,8,26/8/0.jpg,26/8/0.npy,14ff6982505f1e4693f8cc2674cce17dd2cf555dc092f4f1eeda4b2422e0b4aa,265b3413998ca843d82c4ff705bc16f98e443e19072c0d8acbb79d4c2180c0c0,True,0.9816669085280317,,1,,True,,KEEP,AUTO_KEEP,,
1,dataset_qc_v1,26/9,26,9,26/9/0.jpg,26/9/0.npy,360f1b0f1fb70f9ca2ae3dfdd2210ccdb8e0ce0b0102816b508940f0a00ceb89,2586dc6e4ea5524595a02bcb5f59793f1cab3180429db96f7e524ca8d260ba3f,True,0.9732060798868858,,1,,True,,KEEP,AUTO_KEEP,,
1,dataset_qc_v1,27/0,27,0,27/0/0.jpg,27/0/0.npy,9b9023ab48743c8c155b8c94fbc1fc319677c73678243894744050dee81c4e16,c8ce932f8df4cefeeb950b759c6620426df1bc1c147716960afb8c6ceca4b716,True,0.9637013857845329,,1,,True,,KEEP,AUTO_KEEP,,
1,dataset_qc_v1,27/1,27,1,27/1/0.jpg,27/1/0.npy,21f8641ac2d6e39291ae35445614312eac5e37052dbd1ed1d8d8bbe7393d31f0,078fd2c26589b8bef4ad34221f8aa8a49aebb9c00a125c6c9ebc3feeacee9316,True,0.9756743842578516,,1,,True,,KEEP,AUTO_KEEP,,
1,dataset_qc_v1,27/10,27,10,27/10/0.jpg,27/10/0.npy,55a32c1ba02deecfbb39f7172fa4f56df796cacf049116530f34b2e299595fa1,d77e3399d1a48d1905c679eea81431e0b5dc65d9c6e9a4ac4686920d5458bb21,True,0.9791339466008526,,1,,True,,KEEP,AUTO_KEEP,,
1,dataset_qc_v1,27/11,27,11,27/11/0.jpg,27/11/0.npy,41dbd128bc4be4d329d2ea0d6aadfe48c0b3d123020dd698474bb9f7bb17932c,0ea550a925a9fcf130c1c16118d427d2d83558781ba86e73cb6a35b47e9bc754,True,0.9195751138088012,,1,,True,,KEEP,AUTO_KEEP,,
1,dataset_qc_v1,27/12,27,12,27/12/0.jpg,27/12/0.npy,23268b23177a415c4c657da3aa89c1677b82988ba53aef72bf38a73462895cd5,9fc999364441d40fd3c049afa0c6255856cca321690b3d1f08a8f489c488008f,True,0.6259764429316551,,1,,True,IMAGE_GT_MISMATCH_IOU_LT_0.80,EXCLUDE,AUTO_HARD_EXCLUSION_PENDING_HUMAN_CONFIRMATION,,
1,dataset_qc_v1,27/13,27,13,27/13/0.jpg,27/13/0.npy,4d436cc69addc6f908ee3e087e13a1a5963c061e9a676a4bceeaa9c2d37ac83d,2f736d85254fc71f76a405075ae9293709670ee76e34b3b049939f8e73f94f07,True,0.973144966272114,,1,,True,,KEEP,AUTO_KEEP,,
1,dataset_qc_v1,27/14,27,14,27/14/0.jpg,27/14/0.npy,421a88a0170a27330f08f1740265497316a9077b51a5f0ac1dd1fb806bbee89e,44097f27c5d5dc4e7ac77293b60bf9a81a7c08dbc533a3d356a3c1a388b4685b,True,0.9428434962585576,,1,,True,,KEEP,AUTO_KEEP,,
1,dataset_qc_v1,27/15,27,15,27/15/0.jpg,27/15/0.npy,77e363d248f90d7003b7c17cd5ebb2b34facd7910efd0736197c7b7cf07ab699,5678689785c3cd8382f1cdd672ab861ff38cf38071ce59c685462538c8ccdf9f,True,0.9668009355509356,,1,,True,,KEEP,AUTO_KEEP,,
1,dataset_qc_v1,27/16,27,16,27/16/0.jpg,27/16/0.npy,6d49c808846303dfca5bab7c31e04ed591b1deff9c358f6e722cef15e7686ca6,ea98d5cefb6f89cbb636fc75c6f299d4fdff1b3700c2fb82b0edddaf23cf18b3,True,0.9842062550721019,,1,,True,,KEEP,AUTO_KEEP,,
1,dataset_qc_v1,27/17,27,17,27/17/0.jpg,27/17/0.npy,5ae3a93572b8ff2e09844c47c9cab930aef91ea888365ba0f583a466fbaeecbf,7da2c244af35a3595fd7b5fcaab15143a9aea79c3cac0c4dfba9c433511a171d,True,0.9701037217815741,,1,,True,,KEEP,AUTO_KEEP,,
1,dataset_qc_v1,27/18,27,18,27/18/0.jpg,27/18/0.npy,51d8939ebec044b8bcd235588c3a373b4fc167c26000063fc2300b189be3d453,bc6ea18c422f9aa2d297ea81860f12e34279524790dbe7066252b7a613a9ad82,True,0.9767081362534282,,1,,True,,KEEP,AUTO_KEEP,,
1,dataset_qc_v1,27/19,27,19,27/19/0.jpg,27/19/0.npy,06e80cf09b47f23f3f930973d6099549ce815366c1770b1aa90a4bd625132ca2,84dc00a04cbee24c56de2e55b2bdd943f1b64d2d297ae8de3c0b345497ec867d,True,0.9733744714889727,,1,,True,,KEEP,AUTO_KEEP,,
1,dataset_qc_v1,27/2,27,2,27/2/0.jpg,27/2/0.npy,36be8e4f3c5dfe22ed4b1bec83b92c94a620749b6a2b89333f578d9d972ac714,f3e8a3bcd37a67bcb29379540dabdadd07fc4acec796312a8367bdb2ac09e41b,True,0.9834283582884851,,1,,True,,KEEP,AUTO_KEEP,,
1,dataset_qc_v1,27/20,27,20,27/20/0.jpg,27/20/0.npy,094aee69a348c907cf71836bce4d9276a4dca1d16df91effb6b1e8c0d059a382,34658f58b9327542272f3fbd48bbf17b015d8288bd2fa808488bb29ce18d9ed6,True,0.9600612968106503,,1,,True,,KEEP,AUTO_KEEP,,
1,dataset_qc_v1,27/3,27,3,27/3/0.jpg,27/3/0.npy,885b49dd55f1408ee3418fc80cac6ed246004682692a3c051d67549ff619c387,bfbfee14bba91c1a80d14305c9441962395cf8bbc6b7da49a6234f049b496372,True,0.9664648043237611,,1,,True,,KEEP,AUTO_KEEP,,
1,dataset_qc_v1,27/4,27,4,27/4/0.jpg,27/4/0.npy,1cac346c006ad6c5807debe0d50d3b40b88d1a829ae575602f36a07e658b7117,7bff6f4742ed077ceb5ead8f7b6a66b1d34a041b29dc65078697bd440ceec6f1,True,0.9755701082160606,,1,,True,,KEEP,AUTO_KEEP,,
1,dataset_qc_v1,27/5,27,5,27/5/0.jpg,27/5/0.npy,66813811f3e444e8b162377deb0f09d20b4dcd1a8a4209fadba1beae52e6a1b6,fd78bd9b8fae30287bbd27ae0ed9811fa58e90273cec79c2036fec44807e2a6e,True,0.976311419361141,,1,,True,,KEEP,AUTO_KEEP,,
1,dataset_qc_v1,27/6,27,6,27/6/0.jpg,27/6/0.npy,831975ef2043ab6adee6c37c9feed9374077e41887523c4e85cbdd524316c8bc,d5b0923e32db2dbc90df084e52f6e4044a7977d56ceaf1642174f9384b3d98bd,True,0.9595640499131259,,1,,True,,KEEP,AUTO_KEEP,,
1,dataset_qc_v1,27/7,27,7,27/7/0.jpg,27/7/0.npy,7c84e0446768e76c93baec9daf2230de0dac06fd953e5e696737c275d46d4123,4090d261e7d50a048570be415e6bf6c63dd0473878d6ea051f4990db1db8b712,True,0.9700514486867046,,1,,True,,KEEP,AUTO_KEEP,,
1,dataset_qc_v1,27/8,27,8,27/8/0.jpg,27/8/0.npy,764f3a2121c2efd3f025580f3f782f4f0c86759124a19e036b699d2af7a3ba84,57902283bb0dae1608417f571593bd7e4157e7ccf7613dda5b7a3e6095e02dce,True,0.9867691380349608,,1,,True,,KEEP,AUTO_KEEP,,
1,dataset_qc_v1,27/9,27,9,27/9/0.jpg,27/9/0.npy,51ecf92f6aaa1db1e267b42aacea6a983e5ed20bb5c1d12c15ded23c3b19c15d,9a54c669f7a62400be2bd1c00c92db8ac5ae01c3a3e1d2326467afcf9b3e2ca8,True,0.9711562578379734,,1,,True,,KEEP,AUTO_KEEP,,
1,dataset_qc_v1,28/0,28,0,28/0/0.jpg,28/0/0.npy,3c6c88b4c9cacb79874555f8d9405bfc4535eed5139f0554d844146ebda500bf,6693b86b79902a9f862d780ebbe2457d9b19a47b4e6c1b07d40e5f718bc6ad29,True,0.9650631342474243,,1,,True,,KEEP,AUTO_KEEP,,
1,dataset_qc_v1,28/1,28,1,28/1/0.jpg,28/1/0.npy,a83a61b50457e64aaabaf78f369e118df6f29097b24e6b00395c30d91dac2f00,8e04a25d097bc64e30ee559e2aaefcbeda8e5134d18f31b2a956d08da20b9829,True,0.9723045156656791,,1,,True,,KEEP,AUTO_KEEP,,
1,dataset_qc_v1,28/10,28,10,28/10/0.jpg,28/10/0.npy,81a167352f4bb98468d4c807434780b66e3b7b3fb618f1d81c01025799b7339c,9d64c50a4476d8e52dfea975caafe49f4c910ad9bbab37b9776d67cb0ec20993,True,0.9582692898862588,,1,,True,,KEEP,AUTO_KEEP,,
1,dataset_qc_v1,28/11,28,11,28/11/0.jpg,28/11/0.npy,3770f93a05901132e95f68384558b371f12307744c28d5ee4ecb734dc1b9adb2,80371562ea8d97d4da7474c4f1d322cda16c6aefcfbd432638ece50f18b48c67,True,0.9201486988847584,,1,,True,,KEEP,AUTO_KEEP,,
1,dataset_qc_v1,28/12,28,12,28/12/0.jpg,28/12/0.npy,e98254522b275d5bb69f8a4dac66444118886d0a9b829c96cf7e3c6c191ed693,76e6413dbca0d6b6d84c7f434b19abd57b546b94688251bfd14c3c9a3871a429,True,0.024237899713823566,,1,,True,IMAGE_GT_MISMATCH_IOU_LT_0.80,EXCLUDE,AUTO_HARD_EXCLUSION_PENDING_HUMAN_CONFIRMATION,,
1,dataset_qc_v1,28/13,28,13,28/13/0.jpg,28/13/0.npy,b35965dee50a45026dcdd3c60a92816af7f3286f69fc859fb2a951efec52ccb5,2f1df492350f70bc45d095ea3d5f6a7f9511dadfd52b56c4146dab6d4ce76744,True,0.9761621953716977,,1,,True,,KEEP,AUTO_KEEP,,
1,dataset_qc_v1,28/14,28,14,28/14/0.jpg,28/14/0.npy,bebc96c0141b164be835c4b4dc5fc2884276755ffd084997dae6bd13c60f1a50,8a3123ca196de69f4a5332e63e66e299ee053aaa8b00f23e60ad2e6a21ae87a1,True,0.9414285714285714,,1,,True,,KEEP,AUTO_KEEP,,
1,dataset_qc_v1,28/15,28,15,28/15/0.jpg,28/15/0.npy,1324fbea5a7376f3e7629fd08dc4286ba26d8b3059a0dbed9e3613c214df9629,87170d07d83512477b9965e71bc85ac575197fb3930188d4fcfe0729d79cfee0,True,0.9539183820873962,,1,,True,,KEEP,AUTO_KEEP,,
1,dataset_qc_v1,28/16,28,16,28/16/0.jpg,28/16/0.npy,ecd88155567e63b2e6c0d7b7bfb679730a6832c12132d502d8aeee16609174cb,c03ea439790bba789dccf29f0e11b973877cf723236847146ebf8f0901d4d8bb,True,0.9825556353194544,,1,,True,,KEEP,AUTO_KEEP,,
1,dataset_qc_v1,28/17,28,17,28/17/0.jpg,28/17/0.npy,1a585ea57ec19677e6f5fc0eff8f3bad92f4ac464f0110e7097913889924ec36,99066f3e1698b5972ac85d713c6f9fa9726c913ff55ef313c5553a1f5e2b0447,True,0.9699177438307873,,1,,True,,KEEP,AUTO_KEEP,,
1,dataset_qc_v1,28/18,28,18,28/18/0.jpg,28/18/0.npy,8dcf36fbc4a71ff939b258fdd48995040013c7b676a0b609a5abceb06113a33c,2baeecf423a4b80ec5f26771a3771e23e49ce15e64c39ff4a413e4822b67101a,True,0.9634464751958225,,1,,True,,KEEP,AUTO_KEEP,,
1,dataset_qc_v1,28/19,28,19,28/19/0.jpg,28/19/0.npy,008620e783a66190c87d068837325b7d7b57383d64bcac6714bec14ded8f5e11,1c5cccd8b0758bec2d986456fc1a36f5f0b9a38db071e44cc03609515e95bec6,True,0.9689700292853137,,1,,True,,KEEP,AUTO_KEEP,,
1,dataset_qc_v1,28/2,28,2,28/2/0.jpg,28/2/0.npy,857d5dbb44fdd51551cf1d2d1d0cddeffe114341ee2ef27d4c8922a64903c96e,070458bf36e5819d86a63a972aede036208d521ba8e566d56887fe86a26f96d5,True,0.9789249673920505,,1,,True,,KEEP,AUTO_KEEP,,
1,dataset_qc_v1,28/20,28,20,28/20/0.jpg,28/20/0.npy,d1ae386e2b14384177a36f9899643810bf77245d355cedcdddc41f8c05c7e6a9,bd60929da90095eaaa2af2dff1e9baa446c794ec1acf3be6faa020022acf1b6d,True,0.9448784722222222,,1,,True,,KEEP,AUTO_KEEP,,
1,dataset_qc_v1,28/3,28,3,28/3/0.jpg,28/3/0.npy,9526148d7b7bc969aea0fd77e941d7bdeb352a1dccfc8c7eb010783ba7629ba2,ca38d68e406368feed225018b88381f1cfe371e0743bee3b1a6d1bf78a8d88e3,True,0.958231684778591,,1,,True,,KEEP,AUTO_KEEP,,
1,dataset_qc_v1,28/4,28,4,28/4/0.jpg,28/4/0.npy,950afb3908adc2ce46a68836c251ea608fa5d29f3d08f104a81f678d9c579e4f,ea9f6fb4213c5ff84cfadc54dca90533472b1d194da8a26b6765c9ceb0c19d02,True,0.9646517739816032,,1,,True,,KEEP,AUTO_KEEP,,
1,dataset_qc_v1,28/5,28,5,28/5/0.jpg,28/5/0.npy,ba97da9f3433866890cfeee5e8ea4cd34de458ad6ad92262a8d0dbcd4a923c42,7ba31b03dc84bc758609d155bf3888cb4f16ba882b07400166092c551ac57809,True,0.9654394693200663,,1,,True,,KEEP,AUTO_KEEP,,
1,dataset_qc_v1,28/6,28,6,28/6/0.jpg,28/6/0.npy,ef0bd9b336e3636b9c19ab1b4fadc37c02245276895479197e984e2afe826b8f,b6604b29f74d8bd448838a7d41fa635e9b12d1372a7f07309822065bd82decc7,True,0.9513390830685429,,1,,True,,KEEP,AUTO_KEEP,,
1,dataset_qc_v1,28/7,28,7,28/7/0.jpg,28/7/0.npy,ba3b90046f6d1b7e5d1dbc3cd7fd6cfb1dd0b3e09473c36207b2d320d674e413,27f4e36744e26fbe1b987c881caedcc998e1fb3f02a2c2ac1869f866d78c80e9,True,0.9720635900601945,,1,,True,,KEEP,AUTO_KEEP,,
1,dataset_qc_v1,28/8,28,8,28/8/0.jpg,28/8/0.npy,b954f71787fa9bc4f816d69b0666c0d5c5c7e301d58886302fee7564c50f7f6b,e729066e367be443701a7c5f4933474e27f49834a7c76cc4734f36c4a45a8632,True,0.9773236651285432,,1,,True,,KEEP,AUTO_KEEP,,
1,dataset_qc_v1,28/9,28,9,28/9/0.jpg,28/9/0.npy,49a087a0d910abc58fb1c06d78cb5a248b9ddac1e124748d410695c94ab16a08,7d899741dbe23090c55a7edc38dc6cd687d5175bc443dc31b93e5526ac17b04b,True,0.9593267882187938,,1,,True,,KEEP,AUTO_KEEP,,
1,dataset_qc_v1,29/0,29,0,29/0/0.jpg,29/0/0.npy,15bafdc1ff77516ffd6711b558e97dcb11b817a8fc533697c0cc1a2efcf8eae9,c43a609a1d3ec4a56592207462d8406e40dc8f14908f5b58b56477c22c1de335,True,0.975113981762918,,1,,True,,KEEP,AUTO_KEEP,,
1,dataset_qc_v1,29/1,29,1,29/1/0.jpg,29/1/0.npy,5b8ec792c914b3e71abe7edf5008cb65ae4c8c499b03deba2f9b4f6a09519aef,64dd66bc6cdf3f81e62077b768adc0b780db6c89ed232d2c447936362c8a8c0a,True,0.9821630066834476,,1,,True,,KEEP,AUTO_KEEP,,
1,dataset_qc_v1,29/10,29,10,29/10/0.jpg,29/10/0.npy,acd9f3390663fca9b963917b26b811c2e9e8e994c95fa72fd734058927517923,83eb21a711808a90822aa1a0e4093e3519c627cf5eab08db18e3cca2934b9b7c,True,0.9672192353643967,,1,,True,,KEEP,AUTO_KEEP,,
1,dataset_qc_v1,29/11,29,11,29/11/0.jpg,29/11/0.npy,a195d068b518235161c1bc08e1e531701a7246025ff5209e5d489dd65f56dc58,911ff6e2a590082f5fd9b60d5e756547b6340220f806113398f6205b8266d1cc,True,0.9225782552324504,,1,,True,,KEEP,AUTO_KEEP,,
1,dataset_qc_v1,29/12,29,12,29/12/0.jpg,29/12/0.npy,50f3188127fe26602609e26c062468e109d8d23297b7555f71e7a28a2bef8a62,269e439368ed84c9cd61fc035f4fc8cc9b348852256a39d0a3f974383763f9b9,True,0.025374432312300705,,1,,True,IMAGE_GT_MISMATCH_IOU_LT_0.80,EXCLUDE,AUTO_HARD_EXCLUSION_PENDING_HUMAN_CONFIRMATION,,
1,dataset_qc_v1,29/13,29,13,29/13/0.jpg,29/13/0.npy,68df037101d22bcfeb4c28264ea6a078c2100d0bdf426c3a5f3e53c127a0f7ce,0f8e7cbe07f519b91db72bce9eb001023437001e99b58fc5695b6da1725c4086,True,0.9760124778142312,DUP-b873fed5dc44,2,29/5,False,EXACT_DUPLICATE_NONCANONICAL,EXCLUDE,AUTO_HARD_EXCLUSION_PENDING_HUMAN_CONFIRMATION,,
1,dataset_qc_v1,29/14,29,14,29/14/0.jpg,29/14/0.npy,f0166e2346919b8668bc21ff4c800113c08dc6c5977ff95e4a333beb93ba6d96,f9d8625d08f754767292e1755c5a5d4bcf096670f18f376dd3d367bce6c78d65,True,0.9437551695616212,,1,,True,,KEEP,AUTO_KEEP,,
1,dataset_qc_v1,29/15,29,15,29/15/0.jpg,29/15/0.npy,731cc5bc67b9327c2ae9915ea64906c848c70f7a1f32ca6a4de5b1e1a4dd5994,4ee4334d4443c90bbd953031cf5890c8b0e5bc9865b8096be6201c82707922f8,True,0.9655804214108101,,1,,True,,KEEP,AUTO_KEEP,,
1,dataset_qc_v1,29/16,29,16,29/16/0.jpg,29/16/0.npy,c2926fcd3d0bd0eeaabf161ca961623235d45234c6b16910e57cf359003e2fa4,9d9dadb589a0a3d4c5d43f5cecc20523cee87e5671ff620316781708c0e750a8,True,0.9852204168927762,,1,,True,,KEEP,AUTO_KEEP,,
1,dataset_qc_v1,29/17,29,17,29/17/0.jpg,29/17/0.npy,bafd57b9d6c2a8af43fe32e332b988271a96c1e3a0d874358dac0c2005e74520,75a427136ff795c74948df65b83ed9381f953fb3cdf2f26c1b5400435e665e53,True,0.976165119935088,,1,,True,,KEEP,AUTO_KEEP,,
1,dataset_qc_v1,29/18,29,18,29/18/0.jpg,29/18/0.npy,d2585ff91684706a771516680242fedda49078de6f03c2c1c1c53d5ea847b03c,8935b583df44f6e40c7959f592f79de87a5f0834e04271ed4516af722832b8ac,True,0.9653078924544666,,1,,True,,KEEP,AUTO_KEEP,,
1,dataset_qc_v1,29/19,29,19,29/19/0.jpg,29/19/0.npy,b362705acbc31b1975a6debb0a675e56820a26421856af8c5def9b1f34da18e6,51572ab94debd7ec228c2aa21f2f8891baa838ef4983ac815b6710f53599eb01,True,0.9706820901475868,,1,,True,,KEEP,AUTO_KEEP,,
1,dataset_qc_v1,29/2,29,2,29/2/0.jpg,29/2/0.npy,f64e4ec8793cd3a89f688d358020910bc03c46488098876e9bfc85469506c3d7,45953b7d024df7de02f5483d0357618b69a87da66783486f810e4383423ef8fd,True,0.9830441520556686,,1,,True,,KEEP,AUTO_KEEP,,
1,dataset_qc_v1,29/20,29,20,29/20/0.jpg,29/20/0.npy,8a6c5840a8fe06cc8046584b5e783652c3695564e795d531badae0579e6a9dc1,1a1a01221c31c060acd1cffb4170c51cb92cff1433cab6e2790432ce35678b7a,True,0.9567119502647939,,1,,True,,KEEP,AUTO_KEEP,,
1,dataset_qc_v1,29/3,29,3,29/3/0.jpg,29/3/0.npy,1e1dfc4c7d9509e57bc9fcce57679ff2c2271e2c3da36ec4f1ea7e8774afe3e6,404ad1f6e8a156e395a4830cda3fc545a48e041d69ea6249d01c406a4e7881df,True,0.9690971233266875,,1,,True,,KEEP,AUTO_KEEP,,
1,dataset_qc_v1,29/4,29,4,29/4/0.jpg,29/4/0.npy,59a3324b8566e8ac07e3c855c3fbb623baf530b75c034f0defa62f5094fa842e,d9955ce54d83feb88f6a2c7a627ad1eeed64d7bec95c15896018bc08a5091d07,True,0.9752648385625222,,1,,True,,KEEP,AUTO_KEEP,,
1,dataset_qc_v1,29/5,29,5,29/5/0.jpg,29/5/0.npy,68df037101d22bcfeb4c28264ea6a078c2100d0bdf426c3a5f3e53c127a0f7ce,0f8e7cbe07f519b91db72bce9eb001023437001e99b58fc5695b6da1725c4086,True,0.9760124778142312,DUP-b873fed5dc44,2,29/5,True,,KEEP,AUTO_KEEP,,
1,dataset_qc_v1,29/6,29,6,29/6/0.jpg,29/6/0.npy,862069f785c65095ba112791574fcb0741c2f3f2632337f25f3e2ed53a063106,8d3a4634cf5751287516fd8d7040ae5bf2fa7042d2d93909c9bb92fe26c17d13,True,0.9555213334541173,,1,,True,,KEEP,AUTO_KEEP,,
1,dataset_qc_v1,29/7,29,7,29/7/0.jpg,29/7/0.npy,8d92eb30128414029fd7395711ca53119a82353799bae9247dcc8ef400d6aa7c,7b8333102acff2e1d1a86f0a15bb00d3c25e295b915afbfb29525bd052b16f11,True,0.9846335697399528,,1,,True,,KEEP,AUTO_KEEP,,
1,dataset_qc_v1,29/8,29,8,29/8/0.jpg,29/8/0.npy,a88408cda49dc8b026899d079373f8e5e106e0d086c8c82405f8c9a6602b7f25,8354afe5c8d5c79c1ada1c5d8337f718457e3b315b734645c4ee74997b02a213,True,0.9775164303009339,,1,,True,,KEEP,AUTO_KEEP,,
1,dataset_qc_v1,29/9,29,9,29/9/0.jpg,29/9/0.npy,7856e343915f3dfb330d1e7b6f2872aadff80c124b1652724b95f686b6b22b38,51b4e2a8f0ba5ee890d2147274f153234ea791677094b76f521589ffd614733e,True,0.9695811903012491,,1,,True,,KEEP,AUTO_KEEP,,
1,dataset_qc_v1,3/0,3,0,3/0/0.jpg,3/0/0.npy,8c4d0556e14331f7f03e4de6fc2d8e3928b23587720573d3249f424433b40bd1,0503ac8ef00aae11253a0fe638a00fbe983427a71155b016997c56d6ebb923ca,True,0.9776349614395887,,1,,True,,KEEP,AUTO_KEEP,,
1,dataset_qc_v1,3/1,3,1,3/1/0.jpg,3/1/0.npy,f10d69ca573f10100db6b624b28ae0813dd6fe285aa230db4480b03aaabbf30f,8e8d33b7eeb0db295a73bf7c46abed0fe86767917541978856aac88287991005,True,0.9767745681521266,,1,,True,,KEEP,AUTO_KEEP,,
1,dataset_qc_v1,3/10,3,10,3/10/0.jpg,3/10/0.npy,c46aca2eee85d8a01357b0421c3663695e9dbd268ce3bc96ba5290db6d8754a6,b6adef0b7385f6713571aa0ab9903b2741a66f76b02e2ce56b0b9032a9b5b7b8,True,0.9600860677783755,,1,,True,,KEEP,AUTO_KEEP,,
1,dataset_qc_v1,3/11,3,11,3/11/0.jpg,3/11/0.npy,e21eb9f075b1bcc46c02718e2155a364b9f50ddfa337e4e6d791d14c1bc789eb,4c6fa7ee9863a6642aa4e3cc0dc0408f65157f3032a371b350a2a7a0d811a123,True,0.9665276812601343,,1,,True,,KEEP,AUTO_KEEP,,
1,dataset_qc_v1,3/12,3,12,3/12/0.jpg,3/12/0.npy,ac28985d493f274a346ad6985ceb8a3de5a35c3488948a6776f4debd2621f94b,baad2ee27f5d67bbc94765a4824d85fcfb91ee08d7f6f9c3eabfba42212dccb0,True,0.9683407060456241,,1,,True,,KEEP,AUTO_KEEP,,
1,dataset_qc_v1,3/13,3,13,3/13/0.jpg,3/13/0.npy,8d7293e8c8c00f2439542b5fd3ef479caff2a4cb451bb144098865f852644a3c,ce165d9d803d273e383404e838710337a22fe8e48153ddf0fa64427fe9bc0921,True,0.9720069740410694,DUP-104b10c6a3ae,2,3/13,True,,KEEP,AUTO_KEEP,,
1,dataset_qc_v1,3/14,3,14,3/14/0.jpg,3/14/0.npy,8d7293e8c8c00f2439542b5fd3ef479caff2a4cb451bb144098865f852644a3c,ce165d9d803d273e383404e838710337a22fe8e48153ddf0fa64427fe9bc0921,True,0.9720069740410694,DUP-104b10c6a3ae,2,3/13,False,EXACT_DUPLICATE_NONCANONICAL,EXCLUDE,AUTO_HARD_EXCLUSION_PENDING_HUMAN_CONFIRMATION,,
1,dataset_qc_v1,3/15,3,15,3/15/0.jpg,3/15/0.npy,39e689f795cc57db1e7f63e4bf569087c2d35129e1ae89afd6dc911ad19352a1,58a2f08420acf02cd320a0d1e0479b741874e181c85e444a279063796c2a52da,True,0.9586969168121,,1,,True,,KEEP,AUTO_KEEP,,
1,dataset_qc_v1,3/16,3,16,3/16/0.jpg,3/16/0.npy,421f642f1c100b6a71e8a702c363aadc4a63631a9cdbb1dcd61a5378de964ed2,bd4e7c86648dd1c4318323adb9b837cd6dd1e63f967a1b2751545da6dcaa5858,True,0.9805326876513317,,1,,True,,KEEP,AUTO_KEEP,,
1,dataset_qc_v1,3/17,3,17,3/17/0.jpg,3/17/0.npy,eeadb01c5432d1a29045f50aba3d274c3edbf3e2084ec3bdb5d7c3b1c42e614c,1e69a993fe818263a2f8b8956b511a910614a39890e863a7ade7fe886f79c72d,True,0.9763399323998069,,1,,True,,KEEP,AUTO_KEEP,,
1,dataset_qc_v1,3/18,3,18,3/18/0.jpg,3/18/0.npy,f6ac006d1b93b021a896ac0d565ac847ecf59e30aa33d6d52fb0a2647af8203f,82cc93c32ef02d6b00caf6968214078820e13a7bc84b8d3900be7e3452e5751b,True,0.9696940817687982,,1,,True,,KEEP,AUTO_KEEP,,
1,dataset_qc_v1,3/19,3,19,3/19/0.jpg,3/19/0.npy,2ca661ffc87f126882e010a9ed5e8c4d0363070ae96f2ad6532cf485b8487167,a083da72fdaf2a3b7099e7d7dc3e55f284be9baf9b141c467a19d9e1b05f655a,True,0.9763892512392381,,1,,True,,KEEP,AUTO_KEEP,,
1,dataset_qc_v1,3/2,3,2,3/2/0.jpg,3/2/0.npy,42bae100865bda5d23be9be02c19df33fbb806642ccf0c2a071b028fe9ac957d,8947281e1fc326c9791825986d5dac88af361006bc959a92e93b1c58874eeb21,True,0.9740988394435478,,1,,True,,KEEP,AUTO_KEEP,,
1,dataset_qc_v1,3/20,3,20,3/20/0.jpg,3/20/0.npy,f191c02a06373b73ea1a424c0020a0b534dca70cba82afef2d510744ef1a1d6e,ef501c606f6a0ccb3a3f62cc2048b644bc12a819204e06e74bba914c38b7aca6,True,0.9640353900953694,,1,,True,,KEEP,AUTO_KEEP,,
1,dataset_qc_v1,3/3,3,3,3/3/0.jpg,3/3/0.npy,4100dc3e541a468986bb85f924409fa127a691edcc4fac7060611687c7684086,221383fd971e21a1118d15290e453de8f1be0224065a033b526807242a24bb04,True,0.9635364635364635,,1,,True,,KEEP,AUTO_KEEP,,
1,dataset_qc_v1,3/4,3,4,3/4/0.jpg,3/4/0.npy,da07ac9903117034bca44c9e0c54f3fa0c2743ce4b85a877533e1a6f4439eece,a791a030554fe4fc5e3669d3683315c80dc1b9686b5ee6762a499d1ae7aa153c,True,0.9763851638647216,,1,,True,,KEEP,AUTO_KEEP,,
1,dataset_qc_v1,3/5,3,5,3/5/0.jpg,3/5/0.npy,f632f460f5bb36b8c4537307e0a5e9be7fa26619a0eabafe6feff21297618722,82d1cfbc57db43730c619a523f3e0ff829b6533daca26e2763495060876d278c,True,0.9178785286569717,,1,,True,,KEEP,AUTO_KEEP,,
1,dataset_qc_v1,3/6,3,6,3/6/0.jpg,3/6/0.npy,4fa1351098f3c12c73e556d02e80135893c74a30f78d619438dc142fcf5ed613,5ad9adecbfcf1be6157d3e3f73dea9c1c75730380e7c6501a8a349eb90d45904,True,0.9751853964632059,,1,,True,,KEEP,AUTO_KEEP,,
1,dataset_qc_v1,3/7,3,7,3/7/0.jpg,3/7/0.npy,2fe6f6320c7d7601079217f7a04724ca515d3725e36c739192197daef46e3162,e19001242db2c5726dca6d839004a0f5a0544ddc54fc1c62f66a41cc4621d23c,True,0.9824895626444003,,1,,True,,KEEP,AUTO_KEEP,,
1,dataset_qc_v1,3/8,3,8,3/8/0.jpg,3/8/0.npy,7322692220cb87dde411565654794f32f5ecfac59d0cbe277e161e8f89997e1d,983291e25738d53de4fcaa442c8186f8e0c73eec08e3f6e8aeb546ea74078402,True,0.9659614578969418,,1,,True,,KEEP,AUTO_KEEP,,
1,dataset_qc_v1,3/9,3,9,3/9/0.jpg,3/9/0.npy,a6836ca3f83e2a4ae4eb5bc1acc3baf9bd47badad5ab78c4caad5ec31e22605b,15cbc7bd1aa44bea5369a345c8ac7d859620ac960b1f81778f74abe1db4b0ed5,True,0.9727662435908212,,1,,True,,KEEP,AUTO_KEEP,,
1,dataset_qc_v1,30/0,30,0,30/0/0.jpg,30/0/0.npy,e2e71c2f5505cca12a7b29aba1d876a323d24bf8fc217096e28e3aa1f02f467a,4a9783c00fadc11f462750071750daa841752f1461c2259b334e40da1ecdd384,True,0.9756693527423966,,1,,True,,KEEP,AUTO_KEEP,,
1,dataset_qc_v1,30/1,30,1,30/1/0.jpg,30/1/0.npy,631518a72c22017d44d51d1f1f8ce26a65d9e9d93d26ad3d92c7907892a707ba,a67fdb81e4af3c13a010b9bad43ff20335805d571211555f1ca35159fc10bdde,True,0.980411527279912,,1,,True,,KEEP,AUTO_KEEP,,
1,dataset_qc_v1,30/10,30,10,30/10/0.jpg,30/10/0.npy,e4e85fcbe80ab6848288ea65eac14d8b8cc8915b43f43a936941e67b3aa5027b,6e0b510250efe59c88d2d97a6495f3a2f4f50dcab45c5be0c0f471b2059730ab,True,0.9657534246575342,DUP-2837f4ad0d92,2,30/10,True,,KEEP,AUTO_KEEP,,
1,dataset_qc_v1,30/11,30,11,30/11/0.jpg,30/11/0.npy,e4e85fcbe80ab6848288ea65eac14d8b8cc8915b43f43a936941e67b3aa5027b,6e0b510250efe59c88d2d97a6495f3a2f4f50dcab45c5be0c0f471b2059730ab,True,0.9657534246575342,DUP-2837f4ad0d92,2,30/10,False,EXACT_DUPLICATE_NONCANONICAL,EXCLUDE,AUTO_HARD_EXCLUSION_PENDING_HUMAN_CONFIRMATION,,
1,dataset_qc_v1,30/12,30,12,30/12/0.jpg,30/12/0.npy,c38e90a4ddb2d85b1d1914e0895413d4eafdd503f114e478895a01523af6c98d,65a0120de21b07d6c9af34547dfda805c588f085afb0195323340492d474fd97,True,0.01702468739980763,,1,,True,IMAGE_GT_MISMATCH_IOU_LT_0.80,EXCLUDE,AUTO_HARD_EXCLUSION_PENDING_HUMAN_CONFIRMATION,,
1,dataset_qc_v1,30/13,30,13,30/13/0.jpg,30/13/0.npy,c10687f50424bb7464ce8e1a0a5360b173b04d6a414dd87ecacbebd67606a657,8a30a1acbb18f48e119dc97b601f794459a85a84a480d2719a240445a23315f7,True,0.9740488548164373,DUP-6b76cbde20aa,2,30/5,False,EXACT_DUPLICATE_NONCANONICAL,EXCLUDE,AUTO_HARD_EXCLUSION_PENDING_HUMAN_CONFIRMATION,,
1,dataset_qc_v1,30/14,30,14,30/14/0.jpg,30/14/0.npy,3ac9bbf709a8b856205c41153ef89521441acd3f696eefa6dd72d3016fb973d4,ebe658d30c701ab754a78da476352c16228e4ef2484c7372e757d05f5c24936a,True,0.9598302101666839,,1,,True,,KEEP,AUTO_KEEP,,
1,dataset_qc_v1,30/15,30,15,30/15/0.jpg,30/15/0.npy,9c11ea9afd9282a36827399245de293388a9f6c0a83e2138208ef6fae3528c86,c6ccd22086c86a5b6cd716761a83571c18df69959222d35b58d8290a85167d88,True,0.962809364548495,,1,,True,,KEEP,AUTO_KEEP,,
1,dataset_qc_v1,30/16,30,16,30/16/0.jpg,30/16/0.npy,a098884c9e112bcb9a8e4abbe9833cedb25a291ce167b885c8fa738b8a5eafd2,7eae957db054c41172da2108f7bc4509a2cb3ffdbf206a4258b0be927bceb929,True,0.9844899582421953,,1,,True,,KEEP,AUTO_KEEP,,
1,dataset_qc_v1,30/17,30,17,30/17/0.jpg,30/17/0.npy,f81e7f0a307acec666cd95ca45e5a05bf16b3ea3d189aac05c8c90da55b41635,478c52a76ee0a2f587f9c772707d7c80658926bd830c98b6195d1c4892633d06,True,0.9723309702676965,,1,,True,,KEEP,AUTO_KEEP,,
1,dataset_qc_v1,30/18,30,18,30/18/0.jpg,30/18/0.npy,980ba5c9d6f8c201d9ad883c863a91ad0cd47e08eadf3c9cfa54ee22eaf58c65,14b90acedbbe7536da5ca87b0833ab5df9ec04ca98b82f2acc3a78d3946d47c2,True,0.9674910144305563,,1,,True,,KEEP,AUTO_KEEP,,
1,dataset_qc_v1,30/19,30,19,30/19/0.jpg,30/19/0.npy,9d84518b021573e5f00348b11a465cf2332a06171d2638c53881078db56ebac0,d9236fccf506cb97a3bebca03332957090e2383a3884bbcb485d241149fb137c,True,0.9714707888156399,,1,,True,,KEEP,AUTO_KEEP,,
1,dataset_qc_v1,30/2,30,2,30/2/0.jpg,30/2/0.npy,c50669b8868173f6fb41eaf164f8476eb12b7d188460ffa6f54ea54c2937cb20,e0835a28c433dde5ad0fdeca461f2fbbec5f521c5d43a35f417b1d59bd2788d9,True,0.9761798829528732,DUP-563c1cd2fad1,2,30/2,True,,KEEP,AUTO_KEEP,,
1,dataset_qc_v1,30/20,30,20,30/20/0.jpg,30/20/0.npy,e74a1f1ec2cc10170dcf323f8693554c77a50d5d9c47870969575f11d7730006,9ff3b7e8f5afa44cdc45be22cfc23916a9171189152cd38c45d3a64d76292843,True,0.9489845972726381,,1,,True,,KEEP,AUTO_KEEP,,
1,dataset_qc_v1,30/3,30,3,30/3/0.jpg,30/3/0.npy,c50669b8868173f6fb41eaf164f8476eb12b7d188460ffa6f54ea54c2937cb20,e0835a28c433dde5ad0fdeca461f2fbbec5f521c5d43a35f417b1d59bd2788d9,True,0.9761798829528732,DUP-563c1cd2fad1,2,30/2,False,EXACT_DUPLICATE_NONCANONICAL,EXCLUDE,AUTO_HARD_EXCLUSION_PENDING_HUMAN_CONFIRMATION,,
1,dataset_qc_v1,30/4,30,4,30/4/0.jpg,30/4/0.npy,da7315bb6a69e793c62e020def07b9e1de8eaa4d76fdaf7ea4bdbf016cfeffb7,98609a66ba447ac437a286b74a10eef91ef5b441fbe0843489fa41bd91ce41a4,True,0.973358469090133,,1,,True,,KEEP,AUTO_KEEP,,
1,dataset_qc_v1,30/5,30,5,30/5/0.jpg,30/5/0.npy,c10687f50424bb7464ce8e1a0a5360b173b04d6a414dd87ecacbebd67606a657,8a30a1acbb18f48e119dc97b601f794459a85a84a480d2719a240445a23315f7,True,0.9740488548164373,DUP-6b76cbde20aa,2,30/5,True,,KEEP,AUTO_KEEP,,
1,dataset_qc_v1,30/6,30,6,30/6/0.jpg,30/6/0.npy,f3e771c0e5d699c2d8084e6236888df0b5c25412f33fa52f3801231849f90607,409ee9d5eee8cb8b6d9bd18b2bd4a51abbcc96a401f87bbb84230403972e7e0a,True,0.9531114952463267,,1,,True,,KEEP,AUTO_KEEP,,
1,dataset_qc_v1,30/7,30,7,30/7/0.jpg,30/7/0.npy,7a6a7009448919ef93a42aaaad8b6603ac0cb6cf804b0f755f2f07a53a196107,214b77d2cbb47ae1f30ca6e30deefcc11c54b5a6aec0cd9e7252f710d6541734,True,0.9791534615113741,,1,,True,,KEEP,AUTO_KEEP,,
1,dataset_qc_v1,30/8,30,8,30/8/0.jpg,30/8/0.npy,7b22f02f298059f93bfb12ff017760d5793cae868e0b06a351f54e9421a4dd30,002d31539674534a287505d2954c9bbcea4517b75ed00f39ee6c34eaed6403b1,True,0.9760246841512739,,1,,True,,KEEP,AUTO_KEEP,,
1,dataset_qc_v1,30/9,30,9,30/9/0.jpg,30/9/0.npy,309f257c46825b4891b551ae7109c07fadd91cbca532dfd062678c4977b34c35,2556ba791540095fe2b54dcd94709d00d934591a35d14dded4b86d992dd09bb3,True,0.9736217995256764,,1,,True,,KEEP,AUTO_KEEP,,
1,dataset_qc_v1,31/0,31,0,31/0/0.jpg,31/0/0.npy,1ff4fd08bc954269484c7cd1bbc04b6037f20979625f02624b2a9aabaab1e473,63f4165aa0a7c73751ba547638de95a86877868b7889cb14745fefd93887484c,True,0.9752660479129209,,1,,True,,KEEP,AUTO_KEEP,,
1,dataset_qc_v1,31/1,31,1,31/1/0.jpg,31/1/0.npy,333fbf701ca6880e73d55ada4d2d740515a9b4465ad9b7a3b1aa7bd145d2a078,f2174a83b6a9288901b1fecf0aa0822ca6537d9d813a4eff6cdba127664062f7,True,0.975366050497675,,1,,True,,KEEP,AUTO_KEEP,,
1,dataset_qc_v1,31/10,31,10,31/10/0.jpg,31/10/0.npy,c743fcd0a8d617eeaaad87d87a717521cfa28a2e3523f22e0303716e2bb36bed,ce1458f907e69aadf581e592611a5b7009a29d430151f9049a10f87c6c8ed6fa,True,0.9630086313193588,DUP-926dacbae2e2,2,31/10,True,,KEEP,AUTO_KEEP,,
1,dataset_qc_v1,31/11,31,11,31/11/0.jpg,31/11/0.npy,c743fcd0a8d617eeaaad87d87a717521cfa28a2e3523f22e0303716e2bb36bed,ce1458f907e69aadf581e592611a5b7009a29d430151f9049a10f87c6c8ed6fa,True,0.9630086313193588,DUP-926dacbae2e2,2,31/10,False,EXACT_DUPLICATE_NONCANONICAL,EXCLUDE,AUTO_HARD_EXCLUSION_PENDING_HUMAN_CONFIRMATION,,
1,dataset_qc_v1,31/12,31,12,31/12/0.jpg,31/12/0.npy,a3bd0b394606c9d9deb74fcdd61c5adcff55c3e884785aef8d1bd1903b44ee95,a289ef143f3a73cf497758c7f26ac9c4d6d171bd39ce97d8cce980558baf8553,True,0.01727814882449845,,1,,True,IMAGE_GT_MISMATCH_IOU_LT_0.80,EXCLUDE,AUTO_HARD_EXCLUSION_PENDING_HUMAN_CONFIRMATION,,
1,dataset_qc_v1,31/13,31,13,31/13/0.jpg,31/13/0.npy,e0947dd99ee4cfef688269910f9aab29b9db90ddebb3e84d39482b6d92f5db9a,60203cdf129000f97fdae5034c7108908b053594fbb657fadc454f114dabaf7b,True,0.971841120598676,DUP-cf7a4cd7caa8,2,31/5,False,EXACT_DUPLICATE_NONCANONICAL,EXCLUDE,AUTO_HARD_EXCLUSION_PENDING_HUMAN_CONFIRMATION,,
1,dataset_qc_v1,31/14,31,14,31/14/0.jpg,31/14/0.npy,a7379ba342c52757337ef722c2e8906ad8217231dace0edaa9134c0a9f61486f,a66d3343e8a8ac6df24cfc924624cecc190906068596d59c71c9603c7fd68210,True,0.9524068830320191,,1,,True,,KEEP,AUTO_KEEP,,
1,dataset_qc_v1,31/15,31,15,31/15/0.jpg,31/15/0.npy,a3b1c27f5ef6c06761980827250e9118e9c9a72195fb161189933c5bb6d67b44,5f05e55e8b798d22683feb29f81dc84575069bf17c73f67379351e91c1c32c86,True,0.9522734601741374,,1,,True,,KEEP,AUTO_KEEP,,
1,dataset_qc_v1,31/16,31,16,31/16/0.jpg,31/16/0.npy,6101b0fe3800b98064b28e9c01af27d1288a7cb50eede5992225169dcded1b40,b69a731522bce6a135aeb553f5f18038ff5933fffd533403a465faf7c221c027,True,0.9778553853480435,,1,,True,,KEEP,AUTO_KEEP,,
1,dataset_qc_v1,31/17,31,17,31/17/0.jpg,31/17/0.npy,5f07187b3359db836cda89998741f64c6984d13a64004bc58ed1299f2d518d4c,fab1af9c5933baa95c73672ca20bff23a2b35ade840607291539c75780528992,True,0.9613907155413763,,1,,True,,KEEP,AUTO_KEEP,,
1,dataset_qc_v1,31/18,31,18,31/18/0.jpg,31/18/0.npy,6fd344d3e962ef3991b6a18646550da4fb9d724171135acdde5a2c2b84dcfcec,98ae39856e2d581dc4e29370b5a13a7c37c8b13403ee64152462b1128f100bec,True,0.9639057316096556,,1,,True,,KEEP,AUTO_KEEP,,
1,dataset_qc_v1,31/19,31,19,31/19/0.jpg,31/19/0.npy,40f0c77ec57c8ed4adce233d59303aff8050c44b0af77b51aa75d02a4b120015,9d29e1fcca6d49aa9a24352a45a6a5b35fcb1b8537f5aaaaec41b7e3b26d38ac,True,0.9651352694738337,,1,,True,,KEEP,AUTO_KEEP,,
1,dataset_qc_v1,31/2,31,2,31/2/0.jpg,31/2/0.npy,e879a6ff4e16788ab68616bbdf6e6d6299891cd7c6aa5d35c76ea2313b38747a,6a45ccc067df2a7e9d7233761d4a79e65a1e5715a75ca6ada445baf820e9a912,True,0.9815557976984612,DUP-6a37fb18f4ee,2,31/2,True,,KEEP,AUTO_KEEP,,
1,dataset_qc_v1,31/20,31,20,31/20/0.jpg,31/20/0.npy,8f5d66d17335ddf98bb0b32c7d5ed97ce72830ecafe1cd09fa99ee818720ad9b,4079b780843b7c9786a09c4990290989a7281c4c37c08bd90174a640e78b0a72,True,0.9393746822572445,,1,,True,,KEEP,AUTO_KEEP,,
1,dataset_qc_v1,31/3,31,3,31/3/0.jpg,31/3/0.npy,e879a6ff4e16788ab68616bbdf6e6d6299891cd7c6aa5d35c76ea2313b38747a,6a45ccc067df2a7e9d7233761d4a79e65a1e5715a75ca6ada445baf820e9a912,True,0.9815557976984612,DUP-6a37fb18f4ee,2,31/2,False,EXACT_DUPLICATE_NONCANONICAL,EXCLUDE,AUTO_HARD_EXCLUSION_PENDING_HUMAN_CONFIRMATION,,
1,dataset_qc_v1,31/4,31,4,31/4/0.jpg,31/4/0.npy,271683aac147dc1f03ca898c72f99f63396464d4498c8150aab419e2c689301f,2e4e403b6edadcc7b90a63ceec44c88b511d9e5e71652084a69a19ee58953b0d,True,0.9771421963535443,,1,,True,,KEEP,AUTO_KEEP,,
1,dataset_qc_v1,31/5,31,5,31/5/0.jpg,31/5/0.npy,e0947dd99ee4cfef688269910f9aab29b9db90ddebb3e84d39482b6d92f5db9a,60203cdf129000f97fdae5034c7108908b053594fbb657fadc454f114dabaf7b,True,0.971841120598676,DUP-cf7a4cd7caa8,2,31/5,True,,KEEP,AUTO_KEEP,,
1,dataset_qc_v1,31/6,31,6,31/6/0.jpg,31/6/0.npy,5ffe91db722b69a60686e9db97fe6b7fd8547055b3b19b043851614cb654c301,8000781dcba35ed88fd7211828e500eb898c55372a608d936e2a6108ded84562,True,0.949641530621059,,1,,True,,KEEP,AUTO_KEEP,,
1,dataset_qc_v1,31/7,31,7,31/7/0.jpg,31/7/0.npy,f71071900af0073f60601a3d057b951fa029baa74f35a56200023738489eac38,413a05638e81f926f8bb6fd89485a899e8a2f558a04389eebf668b2cd3061c36,True,0.9726587728740581,,1,,True,,KEEP,AUTO_KEEP,,
1,dataset_qc_v1,31/8,31,8,31/8/0.jpg,31/8/0.npy,0323953873e9b0b19f3d5b997b5cb581b8ac5c984b2b6ff78ffa151de00895a3,9bedd07625b643ba559b621b2ef0b62c1212c0719efb94e5d60b7615567b62dc,True,0.9741674595623216,,1,,True,,KEEP,AUTO_KEEP,,
1,dataset_qc_v1,31/9,31,9,31/9/0.jpg,31/9/0.npy,607338aeadb00eb0fa78a24124d5757da3ec1f174ae10c186be37e5ec5310d74,0d8c0b9ad271f789a014b3f7c1b67f961ae5913031e2e8609962f1f9a15c5e49,True,0.9707120465741156,,1,,True,,KEEP,AUTO_KEEP,,
1,dataset_qc_v1,32/0,32,0,32/0/0.jpg,32/0/0.npy,9a213f28c2435043d1123730850a9babcc89c627a3804f9115d6517675b93c9b,a0c053532712eae5a916f11387ee8c8aee2f8b79de5a38e9392af7d950037c01,True,0.9722590418481348,,1,,True,,KEEP,AUTO_KEEP,,
1,dataset_qc_v1,32/1,32,1,32/1/0.jpg,32/1/0.npy,e6b82ab63a7cf5251cfccc3db87a5c28e34d10383585b57cfc8ab1d565c8ef71,8f862433e465bae4d9b3f3188c62c2c92da28b9315aff2c6c3b11ec759d24d99,True,0.9734426100319161,,1,,True,,KEEP,AUTO_KEEP,,
1,dataset_qc_v1,32/10,32,10,32/10/0.jpg,32/10/0.npy,ecbc9a0852ed8d6646b6ab0223d43761d33b7b7fb4eb9fc961e359b9ea6f7dae,9e8a381ca1a5fa960c555bd21b2f16ce176ffd3d4c6be34eee3fb7c6743ecc38,True,0.9639160184806129,DUP-b63590c9e405,2,32/10,True,,KEEP,AUTO_KEEP,,
1,dataset_qc_v1,32/11,32,11,32/11/0.jpg,32/11/0.npy,ecbc9a0852ed8d6646b6ab0223d43761d33b7b7fb4eb9fc961e359b9ea6f7dae,9e8a381ca1a5fa960c555bd21b2f16ce176ffd3d4c6be34eee3fb7c6743ecc38,True,0.9639160184806129,DUP-b63590c9e405,2,32/10,False,EXACT_DUPLICATE_NONCANONICAL,EXCLUDE,AUTO_HARD_EXCLUSION_PENDING_HUMAN_CONFIRMATION,,
1,dataset_qc_v1,32/12,32,12,32/12/0.jpg,32/12/0.npy,c4e687a8700acd5843f57949a8aa548cec47a0d6c6fe56f8c669f1bfa381fca8,8de5e6cb78fe9682813131bf35184979825e81387933c584bcd2c131f091789c,True,0.05830636298559229,,1,,True,IMAGE_GT_MISMATCH_IOU_LT_0.80,EXCLUDE,AUTO_HARD_EXCLUSION_PENDING_HUMAN_CONFIRMATION,,
1,dataset_qc_v1,32/13,32,13,32/13/0.jpg,32/13/0.npy,0c28b7874d4b45c39f0e8186c44f0523b4ab68958669e90d54c936929f55e48e,1189656d07dbb98d30d3c23e29783a5ce235f286ff3ab6a76cf395ee3acfdb00,True,0.9716387571387087,DUP-6472bc3d01e0,2,32/5,False,EXACT_DUPLICATE_NONCANONICAL,EXCLUDE,AUTO_HARD_EXCLUSION_PENDING_HUMAN_CONFIRMATION,,
1,dataset_qc_v1,32/14,32,14,32/14/0.jpg,32/14/0.npy,ca0221257825c427849bc1152ffe7de9263508f2396f491b784a786417ff4d70,aafe96c57aeb3afe688c3976e7c3d0cac5789edb6929d54b224eb5475e9de198,True,0.9556956908400033,,1,,True,,KEEP,AUTO_KEEP,,
1,dataset_qc_v1,32/15,32,15,32/15/0.jpg,32/15/0.npy,02c4477512de3e9608fca7068af562aab7f59f293c9c51dc80ca4a78597e485f,824c17deca282abcacc74c9fc3e9481756111eb1f216d443ec414f1780067797,True,0.9537075537075537,,1,,True,,KEEP,AUTO_KEEP,,
1,dataset_qc_v1,32/16,32,16,32/16/0.jpg,32/16/0.npy,d5a50ff429a70b88b035b29e18fdcb8368e863e68f0466d0e6fbc8ad811bfb5a,2e50d1571a82406883e06dab0080a82813071075f0a263cc8a20a9afa9699afe,True,0.9796524529719026,,1,,True,,KEEP,AUTO_KEEP,,
1,dataset_qc_v1,32/17,32,17,32/17/0.jpg,32/17/0.npy,caa9df0a25256841909cbdd4fc667e63c4656bd318f01e4e6224b7d02224a99a,580942a71449f3d422b61bec3cf8f3611583f0633c5e0fef2b6d774aa70bd9b0,True,0.9604999140056183,,1,,True,,KEEP,AUTO_KEEP,,
1,dataset_qc_v1,32/18,32,18,32/18/0.jpg,32/18/0.npy,4e4ddf55197fffca15446041ffbe8b545fa55c47e660ea731fdefbaa67c76841,b6be607b2903f319bdc10126d870ff87de3d32544cf9c68ef7ea2cc66147ee3c,True,0.9692788215001632,,1,,True,,KEEP,AUTO_KEEP,,
1,dataset_qc_v1,32/19,32,19,32/19/0.jpg,32/19/0.npy,6501604ec74033090036cdb1dedf7d9e61ff74c86b4624565624f77959971ec6,96a12e72aebcaa4f1266db184f70e9b4649a84c6b76d1e0c1a5f8824ff0f6dfa,True,0.9722209318530218,,1,,True,,KEEP,AUTO_KEEP,,
1,dataset_qc_v1,32/2,32,2,32/2/0.jpg,32/2/0.npy,c01ecfdb42140d885f132324c79386a828bccd9d8a416c343c3ce88e3d4c684b,4b450b009cf359e182d2d172d72c9f43544b25a9ab45604a61891f0854965cdc,True,0.9807390459974993,DUP-4c737efc25aa,2,32/2,True,,KEEP,AUTO_KEEP,,
1,dataset_qc_v1,32/20,32,20,32/20/0.jpg,32/20/0.npy,5c772cb76abcafdb1d2100b88dc757e9e7884d25fd4e64294d70b5bb1b42ff1f,2eed93db46b413c84c973e06855359dc434c0e504024ade76816f6bb6f61abe6,True,0.9521329555027954,,1,,True,,KEEP,AUTO_KEEP,,
1,dataset_qc_v1,32/3,32,3,32/3/0.jpg,32/3/0.npy,c01ecfdb42140d885f132324c79386a828bccd9d8a416c343c3ce88e3d4c684b,4b450b009cf359e182d2d172d72c9f43544b25a9ab45604a61891f0854965cdc,True,0.9807390459974993,DUP-4c737efc25aa,2,32/2,False,EXACT_DUPLICATE_NONCANONICAL,EXCLUDE,AUTO_HARD_EXCLUSION_PENDING_HUMAN_CONFIRMATION,,
1,dataset_qc_v1,32/4,32,4,32/4/0.jpg,32/4/0.npy,876673f3d8dfeca7e5af9898d4e4a682b87a3ff3e676a6ea7f6d397ab9b0344a,1f674f135a814ee013d5d1532906258dabb9e53973f039f955ba391ba837b2cc,True,0.9695835283107159,,1,,True,,KEEP,AUTO_KEEP,,
1,dataset_qc_v1,32/5,32,5,32/5/0.jpg,32/5/0.npy,0c28b7874d4b45c39f0e8186c44f0523b4ab68958669e90d54c936929f55e48e,1189656d07dbb98d30d3c23e29783a5ce235f286ff3ab6a76cf395ee3acfdb00,True,0.9716387571387087,DUP-6472bc3d01e0,2,32/5,True,,KEEP,AUTO_KEEP,,
1,dataset_qc_v1,32/6,32,6,32/6/0.jpg,32/6/0.npy,969b10d0a89ed46f89565c7532536b32488df11f4ff311ac3f95085f2e11a14e,9fc982f25f839d441bec4f646d7bc68c6b3363ac24a3a3921017253989ec86b2,True,0.9549034641388443,,1,,True,,KEEP,AUTO_KEEP,,
1,dataset_qc_v1,32/7,32,7,32/7/0.jpg,32/7/0.npy,1fef20eb05a64a9dcb025beb65bf1d8bd7d114d848676a9fa478e711bf770cb3,c919a9d76d2b336335c8fd97b4c1ccf0820e8aec7dc8f73a45619593c2cfb225,True,0.9779398292352229,,1,,True,,KEEP,AUTO_KEEP,,
1,dataset_qc_v1,32/8,32,8,32/8/0.jpg,32/8/0.npy,84ae78edcc44c7985275d68ecb1b5d3e0cc2b0e50045c9e0f9b51c7b192409b1,d63622327182b1064a163818133097c298b68c255a4d75526e9ade9475c51e35,True,0.979494498065873,,1,,True,,KEEP,AUTO_KEEP,,
1,dataset_qc_v1,32/9,32,9,32/9/0.jpg,32/9/0.npy,7049e2eff43a1c9498d17ec1f7abd8afb703f35e0019802c8b39a59ac28a755b,a670208cdb2faac27648ee542c5a8b51565d14248b7c7aa4167b0e648ea7181b,True,0.9718491539570528,,1,,True,,KEEP,AUTO_KEEP,,
1,dataset_qc_v1,33/0,33,0,33/0/0.jpg,33/0/0.npy,c4b3ddbdd0c4aa33c119d0418912ca9f9fb1ad22005996aefe7816163ad0fecd,aa7b81ddd21778e1a276064f61e6de0fe415e29e8749c8abf7c7b65ccdd0a4cc,True,0.9602007070361501,,1,,True,,KEEP,AUTO_KEEP,,
1,dataset_qc_v1,33/1,33,1,33/1/0.jpg,33/1/0.npy,b05b22ccc569ecbcd834640e9907b699bc59845e0d650a9cb9908e99b79c8b10,cfcc34c243d091b1fa2b3542778439af9c771ffabee42f5fee638bcacc2f2470,True,0.9701113967437874,,1,,True,,KEEP,AUTO_KEEP,,
1,dataset_qc_v1,33/10,33,10,33/10/0.jpg,33/10/0.npy,ee1077cc9170a66ea95ef56b10daeca3ffea7e4262d5723a6a683c25ed4f3c86,cddec8a720016cb40870eaa8da09884ddf9627ab0be7022823c9305f37e4dabb,True,0.9621702107859104,DUP-ee5fe628e9e0,2,33/10,True,,KEEP,AUTO_KEEP,,
1,dataset_qc_v1,33/11,33,11,33/11/0.jpg,33/11/0.npy,ee1077cc9170a66ea95ef56b10daeca3ffea7e4262d5723a6a683c25ed4f3c86,cddec8a720016cb40870eaa8da09884ddf9627ab0be7022823c9305f37e4dabb,True,0.9621702107859104,DUP-ee5fe628e9e0,2,33/10,False,EXACT_DUPLICATE_NONCANONICAL,EXCLUDE,AUTO_HARD_EXCLUSION_PENDING_HUMAN_CONFIRMATION,,
1,dataset_qc_v1,33/12,33,12,33/12/0.jpg,33/12/0.npy,ca870394d93b6dff287699dff44ce1488e4bfd4268d285b8474f9222ef895812,c2e48055870a1bf767e6f1f3433567537b786e733f24676dfaadf918bcf7b6de,True,0.0029105296956891016,,1,,True,IMAGE_GT_MISMATCH_IOU_LT_0.80,EXCLUDE,AUTO_HARD_EXCLUSION_PENDING_HUMAN_CONFIRMATION,,
1,dataset_qc_v1,33/13,33,13,33/13/0.jpg,33/13/0.npy,aced3436382ba3843c80187615ba54999b51fb9a8b2796f385048e5be1bbbf6a,ab726811e2fbb3fdf4cea0a65f0a33270aa38f658bc7f21553c98230464bc283,True,0.9650441284156165,DUP-bec2260936fc,2,33/5,False,EXACT_DUPLICATE_NONCANONICAL,EXCLUDE,AUTO_HARD_EXCLUSION_PENDING_HUMAN_CONFIRMATION,,
1,dataset_qc_v1,33/14,33,14,33/14/0.jpg,33/14/0.npy,9cf9bdfdc9bec7236947e9689e6c0d7b56e75b250dc4d669611b205cae794f70,1072b96be43a3931a04382fbdbb453425ed9e3528a5b95f04b8525c72f042f0c,True,0.9494915707786995,,1,,True,,KEEP,AUTO_KEEP,,
1,dataset_qc_v1,33/15,33,15,33/15/0.jpg,33/15/0.npy,b2c1915a6e30878f8eb16868bfeeef396e092b29c57dd88187691e13f86aa466,217ba12699e4f16c5e279ab01bf98bd7dfa65ec0968c3dd5d392c68b60010e0f,True,0.9556851579720793,,1,,True,,KEEP,AUTO_KEEP,,
1,dataset_qc_v1,33/16,33,16,33/16/0.jpg,33/16/0.npy,23a92f8662be21e4c2666b1088ab96edb2253d2c71add3f21d2d668994441b93,0ce183d8f5a3d3656cacfe43e9fd8673be42fbb2ad0f7fd89891705d64720f6d,True,0.9790222588246059,,1,,True,,KEEP,AUTO_KEEP,,
1,dataset_qc_v1,33/17,33,17,33/17/0.jpg,33/17/0.npy,0a84dc739729a8e8c8d5dfd16417577ab24e88bfd77047902c9e0b64af18b6f1,9ea0b16697f1eb32aa74f29ae7757656124e9aebb108e26d9304f90b539147a9,True,0.961412588477053,,1,,True,,KEEP,AUTO_KEEP,,
1,dataset_qc_v1,33/18,33,18,33/18/0.jpg,33/18/0.npy,d149c19066c42a7fc4246b0bff5de430eeb335945457bcc552c1f0b0c7f6e329,22eaf8c726ed0959a0b3a5e5bb18a647168bcbb6ab8a0cfa5e148945550849fb,True,0.9631390662500566,,1,,True,,KEEP,AUTO_KEEP,,
1,dataset_qc_v1,33/19,33,19,33/19/0.jpg,33/19/0.npy,161c8da901b21ce925ca8fbe4874901d335faa43ce366bcf57c39c8fb0447410,a29d7d864a97faaf60c69f23caab193aeee9a15c362d33a1c071ee28f591d9e0,True,0.9705861097058611,,1,,True,,KEEP,AUTO_KEEP,,
1,dataset_qc_v1,33/2,33,2,33/2/0.jpg,33/2/0.npy,586301a29a5786a436423752afcd2673ccc7a320d9add74d1946c6cc32fdcd19,cc4944ce6722b52b7582061e2473a1144650780738ce74019bdf0b8ccaf5a62e,True,0.9776084245531385,DUP-be12aebe6f5a,2,33/2,True,,KEEP,AUTO_KEEP,,
1,dataset_qc_v1,33/20,33,20,33/20/0.jpg,33/20/0.npy,e3713ca476d0fca42d396a390aaf61b3048c1d31a012f61408d02cc04b282f06,3853954a1d0a5f20a26f87d0dda33743cd4fe3272555968cd8b884585c66e7a0,True,0.9525745257452575,,1,,True,,KEEP,AUTO_KEEP,,
1,dataset_qc_v1,33/3,33,3,33/3/0.jpg,33/3/0.npy,586301a29a5786a436423752afcd2673ccc7a320d9add74d1946c6cc32fdcd19,cc4944ce6722b52b7582061e2473a1144650780738ce74019bdf0b8ccaf5a62e,True,0.9776084245531385,DUP-be12aebe6f5a,2,33/2,False,EXACT_DUPLICATE_NONCANONICAL,EXCLUDE,AUTO_HARD_EXCLUSION_PENDING_HUMAN_CONFIRMATION,,
1,dataset_qc_v1,33/4,33,4,33/4/0.jpg,33/4/0.npy,91cb072651679756bc13b8d9e272f81177cfd0ce61c448e81a1320967d5de6bc,13860e8629bb64423cd31c25ba38745bde2551b4affaa9d322d043dc50d7daa3,True,0.9697647374541551,,1,,True,,KEEP,AUTO_KEEP,,
1,dataset_qc_v1,33/5,33,5,33/5/0.jpg,33/5/0.npy,aced3436382ba3843c80187615ba54999b51fb9a8b2796f385048e5be1bbbf6a,ab726811e2fbb3fdf4cea0a65f0a33270aa38f658bc7f21553c98230464bc283,True,0.9650441284156165,DUP-bec2260936fc,2,33/5,True,,KEEP,AUTO_KEEP,,
1,dataset_qc_v1,33/6,33,6,33/6/0.jpg,33/6/0.npy,b77417e90c992ce53b303b65d78c8a3f9316118aae5952084361f0b7f480ed33,3bd908ba5d1ad5d655ecb937dcaf683e4ef7820c473b1cbdaaaf885043987367,True,0.9420568174293094,,1,,True,,KEEP,AUTO_KEEP,,
1,dataset_qc_v1,33/7,33,7,33/7/0.jpg,33/7/0.npy,eaf4533920f7ead56691b45ecf434bcff8077c7344df9a2f454c6e50b164250e,81ee187f373f88f3cfd1bedc3b80a6beead54b243532d09e2e9551c77d16281b,True,0.9715881197839961,,1,,True,,KEEP,AUTO_KEEP,,
1,dataset_qc_v1,33/8,33,8,33/8/0.jpg,33/8/0.npy,84641e5c4f8789ef4f1f78657dc52a8e5390f64815e4e9456bd2ad16933d2a51,af66f8cc2f178c6388fd34f59902f89b1911ae36235da5fa143b98b5ae32a357,True,0.9715769776745387,,1,,True,,KEEP,AUTO_KEEP,,
1,dataset_qc_v1,33/9,33,9,33/9/0.jpg,33/9/0.npy,1db32492e607e14229e01385696bed668455a3ed0fa51f2f859e92fce40a95f0,fe41a57c64242b16f401ca870bde98ce61fe4c90f63a78bb46a22e5abae5ca73,True,0.9626320949994552,,1,,True,,KEEP,AUTO_KEEP,,
1,dataset_qc_v1,34/0,34,0,34/0/0.jpg,34/0/0.npy,8f9b7314b74139930183d30aaae7f90b0184b18e360f41bc35257f2ebb44fffa,e61bfad050dda9bc298345fd0d3b6ea8bc822d3797bd16e112dd4e6849704ccb,True,0.9686119873817035,,1,,True,,KEEP,AUTO_KEEP,,
1,dataset_qc_v1,34/1,34,1,34/1/0.jpg,34/1/0.npy,a72258c4b26e33ffbfd1df8785227037f1c140da9f9781a7c4484b9cd32332b4,fcb597aa640a1b83327fd76f7f87ba8885f2543498c29d86b94448f3d0ccfdd9,True,0.9762639774987995,,1,,True,,KEEP,AUTO_KEEP,,
1,dataset_qc_v1,34/10,34,10,34/10/0.jpg,34/10/0.npy,2f2b35664e8844352ec675b8b522ca013b3e0db5ae893b40b3eb4bbdcc781360,a87456c86c92f91609137d6e95f6c1d54481b0498ae09368453cf567cd48d609,True,0.9678844317096467,DUP-6bd910564644,2,34/10,True,,KEEP,AUTO_KEEP,,
1,dataset_qc_v1,34/11,34,11,34/11/0.jpg,34/11/0.npy,2f2b35664e8844352ec675b8b522ca013b3e0db5ae893b40b3eb4bbdcc781360,a87456c86c92f91609137d6e95f6c1d54481b0498ae09368453cf567cd48d609,True,0.9678844317096467,DUP-6bd910564644,2,34/10,False,EXACT_DUPLICATE_NONCANONICAL,EXCLUDE,AUTO_HARD_EXCLUSION_PENDING_HUMAN_CONFIRMATION,,
1,dataset_qc_v1,34/12,34,12,34/12/0.jpg,34/12/0.npy,91a4aa7d389582152b346c149abeba4e3b5b94f60b5a2bca3612d78947f006ac,7e4f558ff834a3cb6dd1ad96358bc1ae5cad10fb520bb8193d4961cd74c2d8be,True,0.013345012923249954,,1,,True,IMAGE_GT_MISMATCH_IOU_LT_0.80,EXCLUDE,AUTO_HARD_EXCLUSION_PENDING_HUMAN_CONFIRMATION,,
1,dataset_qc_v1,34/13,34,13,34/13/0.jpg,34/13/0.npy,08a95f4770ee1a2341a9a91759290c225a374319b795de9c0000ee175d859cfd,cc747d939eaf728b8321f379eddb6ff375ae1e2bc7265d8dd9af8f005c8811a2,True,0.967574365704287,DUP-a15de5db36a2,2,34/5,False,EXACT_DUPLICATE_NONCANONICAL,EXCLUDE,AUTO_HARD_EXCLUSION_PENDING_HUMAN_CONFIRMATION,,
1,dataset_qc_v1,34/14,34,14,34/14/0.jpg,34/14/0.npy,b21a1da36bfdc7ff1ac15f8a1fb851a0a10a4685635d3be28ee370494a07ed7c,5f04fa194ccc67f4be2a70d22796b79f6038be076a4d222496013433a0e45dc0,True,0.9618030266245853,,1,,True,,KEEP,AUTO_KEEP,,
1,dataset_qc_v1,34/15,34,15,34/15/0.jpg,34/15/0.npy,6f8d02ca97a44ce0397282367b865f81e1748a8933e256903e8a492640790a74,c11e7d54f42d365a5693f256fefa64f077cf04726eaac1c12270cc4acd502ee4,True,0.9649854862119013,,1,,True,,KEEP,AUTO_KEEP,,
1,dataset_qc_v1,34/16,34,16,34/16/0.jpg,34/16/0.npy,9a0706984ab29e9687850791b08ab03e3887bb32162b177024a6822278c27758,3fd25b0d0f848aaffb56a49dea7a068edeef2dbfa473721c48465bdf9bd6b3c6,True,0.9833093778416591,,1,,True,,KEEP,AUTO_KEEP,,
1,dataset_qc_v1,34/17,34,17,34/17/0.jpg,34/17/0.npy,d0563bed75e7d11febee9f65f33c4748142c282069598f74b6671f259e863c0c,87c91e0d7fcd35dc840f790aad8435bab2099279c9e6cdcb26d5f75b89eb4232,True,0.971684195498025,,1,,True,,KEEP,AUTO_KEEP,,
1,dataset_qc_v1,34/18,34,18,34/18/0.jpg,34/18/0.npy,eb6074daea156eebdbd33abedd6d5f4bf643bd4dd63ae3c981f43450f5a36ef0,975376d3ba08d424c3c328b8fa85dcaab1853faafd92168635d782df2fb1e2b8,True,0.9598424727012351,,1,,True,,KEEP,AUTO_KEEP,,
1,dataset_qc_v1,34/19,34,19,34/19/0.jpg,34/19/0.npy,acfe43c0c6f8a2f254a68f92aa66488d748ba18cba043138d6d2c4730bf34a30,5b14451c8d31c820ffa8c35230917d2b6717f5f408c4e83a96eaa3d8a6022a1e,True,0.9733451799200356,,1,,True,,KEEP,AUTO_KEEP,,
1,dataset_qc_v1,34/2,34,2,34/2/0.jpg,34/2/0.npy,910a78d1473afc8046ccdeca8101fe6f935b595da8a3f1ef39bea64dfab0b95b,914be702abe3d7b3999c83ecc3bca9bc820686ea9ab7283d2819d6e8cc21e4d8,True,0.9833358713859943,DUP-c5e3b883460c,2,34/2,True,,KEEP,AUTO_KEEP,,
1,dataset_qc_v1,34/20,34,20,34/20/0.jpg,34/20/0.npy,c3a159f0b883093429a5345913450c2ad0f1adfe93d3a11a63e07fb67bc6e28f,c075890b3a32e75369d94c3f690338b8f8e522ab7fcb67a6ffe02c08504d1107,True,0.962106135986733,,1,,True,,KEEP,AUTO_KEEP,,
1,dataset_qc_v1,34/3,34,3,34/3/0.jpg,34/3/0.npy,910a78d1473afc8046ccdeca8101fe6f935b595da8a3f1ef39bea64dfab0b95b,914be702abe3d7b3999c83ecc3bca9bc820686ea9ab7283d2819d6e8cc21e4d8,True,0.9833358713859943,DUP-c5e3b883460c,2,34/2,False,EXACT_DUPLICATE_NONCANONICAL,EXCLUDE,AUTO_HARD_EXCLUSION_PENDING_HUMAN_CONFIRMATION,,
1,dataset_qc_v1,34/4,34,4,34/4/0.jpg,34/4/0.npy,08db5d25816add17966c93dee3bdad1cf747baeadc02ef9469ff0c251526ef0d,45d925803dc17d3e47aa649b7decc66401b24fb3b8486b4c0bd859b3cb13a5a6,True,0.9692234848484849,,1,,True,,KEEP,AUTO_KEEP,,
1,dataset_qc_v1,34/5,34,5,34/5/0.jpg,34/5/0.npy,08a95f4770ee1a2341a9a91759290c225a374319b795de9c0000ee175d859cfd,cc747d939eaf728b8321f379eddb6ff375ae1e2bc7265d8dd9af8f005c8811a2,True,0.967574365704287,DUP-a15de5db36a2,2,34/5,True,,KEEP,AUTO_KEEP,,
1,dataset_qc_v1,34/6,34,6,34/6/0.jpg,34/6/0.npy,67f0e6d6f89a9c9f27cac52330c1d520650a7868975e9c603c2f180aa60fd7eb,83bc204fc7f36b9df0588e86072b8e2f9238025ee3b31579660957a8ed34a678,True,0.9459847465231045,,1,,True,,KEEP,AUTO_KEEP,,
1,dataset_qc_v1,34/7,34,7,34/7/0.jpg,34/7/0.npy,1494795eeee7edb6e0a670bd0cac707cacfa49b116e255c50aac794b77595a92,1fce17d0c778b2e383a2a047e759ae4773c28a40d26b11caf6775c23d8d20b2a,True,0.9727636552286371,,1,,True,,KEEP,AUTO_KEEP,,
1,dataset_qc_v1,34/8,34,8,34/8/0.jpg,34/8/0.npy,6102707eb09caeb65bc2d3afa0aff6f02e755c71d4825ac2e1a9f455f57ceb3f,32d6dfd6101a73ac41a5f35e49d08564210df48e2eb2b30f32c61c79e0e5ee89,True,0.9747719193044074,,1,,True,,KEEP,AUTO_KEEP,,
1,dataset_qc_v1,34/9,34,9,34/9/0.jpg,34/9/0.npy,8f1e3b4e13a02d80cfdd0e524010ce1584d32d7f2382fdfba2cec642f7581b95,8dd6db9f0ce2b574143b58a423a2d0b3fa61f8a4662c7d353c068fe42727eff1,True,0.9610655737704918,,1,,True,,KEEP,AUTO_KEEP,,
1,dataset_qc_v1,35/0,35,0,35/0/0.jpg,35/0/0.npy,87ea8e22510f81209a28813cf6469067be3aa37b3a23c0f60d426444134d3ce3,9b171f37207e39ed2a5d4e991692b96dd0063c451f1243bab9dfb62aa36cd581,True,0.9748817407757805,,1,,True,,KEEP,AUTO_KEEP,,
1,dataset_qc_v1,35/1,35,1,35/1/0.jpg,35/1/0.npy,13923bb894b974e9d0abedca911be91ba21f29bb334f83276966151b5af5bddd,faaa82a8586460bd58938137d004af530b71c67ee310fd2a79fbaaa55cbe2785,True,0.9804974366080089,,1,,True,,KEEP,AUTO_KEEP,,
1,dataset_qc_v1,35/10,35,10,35/10/0.jpg,35/10/0.npy,e61716c04cfea807b7c39ec14e14ffc431861db12a208538a4ce7075871f4ae9,835757a530f383de234bde642c417842906e97943ac62f7b8fe86a68b5604fe5,True,0.9640476565370283,DUP-9c4454236fa2,2,35/10,True,,KEEP,AUTO_KEEP,,
1,dataset_qc_v1,35/11,35,11,35/11/0.jpg,35/11/0.npy,e61716c04cfea807b7c39ec14e14ffc431861db12a208538a4ce7075871f4ae9,835757a530f383de234bde642c417842906e97943ac62f7b8fe86a68b5604fe5,True,0.9640476565370283,DUP-9c4454236fa2,2,35/10,False,EXACT_DUPLICATE_NONCANONICAL,EXCLUDE,AUTO_HARD_EXCLUSION_PENDING_HUMAN_CONFIRMATION,,
1,dataset_qc_v1,35/12,35,12,35/12/0.jpg,35/12/0.npy,711d5a02a341838ae93a455c343ce1cb78c0c256093bb1b27d722f677200deda,224fd6b53927687461447a68a3859d8bf0bb6c721f20a925acd2c9921dc46b89,True,0.008059132093466858,,1,,True,IMAGE_GT_MISMATCH_IOU_LT_0.80,EXCLUDE,AUTO_HARD_EXCLUSION_PENDING_HUMAN_CONFIRMATION,,
1,dataset_qc_v1,35/13,35,13,35/13/0.jpg,35/13/0.npy,8545b128ab5c820179c034ec14e3db0c55762b7a0939b9bbd8a03882ed7792d1,32890083bf17a26c0ecbf8087efddec9294ba12dae09609d48b7ba5956332e23,True,0.9741840746530245,DUP-96baebfd2b47,2,35/5,False,EXACT_DUPLICATE_NONCANONICAL,EXCLUDE,AUTO_HARD_EXCLUSION_PENDING_HUMAN_CONFIRMATION,,
1,dataset_qc_v1,35/14,35,14,35/14/0.jpg,35/14/0.npy,b0fb8b5879aec0e8f6fd55929b0b706f0c876c8f788527afd454a202b124e272,2fede32696931d16f7482a90f4c95b7f9edb159459b10b3491f73a2c22358370,True,0.9548231649599862,,1,,True,,KEEP,AUTO_KEEP,,
1,dataset_qc_v1,35/15,35,15,35/15/0.jpg,35/15/0.npy,740ebb9427b14ab8c6b878378dec25d4a8a51682422c92240dfc037006c8fd89,fa14e25a792ab4fd57d92ecf0831f34a403409a38fd70f8dea44347560b990e2,True,0.9600236896653834,,1,,True,,KEEP,AUTO_KEEP,,
1,dataset_qc_v1,35/16,35,16,35/16/0.jpg,35/16/0.npy,d372afc78d675ad2313f7af1cab1eba739fb0a4c5276b5c0477d08e00b28abc0,645309171e6b651d48fc649f5ee787ab445cf25c6e8efa1b011edd7642aab8ad,True,0.9801905717151455,,1,,True,,KEEP,AUTO_KEEP,,
1,dataset_qc_v1,35/17,35,17,35/17/0.jpg,35/17/0.npy,156c8e98e3ef6145aeb9e375ada04f3fd0cf7082201ae5f3d20d24538c796844,3300e250fb3287dc1a294b0341b4d6562db9d84b1f1f47354faab3f5178ede4e,True,0.9598311293226548,,1,,True,,KEEP,AUTO_KEEP,,
1,dataset_qc_v1,35/18,35,18,35/18/0.jpg,35/18/0.npy,07c53b37e888cf90714329f2e50aeed721bcb899ed1c8eff17b8b2532b2dbd10,ccfe0f312cd6beeb1b43fc1b4020ac2ee4fd407af549582b8797944384dc746f,True,0.9750307559119697,,1,,True,,KEEP,AUTO_KEEP,,
1,dataset_qc_v1,35/19,35,19,35/19/0.jpg,35/19/0.npy,858e0837c2ee62abacdbe7af8c844a9fe0e631de8391a06b7d10c2dd45664e4f,afe2ab17ca0d07efed933de85f4a39fad6b59aa7b24bb08c651bac05f8708e20,True,0.9766893795788719,,1,,True,,KEEP,AUTO_KEEP,,
1,dataset_qc_v1,35/2,35,2,35/2/0.jpg,35/2/0.npy,0167ac152854344132428ff6a46b46884d68d0a7de609556a5b0e76e4ee57e0d,2db8fad4d29b4da8f9f499649656f260fb45b632afd2ea5ef75e13ee34c7ba7c,True,0.9827317698790766,DUP-a024f5229b6a,2,35/2,True,,KEEP,AUTO_KEEP,,
1,dataset_qc_v1,35/20,35,20,35/20/0.jpg,35/20/0.npy,a02c98b42529448056446095c02d78d9a888f35bc9b3773346a660d289698c96,e8c06269ea09b9a52f0ebbe4fa0f456c78bdfcd22120dd4192de8127652a6360,True,0.9501466275659824,,1,,True,,KEEP,AUTO_KEEP,,
1,dataset_qc_v1,35/3,35,3,35/3/0.jpg,35/3/0.npy,0167ac152854344132428ff6a46b46884d68d0a7de609556a5b0e76e4ee57e0d,2db8fad4d29b4da8f9f499649656f260fb45b632afd2ea5ef75e13ee34c7ba7c,True,0.9827317698790766,DUP-a024f5229b6a,2,35/2,False,EXACT_DUPLICATE_NONCANONICAL,EXCLUDE,AUTO_HARD_EXCLUSION_PENDING_HUMAN_CONFIRMATION,,
1,dataset_qc_v1,35/4,35,4,35/4/0.jpg,35/4/0.npy,3382ff28c17452d2b7c14235e40737737bfef49a8848af34c541b07d1a62d48b,e41dfb61d053397f8097abe70a91d0a66322f5f84b3ffaa58aa227a39fc2f6fb,True,0.8890527557727962,,1,,True,,KEEP,AUTO_KEEP,,
1,dataset_qc_v1,35/5,35,5,35/5/0.jpg,35/5/0.npy,8545b128ab5c820179c034ec14e3db0c55762b7a0939b9bbd8a03882ed7792d1,32890083bf17a26c0ecbf8087efddec9294ba12dae09609d48b7ba5956332e23,True,0.9741840746530245,DUP-96baebfd2b47,2,35/5,True,,KEEP,AUTO_KEEP,,
1,dataset_qc_v1,35/6,35,6,35/6/0.jpg,35/6/0.npy,fb9ddad336e73c9ea27336b4ad9c6978c37ed551cacf53e5ea488ea5bc1424f1,4e8407505d61c19f488297e8d20fba5a800a983c6d0adf2161265164a40ed00a,True,0.9649163840486493,,1,,True,,KEEP,AUTO_KEEP,,
1,dataset_qc_v1,35/7,35,7,35/7/0.jpg,35/7/0.npy,5a618e6ebe433b388c486503747c956af7889f82e3f44033c08c2c3214132edf,a98a8c61b33c20f2b2ff1f6f6d244c384a94171f60892151e081b53d538a277d,True,0.9757346993798868,,1,,True,,KEEP,AUTO_KEEP,,
1,dataset_qc_v1,35/8,35,8,35/8/0.jpg,35/8/0.npy,fcd0a6716b5bd0dc24db395ed196bc4d94e40df92aecd39e1956920bebfb2b2f,e55b93658bef3706aeec175d7bc9056ffe2cd7f6eba73572168a9537af26908a,True,0.9774782518997353,,1,,True,,KEEP,AUTO_KEEP,,
1,dataset_qc_v1,35/9,35,9,35/9/0.jpg,35/9/0.npy,59cd2e6fbabf7f38998053588d39032332f36c4ab449a36d247a55cc3f815d12,1f4a4ac37b7b462903e9350e89fbdbd891c0e37e54b9771b3826577f4d0add14,True,0.9697686048097468,,1,,True,,KEEP,AUTO_KEEP,,
1,dataset_qc_v1,36/0,36,0,36/0/0.jpg,36/0/0.npy,731786dd6f90d9bf4bb2a6f2b3d1929020bdc1d326fe8883ad72b49ee0bbf481,f58408e2631638e39dd2110ef52a99f54d78ffef99b938915dc206ee13b4263c,True,0.9775229165794651,,1,,True,,KEEP,AUTO_KEEP,,
1,dataset_qc_v1,36/1,36,1,36/1/0.jpg,36/1/0.npy,f4fee4d4064353a528da09ee8176ea02d2e842e893096a0c09170172d69f3cb2,d4e99f52f12fb684d21725afb136bacc8a63a549e10662d3dbc1e321490cbb79,True,0.9784485342605359,,1,,True,,KEEP,AUTO_KEEP,,
1,dataset_qc_v1,36/10,36,10,36/10/0.jpg,36/10/0.npy,7055ae5509c71eb52ea7ed0c9caf7746d3a4d48eabdf8d1fa2e1a8c097a9562b,05ffb02775097cda76b10b7a066807ec7d75738a54625dfed44f0c65ad4e8ddc,True,0.9631674166164123,DUP-73f58626e0b8,3,36/9,False,EXACT_DUPLICATE_NONCANONICAL,EXCLUDE,AUTO_HARD_EXCLUSION_PENDING_HUMAN_CONFIRMATION,,
1,dataset_qc_v1,36/11,36,11,36/11/0.jpg,36/11/0.npy,7055ae5509c71eb52ea7ed0c9caf7746d3a4d48eabdf8d1fa2e1a8c097a9562b,05ffb02775097cda76b10b7a066807ec7d75738a54625dfed44f0c65ad4e8ddc,True,0.9631674166164123,DUP-73f58626e0b8,3,36/9,False,EXACT_DUPLICATE_NONCANONICAL,EXCLUDE,AUTO_HARD_EXCLUSION_PENDING_HUMAN_CONFIRMATION,,
1,dataset_qc_v1,36/12,36,12,36/12/0.jpg,36/12/0.npy,697b21af7e3a807f5f2565760dab37ed24b4f6cd3978095888bf5813d41f31af,c207a4f696d8493c82bfac5a1de433ce5fb44209ba6028e8d140d631210e42d0,True,0.9894158112110065,,1,,True,,KEEP,AUTO_KEEP,,
1,dataset_qc_v1,36/13,36,13,36/13/0.jpg,36/13/0.npy,39ad52df7c1e726652300283132e927b80f3d786aa15b4886b7d68d2ccefa404,735e8e4ba94826cd886f6ad30653e28a07d9df3cdad3a0f61f33c831f53e0e19,True,0.9758872754936658,DUP-b57cf65445b7,2,36/5,False,EXACT_DUPLICATE_NONCANONICAL,EXCLUDE,AUTO_HARD_EXCLUSION_PENDING_HUMAN_CONFIRMATION,,
1,dataset_qc_v1,36/14,36,14,36/14/0.jpg,36/14/0.npy,561edb14ca5fc6ed4a8cfc887bf03e69c82aaa913bd70a9cdddb0c3d0863252e,ec86a520177b01efa3a445ae6150b5109a40911db3fb8e451b1eaeecbe0bc88f,True,0.9575751678505401,,1,,True,,KEEP,AUTO_KEEP,,
1,dataset_qc_v1,36/15,36,15,36/15/0.jpg,36/15/0.npy,353620c90cccebcebbd95b1a2d9db94e93688e7890cc7088bf79c092a0823aaa,08f6271ada87ca596eee581625a0a1713f78e4cc1364fd7eec6928ee54fdee2b,True,0.9582871536523929,,1,,True,,KEEP,AUTO_KEEP,,
1,dataset_qc_v1,36/16,36,16,36/16/0.jpg,36/16/0.npy,960c1433cd65253c7a1e9ee47dbd1b04f3b9eed203ecb71f8561f2878d3f7f74,fe16ffefee927b3ab1577a9dd5e8921306aa16d0a5ea9413e1987da6d21fde7d,True,0.9830724070450098,,1,,True,,KEEP,AUTO_KEEP,,
1,dataset_qc_v1,36/17,36,17,36/17/0.jpg,36/17/0.npy,41cc664bce6bfa3b7a3694c74bc540c78f7f177c25f1f91fba561b13825e037e,999dae76f6d055ca00520c8379981896187cd272b18468dac015a364a5bd02f8,True,0.965523033637089,,1,,True,,KEEP,AUTO_KEEP,,
1,dataset_qc_v1,36/18,36,18,36/18/0.jpg,36/18/0.npy,1e9a6ab80042e086a2cd85ac6524e7b9ffdffe2b21fa96a5839718f7667fd597,76f0b7cb5324902c04e072fe65521bb61657ff8ccea3b6440fda97badd85ed2d,True,0.97172277864929,,1,,True,,KEEP,AUTO_KEEP,,
1,dataset_qc_v1,36/19,36,19,36/19/0.jpg,36/19/0.npy,5f7237ae744c125bd533202a6eedc892eda3fc0986b59c9945fe2e37a09a04a8,b555917a4e45f471f6aaa926bbbc77911ee7921fffb359a241b646a2d67fca0b,True,0.974125323433457,,1,,True,,KEEP,AUTO_KEEP,,
1,dataset_qc_v1,36/2,36,2,36/2/0.jpg,36/2/0.npy,848c4ddc169d9c4677c1b7f6a618e702efe6dee2845adf984c528d320b9ee0fe,56fed1e2f65c7e0b8fc4c939310e9a013562be62926776fab837aadb4a3ba141,True,0.98507942747887,DUP-1b22900c7a73,2,36/2,True,,KEEP,AUTO_KEEP,,
1,dataset_qc_v1,36/20,36,20,36/20/0.jpg,36/20/0.npy,5f5de99483be30ff0e39bb29d6b629143803ef2896b4eee28ecc428b240c35aa,9161670b09fc3af915771c95ffcf1cff903e491d032af3b736c763e9fbaf98d9,True,0.9632293164905259,,1,,True,,KEEP,AUTO_KEEP,,
1,dataset_qc_v1,36/3,36,3,36/3/0.jpg,36/3/0.npy,848c4ddc169d9c4677c1b7f6a618e702efe6dee2845adf984c528d320b9ee0fe,56fed1e2f65c7e0b8fc4c939310e9a013562be62926776fab837aadb4a3ba141,True,0.98507942747887,DUP-1b22900c7a73,2,36/2,False,EXACT_DUPLICATE_NONCANONICAL,EXCLUDE,AUTO_HARD_EXCLUSION_PENDING_HUMAN_CONFIRMATION,,
1,dataset_qc_v1,36/4,36,4,36/4/0.jpg,36/4/0.npy,c2f7ffa2d6d8930446133ad04b69e9a11a70fd524edcce5661e836e68c9d3535,aa9168cc53bb72cc29856bb6a0d245d70c16965fe8f9de348952b19c82febd44,True,0.016360997493072963,,1,,True,IMAGE_GT_MISMATCH_IOU_LT_0.80,EXCLUDE,AUTO_HARD_EXCLUSION_PENDING_HUMAN_CONFIRMATION,,
1,dataset_qc_v1,36/5,36,5,36/5/0.jpg,36/5/0.npy,39ad52df7c1e726652300283132e927b80f3d786aa15b4886b7d68d2ccefa404,735e8e4ba94826cd886f6ad30653e28a07d9df3cdad3a0f61f33c831f53e0e19,True,0.9758872754936658,DUP-b57cf65445b7,2,36/5,True,,KEEP,AUTO_KEEP,,
1,dataset_qc_v1,36/6,36,6,36/6/0.jpg,36/6/0.npy,20df16669ad3518fff7a7f157cb0bc7452130682023a08ebf151715d4f4ed405,4851dc10409dd7043108615bce58605ff8abe79e5a7de6407aeb88b454ac899b,True,0.9658201164424814,,1,,True,,KEEP,AUTO_KEEP,,
1,dataset_qc_v1,36/7,36,7,36/7/0.jpg,36/7/0.npy,d0e6468cec508bf4626b7059a7338949aa76cc44efa4cd3d0684061c4a28e27f,c9effbbf8a474e1e6431e12e30bfe30d4dbbedd373e098804f8976c0d649451f,True,0.9773406547577674,,1,,True,,KEEP,AUTO_KEEP,,
1,dataset_qc_v1,36/8,36,8,36/8/0.jpg,36/8/0.npy,9224ee21a1f4bbb0e2ac925342b61a1c5639555be5b45bbeff22c05d9c1ae762,e1f7604c1b3bfe2fb78200a98306432bbc40512bb035893a3887353dfb0aead8,True,0.979603151444412,,1,,True,,KEEP,AUTO_KEEP,,
1,dataset_qc_v1,36/9,36,9,36/9/0.jpg,36/9/0.npy,7055ae5509c71eb52ea7ed0c9caf7746d3a4d48eabdf8d1fa2e1a8c097a9562b,05ffb02775097cda76b10b7a066807ec7d75738a54625dfed44f0c65ad4e8ddc,True,0.9631674166164123,DUP-73f58626e0b8,3,36/9,True,,KEEP,AUTO_KEEP,,
1,dataset_qc_v1,37/0,37,0,37/0/0.jpg,37/0/0.npy,7ac03c59953e93e80f55512fccf9e4e1202931c25db02c3494ca62422c0b994c,933992910d1a461e0afdd0262a06162bdbb325f236188fb834022788279d8e6d,True,0.973775989268947,,1,,True,,KEEP,AUTO_KEEP,,
1,dataset_qc_v1,37/1,37,1,37/1/0.jpg,37/1/0.npy,dea85d7d95180f0702791517055185c5ae173468146e8b9c6f01d63284c13695,0a8ac5e7de04228bbfeae4111d4499fb513b9a97a42ee0b84c95709ffad63199,True,0.978776529338327,,1,,True,,KEEP,AUTO_KEEP,,
1,dataset_qc_v1,37/10,37,10,37/10/0.jpg,37/10/0.npy,6e639db9fdd65d23dd1ec1673f8086008c6fd5931be820a711ee95abc872867a,4616420b52d84e19728d47aa4c9976c6f04d2afc85f77a0665c43f9f89b3c024,True,0.9871716179720108,DUP-835e84905aa9,2,37/10,True,,KEEP,AUTO_KEEP,,
1,dataset_qc_v1,37/11,37,11,37/11/0.jpg,37/11/0.npy,6e639db9fdd65d23dd1ec1673f8086008c6fd5931be820a711ee95abc872867a,4616420b52d84e19728d47aa4c9976c6f04d2afc85f77a0665c43f9f89b3c024,True,0.9871716179720108,DUP-835e84905aa9,2,37/10,False,EXACT_DUPLICATE_NONCANONICAL,EXCLUDE,AUTO_HARD_EXCLUSION_PENDING_HUMAN_CONFIRMATION,,
1,dataset_qc_v1,37/12,37,12,37/12/0.jpg,37/12/0.npy,32504cf55a405b02602ed3a886e27c00b3748a98789316316d75e7b9b4e69efb,078c214593ba7a4a68b75c97e08bf9c66d55155f47f5cc539d85d623eff848fe,True,0.9873142626099262,,1,,True,,KEEP,AUTO_KEEP,,
1,dataset_qc_v1,37/13,37,13,37/13/0.jpg,37/13/0.npy,729338245340dd40d455022a45d198b0e8b7912795d6d4c67ad725c342d06c6b,05a9332cc36bd15bd469291e63c3f4b1dfb46c2eed2b9e9cd7a26633938d09a5,True,0.9736642462338788,DUP-5f2c63007a18,2,37/5,False,EXACT_DUPLICATE_NONCANONICAL,EXCLUDE,AUTO_HARD_EXCLUSION_PENDING_HUMAN_CONFIRMATION,,
1,dataset_qc_v1,37/14,37,14,37/14/0.jpg,37/14/0.npy,440ab98bc5725860759301b848ad57d0b1e31fa174522bd60b7aebea5cc0d748,3969a409d7d4f0bfcbaa7ecb688bd12971f156247b041bc7697b2c88df32c9ae,True,0.9540296770439337,,1,,True,,KEEP,AUTO_KEEP,,
1,dataset_qc_v1,37/15,37,15,37/15/0.jpg,37/15/0.npy,3d509500e190fbc450d4e020b3e8be38b52f412d406eed28d952fd5d58a2063a,a7e30708ae1e1797eddd4b2f1d641f58b181b65b7cdb769723ed12983b70c892,True,0.9574342493605299,,1,,True,,KEEP,AUTO_KEEP,,
1,dataset_qc_v1,37/16,37,16,37/16/0.jpg,37/16/0.npy,c0c2ffa38d554e5e04aa89901bf2cc45fc4cbe2cd846c6c3778323d3f4d85d58,d60025b6eb6ffd8369bf3741878dbb262b48064cf44fbcb5049215540f7ed371,True,0.9821201727642277,,1,,True,,KEEP,AUTO_KEEP,,
1,dataset_qc_v1,37/17,37,17,37/17/0.jpg,37/17/0.npy,2ed5ea6dad724cbece1113686ed34eee44dce4bf85ae915620c5edffe9e0ef20,8d96b2e47e8f7c1283cff1b9c9ccd6f060d92b6285bfa4d3b3df3e05118ab781,True,0.9682757166947723,,1,,True,,KEEP,AUTO_KEEP,,
1,dataset_qc_v1,37/18,37,18,37/18/0.jpg,37/18/0.npy,1d36c317ca948faa9dc803a186393675742862f789215a92181c2581436a8399,d82dab7362284187153e646b2d051a47e7fd5c0d02cef562908868cb310e1ab1,True,0.968520996622698,,1,,True,,KEEP,AUTO_KEEP,,
1,dataset_qc_v1,37/19,37,19,37/19/0.jpg,37/19/0.npy,e4ff51dae57bf686510eb8771c63626a3fc7c1e80662c120e28dc2869a625952,84cfc1f6153f3c54eb4062c9896ed0da9431e294b50a7f30f5d7eaaa03f31ef4,True,0.9762565361220787,,1,,True,,KEEP,AUTO_KEEP,,
1,dataset_qc_v1,37/2,37,2,37/2/0.jpg,37/2/0.npy,53b0d772dd54f9a14a75ab8b59eafc98216b00b5a79583a79665845dee97c6a7,654ac5a7862a7b741513a40c3e60719fa13b745e3d9873fb72f978cc5a83db49,True,0.982021420115085,DUP-ffb4efbb60db,2,37/2,True,,KEEP,AUTO_KEEP,,
1,dataset_qc_v1,37/20,37,20,37/20/0.jpg,37/20/0.npy,0fae4288cda75236798a4c1537ed65812771ccc6b86b4dc19a2e904aa1d46646,203a8c5c27933c2cc61779bbe051f862679d7256457330f2ca90c0470ed0dfce,True,0.9669187145557656,,1,,True,,KEEP,AUTO_KEEP,,
1,dataset_qc_v1,37/3,37,3,37/3/0.jpg,37/3/0.npy,53b0d772dd54f9a14a75ab8b59eafc98216b00b5a79583a79665845dee97c6a7,654ac5a7862a7b741513a40c3e60719fa13b745e3d9873fb72f978cc5a83db49,True,0.982021420115085,DUP-ffb4efbb60db,2,37/2,False,EXACT_DUPLICATE_NONCANONICAL,EXCLUDE,AUTO_HARD_EXCLUSION_PENDING_HUMAN_CONFIRMATION,,
1,dataset_qc_v1,37/4,37,4,37/4/0.jpg,37/4/0.npy,0d4bad2ca2d0b6c8d6f5bc1f4880e6b32e9ff50a5b3dcf0f0296c6d88d418927,66c97bc23181e94d9874c0cbfbcaa38f2d63deea1a27c282c9768f7ce0ddd2bd,True,0.017435368891179248,,1,,True,IMAGE_GT_MISMATCH_IOU_LT_0.80,EXCLUDE,AUTO_HARD_EXCLUSION_PENDING_HUMAN_CONFIRMATION,,
1,dataset_qc_v1,37/5,37,5,37/5/0.jpg,37/5/0.npy,729338245340dd40d455022a45d198b0e8b7912795d6d4c67ad725c342d06c6b,05a9332cc36bd15bd469291e63c3f4b1dfb46c2eed2b9e9cd7a26633938d09a5,True,0.9736642462338788,DUP-5f2c63007a18,2,37/5,True,,KEEP,AUTO_KEEP,,
1,dataset_qc_v1,37/6,37,6,37/6/0.jpg,37/6/0.npy,b456ab1548c3db3d717fdfc632a61977f116d1ec796e4b92c975ce5c8bc41401,ad3ad66dfbe6de9942a6038ee78990cf6d2261eb16090f365cb6eca2d8ab5d3a,True,0.9618297712785902,,1,,True,,KEEP,AUTO_KEEP,,
1,dataset_qc_v1,37/7,37,7,37/7/0.jpg,37/7/0.npy,243e887783fa8a2455dc2b82dd61ebd85d7bb94fd423d3116a9e6599b33613a6,349469d8474a693296d2ddddc991445ee2a091b772ccfe61679ded10626b65f1,True,0.9792761871660077,,1,,True,,KEEP,AUTO_KEEP,,
1,dataset_qc_v1,37/8,37,8,37/8/0.jpg,37/8/0.npy,89e9cd3ef999152ff532384325eef2daf2e0a986730ca280c3806feca0566437,40aaa193861529a89a46110667986ed9107e39b334c3036666683b2986dc00e5,True,0.9810096064686028,,1,,True,,KEEP,AUTO_KEEP,,
1,dataset_qc_v1,37/9,37,9,37/9/0.jpg,37/9/0.npy,4f1e876637d5911b599ebf1f6b14f66a3128caa2151b5398dd983ae652437d8d,6ceaa46e3fcd9e1ea56c023641edaaf8a8356fb59b1b167cd5179c884a5bc421,True,0.9630876747141042,,1,,True,,KEEP,AUTO_KEEP,,
1,dataset_qc_v1,38/0,38,0,38/0/0.jpg,38/0/0.npy,d85c790992b47ec6c273fc2ec3b4ac256bd099225d8cbc01aca5245a5385a63d,1257f3f8d0f8bffc991168073a93713e5fa8e789564ba7b078f426ab1270c6f2,True,0.9732935627081021,DUP-08cd56b07d0d,2,38/0,True,,KEEP,AUTO_KEEP,,
1,dataset_qc_v1,38/1,38,1,38/1/0.jpg,38/1/0.npy,d85c790992b47ec6c273fc2ec3b4ac256bd099225d8cbc01aca5245a5385a63d,1257f3f8d0f8bffc991168073a93713e5fa8e789564ba7b078f426ab1270c6f2,True,0.9732935627081021,DUP-08cd56b07d0d,2,38/0,False,EXACT_DUPLICATE_NONCANONICAL,EXCLUDE,AUTO_HARD_EXCLUSION_PENDING_HUMAN_CONFIRMATION,,
1,dataset_qc_v1,38/10,38,10,38/10/0.jpg,38/10/0.npy,4d9ada9f84989222bcd8439bdae242f17c15919f8258cb1bce418c315f5f89c4,5a701484c748b683a373db23d409b31ff72eaeaa275afa254c2b864fe38be7ac,True,0.964840697977255,DUP-319169cfe0ad,4,38/9,False,EXACT_DUPLICATE_NONCANONICAL,EXCLUDE,AUTO_HARD_EXCLUSION_PENDING_HUMAN_CONFIRMATION,,
1,dataset_qc_v1,38/11,38,11,38/11/0.jpg,38/11/0.npy,4d9ada9f84989222bcd8439bdae242f17c15919f8258cb1bce418c315f5f89c4,5a701484c748b683a373db23d409b31ff72eaeaa275afa254c2b864fe38be7ac,True,0.964840697977255,DUP-319169cfe0ad,4,38/9,False,EXACT_DUPLICATE_NONCANONICAL,EXCLUDE,AUTO_HARD_EXCLUSION_PENDING_HUMAN_CONFIRMATION,,
1,dataset_qc_v1,38/12,38,12,38/12/0.jpg,38/12/0.npy,4d9ada9f84989222bcd8439bdae242f17c15919f8258cb1bce418c315f5f89c4,5a701484c748b683a373db23d409b31ff72eaeaa275afa254c2b864fe38be7ac,True,0.964840697977255,DUP-319169cfe0ad,4,38/9,False,EXACT_DUPLICATE_NONCANONICAL,EXCLUDE,AUTO_HARD_EXCLUSION_PENDING_HUMAN_CONFIRMATION,,
1,dataset_qc_v1,38/13,38,13,38/13/0.jpg,38/13/0.npy,8f1d64e0950a2f4f0f96be15ad018a0b5a0e68161f9d620f3f6b687c425921e5,4e2ba19ddb3aa2d8f06014038d9f59aae064219b628673934f6a8542222f2531,True,0.9765444670739987,DUP-f8ac83dfa36f,2,38/5,False,EXACT_DUPLICATE_NONCANONICAL,EXCLUDE,AUTO_HARD_EXCLUSION_PENDING_HUMAN_CONFIRMATION,,
1,dataset_qc_v1,38/14,38,14,38/14/0.jpg,38/14/0.npy,1bf74e96e4f2fcd94e42ddfa1a1ec23d286a03aefef89fdc4b7ac7c182e6a829,170310112fc5cfe5cc7493eaa87b369288ff3ed132a32e7c4f0eea0508bffd2f,True,0.9474969474969475,,1,,True,,KEEP,AUTO_KEEP,,
1,dataset_qc_v1,38/15,38,15,38/15/0.jpg,38/15/0.npy,42c9f5103a64d3251d67cca9e435950a252538e0fb5a6592813ac14db1fa2182,651352bc0312a245af33046aed18a4959b22395cfa7bfdeb1c857f59366fdece,True,0.9533198028414033,,1,,True,,KEEP,AUTO_KEEP,,
1,dataset_qc_v1,38/16,38,16,38/16/0.jpg,38/16/0.npy,5b2f9a64c95b245c0d1997189c2c49e09f26517bdc7e4a91e77f118e3a3b9f35,10a55e2af632277396de241a28d55afa493ba802acc62592e6d3e85981e1c345,True,0.979778677770806,,1,,True,,KEEP,AUTO_KEEP,,
1,dataset_qc_v1,38/17,38,17,38/17/0.jpg,38/17/0.npy,ab476d76bdbf17ece10ad873c385566b48b79157c7a40578c68e4693e540324d,289ce8a60805896fc47b9e555666fdd00a039ca1455ecd0ed454e35857dc4a05,True,0.9552490573526493,,1,,True,,KEEP,AUTO_KEEP,,
1,dataset_qc_v1,38/18,38,18,38/18/0.jpg,38/18/0.npy,65e8c54fc26a9b817f34b712561ce5643eef96eff3c152e91d0da399fef340dd,7397450acb29fb318a37795099c65a86a30643ac4aaf66d779989b6af8b4dd00,True,0.9663326485262672,,1,,True,,KEEP,AUTO_KEEP,,
1,dataset_qc_v1,38/19,38,19,38/19/0.jpg,38/19/0.npy,3c46c5c0e60d05fc1506346eb333191423c135c07551a3cb4122bbc6e5ecded2,048a2d9c6016d0fd4e5a6c5deffe82eddd53e82de2861cb8cdfa157653983ac1,True,0.9768548727593751,,1,,True,,KEEP,AUTO_KEEP,,
1,dataset_qc_v1,38/2,38,2,38/2/0.jpg,38/2/0.npy,5d09b2443134f71fd387a43e79a8b472fdb7858829a461e2f7e61b42726e7c16,a20cdac91e4ae41319acdef2e3340a585cb6b10521ad41c2a726dffb24d16156,True,0.9858895372996802,DUP-e4959efc4e29,2,38/2,True,,KEEP,AUTO_KEEP,,
1,dataset_qc_v1,38/20,38,20,38/20/0.jpg,38/20/0.npy,27d97a87a576e202fd2ad34800479ae5386c4fa1c0d4edb02f6176e495f298b7,47b12e674a02118e9ec03e6bf80c45612093d72f0bd4eaa5c1e34034bfab5dd8,True,0.9645886213087352,,1,,True,,KEEP,AUTO_KEEP,,
1,dataset_qc_v1,38/3,38,3,38/3/0.jpg,38/3/0.npy,5d09b2443134f71fd387a43e79a8b472fdb7858829a461e2f7e61b42726e7c16,a20cdac91e4ae41319acdef2e3340a585cb6b10521ad41c2a726dffb24d16156,True,0.9858895372996802,DUP-e4959efc4e29,2,38/2,False,EXACT_DUPLICATE_NONCANONICAL,EXCLUDE,AUTO_HARD_EXCLUSION_PENDING_HUMAN_CONFIRMATION,,
1,dataset_qc_v1,38/4,38,4,38/4/0.jpg,38/4/0.npy,bc93647acaf34f001b6d88dcbed12bb31e0130b43005e81a93cd12226309c085,c1d9da8c7d2d04e44359eee407e263e9a2b8ee2db2b854ec7b659df16d11276e,True,0.06889652472706712,,1,,True,IMAGE_GT_MISMATCH_IOU_LT_0.80,EXCLUDE,AUTO_HARD_EXCLUSION_PENDING_HUMAN_CONFIRMATION,,
1,dataset_qc_v1,38/5,38,5,38/5/0.jpg,38/5/0.npy,8f1d64e0950a2f4f0f96be15ad018a0b5a0e68161f9d620f3f6b687c425921e5,4e2ba19ddb3aa2d8f06014038d9f59aae064219b628673934f6a8542222f2531,True,0.9765444670739987,DUP-f8ac83dfa36f,2,38/5,True,,KEEP,AUTO_KEEP,,
1,dataset_qc_v1,38/6,38,6,38/6/0.jpg,38/6/0.npy,14f54337070073aa00a81f3deaf5339c9f131c85605fecbf9850c531e831fb71,8db72dd264791460fe2e429562ae95a2124e1618e7e1090dcdd279abd25912c7,True,0.9609716288224281,,1,,True,,KEEP,AUTO_KEEP,,
1,dataset_qc_v1,38/7,38,7,38/7/0.jpg,38/7/0.npy,67dbaebfa89c0e85de41dbd63011b4e46975a44cae49570619404ebd36203e72,4f57249c0eaf08f0ee1c223381e68ff019d88c77ba378f0a50eb9e0ec1e74b15,True,0.9743133416384885,,1,,True,,KEEP,AUTO_KEEP,,
1,dataset_qc_v1,38/8,38,8,38/8/0.jpg,38/8/0.npy,bf284e6f7b65d4c9df6d2e425390ff6467473393cd36fd9276a46a7a5dab55d2,ba1a28c990fc8a4e03a22b0867b504e10e727b9f07434afce543a2fef357508f,True,0.9796869273860007,,1,,True,,KEEP,AUTO_KEEP,,
1,dataset_qc_v1,38/9,38,9,38/9/0.jpg,38/9/0.npy,4d9ada9f84989222bcd8439bdae242f17c15919f8258cb1bce418c315f5f89c4,5a701484c748b683a373db23d409b31ff72eaeaa275afa254c2b864fe38be7ac,True,0.964840697977255,DUP-319169cfe0ad,4,38/9,True,,KEEP,AUTO_KEEP,,
1,dataset_qc_v1,39/0,39,0,39/0/0.jpg,39/0/0.npy,620672f6cc1bad013d0ae2d8e519589d0bf285757e24602938a8886b25a340a2,cdcf958dc9756f61212c5629da89216e83e470f6a920d3192d362ca34e8409cf,True,0.9778988204866962,DUP-1146f50907f1,2,39/0,True,,KEEP,AUTO_KEEP,,
1,dataset_qc_v1,39/1,39,1,39/1/0.jpg,39/1/0.npy,620672f6cc1bad013d0ae2d8e519589d0bf285757e24602938a8886b25a340a2,cdcf958dc9756f61212c5629da89216e83e470f6a920d3192d362ca34e8409cf,True,0.9778988204866962,DUP-1146f50907f1,2,39/0,False,EXACT_DUPLICATE_NONCANONICAL,EXCLUDE,AUTO_HARD_EXCLUSION_PENDING_HUMAN_CONFIRMATION,,
1,dataset_qc_v1,39/10,39,10,39/10/0.jpg,39/10/0.npy,9086b5fde24ac5a8c885fc327740fb62569660bf7dbe46e70f29d5e552ea0b87,d84f35877729301fb3c78b660632f031b173cff656188fb608cf858db56f75c4,True,0.9727794398940606,DUP-bed3c0eedb6b,3,39/10,True,,KEEP,AUTO_KEEP,,
1,dataset_qc_v1,39/11,39,11,39/11/0.jpg,39/11/0.npy,9086b5fde24ac5a8c885fc327740fb62569660bf7dbe46e70f29d5e552ea0b87,d84f35877729301fb3c78b660632f031b173cff656188fb608cf858db56f75c4,True,0.9727794398940606,DUP-bed3c0eedb6b,3,39/10,False,EXACT_DUPLICATE_NONCANONICAL,EXCLUDE,AUTO_HARD_EXCLUSION_PENDING_HUMAN_CONFIRMATION,,
1,dataset_qc_v1,39/12,39,12,39/12/0.jpg,39/12/0.npy,9086b5fde24ac5a8c885fc327740fb62569660bf7dbe46e70f29d5e552ea0b87,d84f35877729301fb3c78b660632f031b173cff656188fb608cf858db56f75c4,True,0.9727794398940606,DUP-bed3c0eedb6b,3,39/10,False,EXACT_DUPLICATE_NONCANONICAL,EXCLUDE,AUTO_HARD_EXCLUSION_PENDING_HUMAN_CONFIRMATION,,
1,dataset_qc_v1,39/13,39,13,39/13/0.jpg,39/13/0.npy,596d23703ce213a6f8e093c2bf591d5bc44c9f235bfb4360b611cfa92fd71941,eb6a86c7a1a32e6ed2a996c0983d34a878d8d674088b28f90942bfb89fa9cc81,True,0.9775994887997445,DUP-3580568b6cd5,2,39/5,False,EXACT_DUPLICATE_NONCANONICAL,EXCLUDE,AUTO_HARD_EXCLUSION_PENDING_HUMAN_CONFIRMATION,,
1,dataset_qc_v1,39/14,39,14,39/14/0.jpg,39/14/0.npy,8364f15804a334b6bf17033ee8ffd98aa6816311f3f2e97bda46c453e7fc32ae,f2b6033d7e3665d5ed594b91b5a6ae6651c318c95bc6a1387a8fc67578251b56,True,0.9570675610924773,,1,,True,,KEEP,AUTO_KEEP,,
1,dataset_qc_v1,39/15,39,15,39/15/0.jpg,39/15/0.npy,25404fc43eb2ff634cd38f291bbd820b99b8448a34d6ed051498433ac6061d57,4b3073d783a1410b5dc28adacc67609d431c31411c4f833eedfeb7a9c443a6ab,True,0.9595038513819665,,1,,True,,KEEP,AUTO_KEEP,,
1,dataset_qc_v1,39/16,39,16,39/16/0.jpg,39/16/0.npy,eb5f9f58e7088a24fae2ab9cc1f47258ee38773befe5f52d37b6546ef227ac5f,41a562f99eb1bb7dcc60f242366592c7f8835fc32d34fed59ddd57029ade6b6f,True,0.9842577889722389,DUP-431816b7e78e,2,39/16,True,,KEEP,AUTO_KEEP,,
1,dataset_qc_v1,39/17,39,17,39/17/0.jpg,39/17/0.npy,eb5f9f58e7088a24fae2ab9cc1f47258ee38773befe5f52d37b6546ef227ac5f,41a562f99eb1bb7dcc60f242366592c7f8835fc32d34fed59ddd57029ade6b6f,True,0.9842577889722389,DUP-431816b7e78e,2,39/16,False,EXACT_DUPLICATE_NONCANONICAL,EXCLUDE,AUTO_HARD_EXCLUSION_PENDING_HUMAN_CONFIRMATION,,
1,dataset_qc_v1,39/18,39,18,39/18/0.jpg,39/18/0.npy,d55be8f03a4e3f40ef074fad6663ba370100ffa1b25b9bc908407073f1b6c5cb,4744b390be5f8d9bde2c98a80c8a2cf2dc442819078742f23499fc10d25bb019,True,0.9733351380617217,,1,,True,,KEEP,AUTO_KEEP,,
1,dataset_qc_v1,39/19,39,19,39/19/0.jpg,39/19/0.npy,331869a834149080ca051cbe11fd8370484918e779e9769b4d84a20f978ebc3f,610d50caaa7f122472d45435643902808b42d02e48f40dafab4421a376ee717d,True,0.9764806297121722,,1,,True,,KEEP,AUTO_KEEP,,
1,dataset_qc_v1,39/2,39,2,39/2/0.jpg,39/2/0.npy,6c85575afc40491bdc875dd72752cd945c146e5b9f36bd4cb0244767b49115b2,35396797204d9c1c802121ea55bd7a5c40da7fb8828d258e0cea73e8a67f891b,True,0.9870959703830272,DUP-ee5c5649bfdb,2,39/2,True,,KEEP,AUTO_KEEP,,
1,dataset_qc_v1,39/20,39,20,39/20/0.jpg,39/20/0.npy,b7e6718a576ec26713f05dd455c22ebfb6501293136b103cd2f43dd33a708f49,070e4acf57e11e645a8de01d32880ba6546c5962d24dc55c2d07390735f5bec6,True,0.9598864856573094,,1,,True,,KEEP,AUTO_KEEP,,
1,dataset_qc_v1,39/3,39,3,39/3/0.jpg,39/3/0.npy,6c85575afc40491bdc875dd72752cd945c146e5b9f36bd4cb0244767b49115b2,35396797204d9c1c802121ea55bd7a5c40da7fb8828d258e0cea73e8a67f891b,True,0.9870959703830272,DUP-ee5c5649bfdb,2,39/2,False,EXACT_DUPLICATE_NONCANONICAL,EXCLUDE,AUTO_HARD_EXCLUSION_PENDING_HUMAN_CONFIRMATION,,
1,dataset_qc_v1,39/4,39,4,39/4/0.jpg,39/4/0.npy,9b1ef6366af533c4737c93eef83c33931be96d888f093d514b19283f6baafa5c,17c067c6fbfa5ca318a751006addfef8965855fda525423ec2186f9f59430ab8,True,0.9661246612466124,,1,,True,,KEEP,AUTO_KEEP,,
1,dataset_qc_v1,39/5,39,5,39/5/0.jpg,39/5/0.npy,596d23703ce213a6f8e093c2bf591d5bc44c9f235bfb4360b611cfa92fd71941,eb6a86c7a1a32e6ed2a996c0983d34a878d8d674088b28f90942bfb89fa9cc81,True,0.9775994887997445,DUP-3580568b6cd5,2,39/5,True,,KEEP,AUTO_KEEP,,
1,dataset_qc_v1,39/6,39,6,39/6/0.jpg,39/6/0.npy,585a8f378b8079f70cae212038afc5f216dbb736a3c89af7cbc010901ea3e9c6,3507510f23d5a6296b1d863cd847ec720bf551c74cc5130994830be592d594fe,True,0.9557430329852707,,1,,True,,KEEP,AUTO_KEEP,,
1,dataset_qc_v1,39/7,39,7,39/7/0.jpg,39/7/0.npy,5a426857600c6af8eb250e565f5a22feca5d4ddb364c3510e6b8b8e88078f945,310e668b46dd8cb6847e115187dba73e64f9a432673152fbc8d441324350a787,True,0.9805234327449787,,1,,True,,KEEP,AUTO_KEEP,,
1,dataset_qc_v1,39/8,39,8,39/8/0.jpg,39/8/0.npy,07d8c508c07b8617d5eb14a2b6378536defdacfdeadb2ed6e162ed0f2516eac4,8615f3be8ccdbf9a0f1e2817971a5935f92b54362325dc0e5cf4b6d60639bea3,True,0.9791946308724833,,1,,True,,KEEP,AUTO_KEEP,,
1,dataset_qc_v1,39/9,39,9,39/9/0.jpg,39/9/0.npy,d8438e482ffea1efc9badea745c1b0db5338c4740d5972fbdacbe97d2b8ffa67,d141bc86b9a78f914c4732414e46889938ce5574dfbc739d4147dbde24a1cc2b,True,0.9694673702250485,,1,,True,,KEEP,AUTO_KEEP,,
1,dataset_qc_v1,4/0,4,0,4/0/0.jpg,4/0/0.npy,0e2c1c32cdddf004b48ee25edc538c678b321b32fb519c7a4cbc33a76a393773,56052342d7073e17ae4f3b6e27e6924325639ad19adc34dc26a0a18eddfb3b6b,True,0.9761965620806441,,1,,True,,KEEP,AUTO_KEEP,,
1,dataset_qc_v1,4/1,4,1,4/1/0.jpg,4/1/0.npy,b4cab2fc3cd3da3d2c6c5e9621f3dfe11758ae3820333d9261fe20c72199c498,b1f91896224c6d28d2ff5ef8b9f3aa3d22c6412e6cb53d6cb1369120732f0350,True,0.9706147210768283,,1,,True,,KEEP,AUTO_KEEP,,
1,dataset_qc_v1,4/10,4,10,4/10/0.jpg,4/10/0.npy,8d82aa397e98f64e033d8bbd9dba8692a64ba45873dc4320d5ccda7df4531ef4,d4b236e14fd9abdebfa5683c051f2d0de565520c67288037b3780c03accaf3ca,True,0.9519783798766545,,1,,True,,KEEP,AUTO_KEEP,,
1,dataset_qc_v1,4/11,4,11,4/11/0.jpg,4/11/0.npy,d362bf343985754ce673be437c0b9ef5cdadef24fab252101832efd5c478acb0,023f8a35fd953f5cf9ffa9a0558c73ade10ccf877b3d9f50ea1a39bc7243ecff,True,0.9647387113140538,,1,,True,,KEEP,AUTO_KEEP,,
1,dataset_qc_v1,4/12,4,12,4/12/0.jpg,4/12/0.npy,0b670bcfbe645d0e5b31f753538eff8c0620f7a8cd80e097472fcac61b834e19,1eae7679983d10cf696dda587fe34e91e89b56423efd58c4d6e4b1e80a1928ab,True,0.9659084884152483,,1,,True,,KEEP,AUTO_KEEP,,
1,dataset_qc_v1,4/13,4,13,4/13/0.jpg,4/13/0.npy,9925aabd8fac53cbe187091191a5f021d56c20def5f65f1738503b634f94ad17,d1dd0435468ba579b63d4fdb6b6e24ea34d99eef81546a6b26597afec04b7c1a,True,0.9710150721624755,DUP-a37e29c3c570,2,4/13,True,,KEEP,AUTO_KEEP,,
1,dataset_qc_v1,4/14,4,14,4/14/0.jpg,4/14/0.npy,9925aabd8fac53cbe187091191a5f021d56c20def5f65f1738503b634f94ad17,d1dd0435468ba579b63d4fdb6b6e24ea34d99eef81546a6b26597afec04b7c1a,True,0.9710150721624755,DUP-a37e29c3c570,2,4/13,False,EXACT_DUPLICATE_NONCANONICAL,EXCLUDE,AUTO_HARD_EXCLUSION_PENDING_HUMAN_CONFIRMATION,,
1,dataset_qc_v1,4/15,4,15,4/15/0.jpg,4/15/0.npy,a191a5c92531f3f9bb62519961157adeb92717d165befd9890d03a8bac7f59e6,6d224e93b87f1e3848d88e4cb79194c0b7bd3a9f72d108fa7ca58b55e40deff6,True,0.9437704602349316,,1,,True,,KEEP,AUTO_KEEP,,
1,dataset_qc_v1,4/16,4,16,4/16/0.jpg,4/16/0.npy,57b32413679d34e851c74fec0bba6e2060b2753126e49f0f6617f3942d04b084,7d1045a1142c7ace98d49fe852027df3c9e545337997da2cc829569c8287c552,True,0.9768759317541825,,1,,True,,KEEP,AUTO_KEEP,,
1,dataset_qc_v1,4/17,4,17,4/17/0.jpg,4/17/0.npy,4eb343a091d8fc165f4177a776f73cd5f4f71739a5714b3d5cabf2ecbcf57f66,27475a0c312c2ddee5181c75270f64799860b26cb868e2733025e54f0c66a706,True,0.9818971519511952,,1,,True,,KEEP,AUTO_KEEP,,
1,dataset_qc_v1,4/18,4,18,4/18/0.jpg,4/18/0.npy,0931516e4051693d3cb94ed591fedae6464782d3992c6a46d4bc8f845a8ae072,b06ba2b1d2c1e3cb76576d2a5c6e2b39a9f3bad7e2f3a3e4b6e1b00c144ee4f8,True,0.9652854921128639,,1,,True,,KEEP,AUTO_KEEP,,
1,dataset_qc_v1,4/19,4,19,4/19/0.jpg,4/19/0.npy,c529a875f341ce37de629d8edcad7510da87956abfcebdb7c21b9d6d34d7b10e,644b3299fc0d52e1d0e9553ccfd8bf59840f1e0778434067cfe492a4f5c2c978,True,0.975752944037239,,1,,True,,KEEP,AUTO_KEEP,,
1,dataset_qc_v1,4/2,4,2,4/2/0.jpg,4/2/0.npy,10577780adbb459b11f4d7d450eba6049fe7a3c8e2141df4772bd436bdd2c4bc,55c20a4b0884d8662886330eded25b4c6522156b42e53467a6616eddaf9e578c,True,0.9697824335213537,,1,,True,,KEEP,AUTO_KEEP,,
1,dataset_qc_v1,4/20,4,20,4/20/0.jpg,4/20/0.npy,909f4f6ed267f1151d1ecb3c4f7f0b5a9d3051b1f598c210b7971bbf4d44bef1,d8bcf0e83d4e6370d52e05961d4c0f47aabaf3dea9a9ef48dce9517f309fa813,True,0.9563418290854573,,1,,True,,KEEP,AUTO_KEEP,,
1,dataset_qc_v1,4/3,4,3,4/3/0.jpg,4/3/0.npy,c5c544fa577ac9e57515a75d3f6d640c99dee191c84916ff60ced09476e8805a,7e7e9a31aecef52b3f71feebd2f3e473113102986d8911d722b0cc9eefdaf619,True,0.9602888086642599,,1,,True,,KEEP,AUTO_KEEP,,
1,dataset_qc_v1,4/4,4,4,4/4/0.jpg,4/4/0.npy,db5232d9137b9dfbc659d318b5cba6e3ac0cf6536eb4f49dff76641e48a84639,65bbad01f6eafb16448310f4a06bd70cc8b2ff2e5e655ea82760e76390ea193e,True,0.9782538946918113,,1,,True,,KEEP,AUTO_KEEP,,
1,dataset_qc_v1,4/5,4,5,4/5/0.jpg,4/5/0.npy,f40c45895a5e40b04c60c2273348ac7768bb56eceab824bdd42c037b657ee551,7f7ad55ec352aadeaddda5b0d734c0ab52968bc72a6138b9403e831025769230,True,0.952028885832187,,1,,True,,KEEP,AUTO_KEEP,,
1,dataset_qc_v1,4/6,4,6,4/6/0.jpg,4/6/0.npy,1923a2da43ab9d9f2ee0cfb839bcebeb0ef279b37f260f533ee5bf600cb9bdaa,20ee641e3e9b4d990859e63f99709031fe513691cb0ae6ba36ab9cfceb79c92c,True,0.9720822024040325,,1,,True,,KEEP,AUTO_KEEP,,
1,dataset_qc_v1,4/7,4,7,4/7/0.jpg,4/7/0.npy,98520f044523a8a265c2480fd8207b1293c1da6d06bd6fe99826f768a5ff3cfb,efe524c09d9879d7cef69c9c4c7193173babab4c95f5192cb923e3dd0b31546a,True,0.9750336903326478,,1,,True,,KEEP,AUTO_KEEP,,
1,dataset_qc_v1,4/8,4,8,4/8/0.jpg,4/8/0.npy,8788d40865d008f8e622220dad8e23d257cfe880652a418d000d59618a724f70,c144b31655125f36980250eb56d4d70875c91b8cb52b7b62fd0a0f83dea6c3b0,True,0.9729483162111776,,1,,True,,KEEP,AUTO_KEEP,,
1,dataset_qc_v1,4/9,4,9,4/9/0.jpg,4/9/0.npy,30643034eef30489bc41bf7eb13b0b144179fa09d1ea1081f22f9cccc8b0fadd,cefd9a37955996cf1ca6f53c17031ed2f90d13d7f39522292f6912d2bff0fcae,True,0.9743480285625582,,1,,True,,KEEP,AUTO_KEEP,,
1,dataset_qc_v1,5/0,5,0,5/0/0.jpg,5/0/0.npy,4b67d94ef0cd3dd6f81bb2a166d1f5774197a9bc4d923eb4ee209f396b5baacb,17842311d4d49a303f364bcd793c49c0266ffb8c4c3291816d25c5f9a138755d,True,0.9757810531620056,,1,,True,,KEEP,AUTO_KEEP,,
1,dataset_qc_v1,5/1,5,1,5/1/0.jpg,5/1/0.npy,f8be15ea52613a7907cb34ffacb3ccd429b0fc95839a2a2e3fd99a74f7b2c3b2,0469f4207cc944ab576a693e463fcbb14ab4f16d1ac9e59a0c351df4dd646f49,True,0.9755547054322877,,1,,True,,KEEP,AUTO_KEEP,,
1,dataset_qc_v1,5/10,5,10,5/10/0.jpg,5/10/0.npy,0b7dec54e4afbd2d9103c8a57b32579d655e37f3d03dab42d778d89b9003799b,c09f3efa32cd061dc5c4fdfeafa851543b6601737c3cfe0b3041f17d17e3541b,True,0.9516055195866849,,1,,True,,KEEP,AUTO_KEEP,,
1,dataset_qc_v1,5/11,5,11,5/11/0.jpg,5/11/0.npy,1b1347acc1eb63604003a8cda65d1eedb403416c98753fcc3761f3166f2a220a,7b7b4f25f9ef0a476642fdbfe4eec54cb87451feb325505e7275ca346e2d863b,True,0.9656757402101241,,1,,True,,KEEP,AUTO_KEEP,,
1,dataset_qc_v1,5/12,5,12,5/12/0.jpg,5/12/0.npy,2b665a8c1f268cb6a6a7d6f2cb54e5e647b36931f47506c8c3a11e8715dfe264,d313ce767b1d72ec51115ccca44bf361dce022131894cc403473f5640885b7a8,True,0.9650532235388632,,1,,True,,KEEP,AUTO_KEEP,,
1,dataset_qc_v1,5/13,5,13,5/13/0.jpg,5/13/0.npy,a5203640888da231a8ed26fb5ecf3b3e6c52e0840a5fd81b10bc358cd1df7c74,af7bce1e4e06ce8f28b7f0199a07a56fd5ba1ef7cb578bc2179fd12933da3212,True,0.976631925397696,DUP-1e414734dac0,2,5/13,True,,KEEP,AUTO_KEEP,,
1,dataset_qc_v1,5/14,5,14,5/14/0.jpg,5/14/0.npy,a5203640888da231a8ed26fb5ecf3b3e6c52e0840a5fd81b10bc358cd1df7c74,af7bce1e4e06ce8f28b7f0199a07a56fd5ba1ef7cb578bc2179fd12933da3212,True,0.976631925397696,DUP-1e414734dac0,2,5/13,False,EXACT_DUPLICATE_NONCANONICAL,EXCLUDE,AUTO_HARD_EXCLUSION_PENDING_HUMAN_CONFIRMATION,,
1,dataset_qc_v1,5/15,5,15,5/15/0.jpg,5/15/0.npy,068c37f141c7c990f2a3fd43bd7e721ebbcd0797b0c985e0144539a9c8579039,9786f5062c04a5aa0f7e3e7929c622df4473c05d419d0ed480e3de19a98ca7ca,True,0.9406383806928766,,1,,True,,KEEP,AUTO_KEEP,,
1,dataset_qc_v1,5/16,5,16,5/16/0.jpg,5/16/0.npy,55b35ba606ec3f73e978aae862f4575149cd5203b87413b9fca29d21cfa90b75,36214775f36c6fefdf5820926a162c441701ac0ebeafae1c157f19dd2e9d260e,True,0.9800558718483681,,1,,True,,KEEP,AUTO_KEEP,,
1,dataset_qc_v1,5/17,5,17,5/17/0.jpg,5/17/0.npy,d521b54e2d134c62b9dfb73ffacbdb097fea2005df41409ef9bae41b9a0fa5b0,0ff98cb030abe64e6b44ca1ad5c640fbc1efd7e1d4645c99a06a61b054a63592,True,0.9762420362175565,,1,,True,,KEEP,AUTO_KEEP,,
1,dataset_qc_v1,5/18,5,18,5/18/0.jpg,5/18/0.npy,2e61be5e0f863f7431390d6f32c9da585dea86e5a85e8fe3192233d881cd6d9e,8a7d0f63fa4f4e45657a929163e98595411170577c063a5fcd2ee460d5a4c2cf,True,0.9724026845637583,,1,,True,,KEEP,AUTO_KEEP,,
1,dataset_qc_v1,5/19,5,19,5/19/0.jpg,5/19/0.npy,52f40fa78862904f1aa9fc60325bcae51c90b098a4b0d6f5457c152748ce15e6,d89a6db67b3877fdd29e0a712de6c12ebad62558af43771f5ea40f84d951548f,True,0.9736369608057805,,1,,True,,KEEP,AUTO_KEEP,,
1,dataset_qc_v1,5/2,5,2,5/2/0.jpg,5/2/0.npy,34f82f43919f0922a580f3e8915d8d8bdeef7c71da5bea2272bd0b98d409fa34,72d06d8bba08e8c5c20a02c1bf052ef47a559313e9eff384dac44876173c58b7,True,0.9755189901127367,,1,,True,,KEEP,AUTO_KEEP,,
1,dataset_qc_v1,5/20,5,20,5/20/0.jpg,5/20/0.npy,fb77cb3906dddd0c76e7eb28976de888e94e02d3c17d5194d3ae2a4ed3de1d7e,87b65db846892561afc6ba53134cf9a18d4a225b06d1ff864f21a30639d8f55b,True,0.943635544881417,,1,,True,,KEEP,AUTO_KEEP,,
1,dataset_qc_v1,5/3,5,3,5/3/0.jpg,5/3/0.npy,7c308172fad2220793d675686f3e6b6673ea421b49fc6193132d81a226b8bb5e,24918dd82cf334aa4fdaad32b82cd3d782e111da439fab9b1cc72dca13970ef3,True,0.9595366465595473,,1,,True,,KEEP,AUTO_KEEP,,
1,dataset_qc_v1,5/4,5,4,5/4/0.jpg,5/4/0.npy,6c79cec5e05b25ef4534eb6ebdbf1cec726196c4a50f4508c82b722d48289c93,8b6f254b86768594af9f049d68be640951acb2eafc690ada0ec96b3d647fd501,True,0.9758280757097791,,1,,True,,KEEP,AUTO_KEEP,,
1,dataset_qc_v1,5/5,5,5,5/5/0.jpg,5/5/0.npy,db5ceb0a10822a7a074e3103ea53f5ebde453372669dd88b866392c3c9295031,9922426c57d414c5d4da8eda5bee0ca01de936f8e89d674b325cef8d00eefbd8,True,0.9187486653854366,,1,,True,,KEEP,AUTO_KEEP,,
1,dataset_qc_v1,5/6,5,6,5/6/0.jpg,5/6/0.npy,e5fbf3211469df3d37003cb8794de4fa53a3cb095bc123e005e469532caa7ef2,a47306d2c0c1462cfa8d26fb49743526afd8a52c550064a60c567c313c744817,True,0.9645368008461395,,1,,True,,KEEP,AUTO_KEEP,,
1,dataset_qc_v1,5/7,5,7,5/7/0.jpg,5/7/0.npy,3916c8e847f88814e06352d9f4408fe6b9bf21c5a3c4a5bafd7ce0c2a22cfff6,0bdd9817f66730d3ebba0242d16090ea138d964d513a9b26128bca196af9df36,True,0.9751285257746283,,1,,True,,KEEP,AUTO_KEEP,,
1,dataset_qc_v1,5/8,5,8,5/8/0.jpg,5/8/0.npy,e5495eb2e2d87ad038cd13288da814a6f366b4275dc60f44520ba5a4e20eaa3b,20d76ed3019cf1061824d29136cb7f7a99b0390c9087504fc49a5758a1453297,True,0.9721128883678084,,1,,True,,KEEP,AUTO_KEEP,,
1,dataset_qc_v1,5/9,5,9,5/9/0.jpg,5/9/0.npy,e386356ac917f09b584d3122d0108f8adbe11963377ec37eeb66055cdd8da397,6074a5d322839139c6634d5acb1728dbfce2f7092313489b512b1ddeb3092135,True,0.9735281578233402,,1,,True,,KEEP,AUTO_KEEP,,
1,dataset_qc_v1,6/0,6,0,6/0/0.jpg,6/0/0.npy,c6b4ae3e4d7bf70fd107860b1e6dede76e594ad0f1b6be72878a8d9a9668e895,45e446d7e9fc8a12fd512484c816f4a90ec81bc34d345f0bb5b63a7adbff05f9,True,0.96966481794068,,1,,True,,KEEP,AUTO_KEEP,,
1,dataset_qc_v1,6/1,6,1,6/1/0.jpg,6/1/0.npy,29512dbbb2081af31490de22575cb1e816d1c453dff59ad5235549ece23bb4b8,a156b02d279eb584d5fa26fd2dc2279bba3f03cbbc3a4bbb31b556e1565d30cc,True,0.9786602180645708,,1,,True,,KEEP,AUTO_KEEP,,
1,dataset_qc_v1,6/10,6,10,6/10/0.jpg,6/10/0.npy,daf67ed4e6b4aa5538f645db141330ff1f092e8d827be78da41a56fcbd3a4140,9e951c73a0bd4ea4b6d124dacf3a5f11c1c766362aea49c76fb6f74bf1152a51,True,0.9540017770487321,,1,,True,,KEEP,AUTO_KEEP,,
1,dataset_qc_v1,6/11,6,11,6/11/0.jpg,6/11/0.npy,69ac198e83bb4dee816c796bd4eb886b8a66ce6ff909ad9c01a36c7d8b157901,a70e0c945541c5fc2e06ed68e664c836f3461efaa85d54ac25e57c1891cdf871,True,0.9682151589242054,,1,,True,,KEEP,AUTO_KEEP,,
1,dataset_qc_v1,6/12,6,12,6/12/0.jpg,6/12/0.npy,ff5451208ef32a426dd4539cbc1843499930df0f38cbec61871b650eaa7e7f63,28292befc3d05cd1065f3e5f0a88c6e55109490c9bd425c17da2c6682c103d44,True,0.9589697514225816,,1,,True,,KEEP,AUTO_KEEP,,
1,dataset_qc_v1,6/13,6,13,6/13/0.jpg,6/13/0.npy,4a1b3a6665bc56636cb2a003e8967ed925158686355d96296a60a8bb2742fb11,1139f6b04d72e9862b6fc472ad4f6e7db27c5cd47d303e71224f9091683942ef,True,0.974191663420335,DUP-f2eb8184223c,2,6/13,True,,KEEP,AUTO_KEEP,,
1,dataset_qc_v1,6/14,6,14,6/14/0.jpg,6/14/0.npy,4a1b3a6665bc56636cb2a003e8967ed925158686355d96296a60a8bb2742fb11,1139f6b04d72e9862b6fc472ad4f6e7db27c5cd47d303e71224f9091683942ef,True,0.974191663420335,DUP-f2eb8184223c,2,6/13,False,EXACT_DUPLICATE_NONCANONICAL,EXCLUDE,AUTO_HARD_EXCLUSION_PENDING_HUMAN_CONFIRMATION,,
1,dataset_qc_v1,6/15,6,15,6/15/0.jpg,6/15/0.npy,b068eb4152f242e7e2d6f9dfed3bf541e5686b5a192df413b3f9e7176aadec3e,ac72de0b9f14fee81d8487e002f1c047c0bc3e114d1f09dea2937c3416938830,True,0.9268650740691312,,1,,True,,KEEP,AUTO_KEEP,,
1,dataset_qc_v1,6/16,6,16,6/16/0.jpg,6/16/0.npy,72e395f807d9403b72f10b7171cb0c253d2d8bdb291fd3b25c8d49802211cece,2bf7b9d441855654bbd80f1419dc50a6c89b6504483b3c549801479fcfdcb9a0,True,0.9812411799125735,,1,,True,,KEEP,AUTO_KEEP,,
1,dataset_qc_v1,6/17,6,17,6/17/0.jpg,6/17/0.npy,25dc6c0b399377a57cbf45cb4e72b3e5bab89558f0c16197f1fb9ef761e59a9a,8ea6fcec76a5f86f9171e6f060031e25e9396c8b1d2c682334b17406540c75db,True,0.9825196552562613,,1,,True,,KEEP,AUTO_KEEP,,
1,dataset_qc_v1,6/18,6,18,6/18/0.jpg,6/18/0.npy,24f28dea6be43d7e65e0fa1d28923dc8d2d4da886b5bcd4cb96c0e930f5351bc,8a66d275d84dc67a0dacbad2e71041bb145e43404ea8982c9255237caebe5a1a,True,0.9672954355243675,,1,,True,,KEEP,AUTO_KEEP,,
1,dataset_qc_v1,6/19,6,19,6/19/0.jpg,6/19/0.npy,0b3064e734c6b12685afde047802f68e41555c45daa6c4520355d87318a3e244,1fd5459278e65c2a652d9d2c767caedd61939ccf777c72b1600a1aedc4260e7f,True,0.9733571149880162,,1,,True,,KEEP,AUTO_KEEP,,
1,dataset_qc_v1,6/2,6,2,6/2/0.jpg,6/2/0.npy,de1b5e488e335ef2173d8d85ff3a69afeb1c5cf5c5006688a3f6797816d95f10,563ac3060347c235815532983e4fdbe5aa6f802adef4b533d94a742861ee5e0b,True,0.9712623324057678,,1,,True,,KEEP,AUTO_KEEP,,
1,dataset_qc_v1,6/20,6,20,6/20/0.jpg,6/20/0.npy,0eada691928808313740d8f209904c9cf9c07e362a96801e8742396b53390e95,4a13d2bee533a0c370d238b6ef03663b300e972a9826a5a998e982c7aff159fb,True,0.949990213348992,,1,,True,,KEEP,AUTO_KEEP,,
1,dataset_qc_v1,6/3,6,3,6/3/0.jpg,6/3/0.npy,f8319fcb372c7f451bf596fd2afacb83d8a08741f5a80f5d35a68bd878eb4422,fddcd306aefd1cf3be224440d7bb2f13acc890ea002c4644762475ed359aa22d,True,0.9652959353458521,,1,,True,,KEEP,AUTO_KEEP,,
1,dataset_qc_v1,6/4,6,4,6/4/0.jpg,6/4/0.npy,0705ba6b742299ae3806fda7b68ae2574f90bbd869ceb3465fe004d7bdad0129,87dcefab71b3184c5de3bbe72cc873601e665d0ff856362e055a28244ee19d56,True,0.978927959963124,,1,,True,,KEEP,AUTO_KEEP,,
1,dataset_qc_v1,6/5,6,5,6/5/0.jpg,6/5/0.npy,9fe1d32c6a0b02f01357ee86c80347a50c65194dabfa2db031d87911b0ac8410,a71123c51df4d916814779b3a4755d9000e6a77ac8f068a4deb349c58cd3f1e3,True,0.9298620002845355,,1,,True,,KEEP,AUTO_KEEP,,
1,dataset_qc_v1,6/6,6,6,6/6/0.jpg,6/6/0.npy,7322d280f232d658ce174aa06749bc5640a44f357336d53095db6f3bedbd9a57,298238d5703b5bf3cfd13d44826059f16272edb67c6472fb108a7410bbe3c971,True,0.9721246193487937,,1,,True,,KEEP,AUTO_KEEP,,
1,dataset_qc_v1,6/7,6,7,6/7/0.jpg,6/7/0.npy,22868536cb863c9c2b2073504d51a9f6704f3a8a0287ea3a0d83dfa949639f66,0cc96379be888c5c5162501754035c6b7fa0c36649496890d6ca745ea2e01043,True,0.9726646066080342,,1,,True,,KEEP,AUTO_KEEP,,
1,dataset_qc_v1,6/8,6,8,6/8/0.jpg,6/8/0.npy,fc8141a3861d38292cc98f96edb48a8ac3d34ff063a2003198707bd27f6a77cd,f7f946672354ad2e000bd5703e34e0f20d14b1104745adad353ed9ae3914b57f,True,0.9695448649258361,,1,,True,,KEEP,AUTO_KEEP,,
1,dataset_qc_v1,6/9,6,9,6/9/0.jpg,6/9/0.npy,fc5de1b443098f3c7d8048549422c23785a35d47f6c968b1fb38e27a1a110e4f,b31234f0b616ef588f4e2a634130054e70b597cbbc33ae07bd5d9a66856bb48e,True,0.978820738732633,,1,,True,,KEEP,AUTO_KEEP,,
1,dataset_qc_v1,7/0,7,0,7/0/0.jpg,7/0/0.npy,f786bc71a1931aeca81f685c1d9aa0f02feeb925c6f45f7e7c80a09c752b4d5d,2c94a9b40f58991973af9469edfa963a52e1dd8fd1e350842daf1c79c90a2727,True,0.9793991416309012,,1,,True,,KEEP,AUTO_KEEP,,
1,dataset_qc_v1,7/1,7,1,7/1/0.jpg,7/1/0.npy,05de15d65f4229dbf949bc5ef1e32f1a9ca6d857181d76e58e21fc89b05615ef,026f09bfc99d19ad1ddae38ed3f781c7b1375fd1492af883a9a33a3455fd5889,True,0.9778614124418862,,1,,True,,KEEP,AUTO_KEEP,,
1,dataset_qc_v1,7/10,7,10,7/10/0.jpg,7/10/0.npy,360c9589349ac10e8ea451109ea3abfc6f74fa67ee864a248b76fde8bf2f8c20,cba78ceb48bca08354fc2fdbdbeb781cd10647a41ae3a126d4a8c6f482d6f094,True,0.9624747157703843,,1,,True,,KEEP,AUTO_KEEP,,
1,dataset_qc_v1,7/11,7,11,7/11/0.jpg,7/11/0.npy,cda3f646be1d6c33c68a821d5b95970806f2685a72f137848e48a30f883f33a4,c9c26e6a0b9de44f150de14877c1498397af85cdf78894bf65bc144ed8c4afff,True,0.9682431111979676,,1,,True,,KEEP,AUTO_KEEP,,
1,dataset_qc_v1,7/12,7,12,7/12/0.jpg,7/12/0.npy,801603cdea458a96549158dc21b541a9eb69534c153b9131d37ac68ba161c80d,0a799f8148357c8c055f9f1b36f902911f02178499fe6471d7cab357412e0fea,True,0.9640445163131361,,1,,True,,KEEP,AUTO_KEEP,,
1,dataset_qc_v1,7/13,7,13,7/13/0.jpg,7/13/0.npy,e44f17c7a7182f08584861d1f39f3963876ca999130ab9c2c554b1839456f4cb,2b99d6a2874862876276c35a492baa5c5b0e492c8cbecafbf808044babf9a109,True,0.9717018210402201,DUP-ec7265b09999,2,7/13,True,,KEEP,AUTO_KEEP,,
1,dataset_qc_v1,7/14,7,14,7/14/0.jpg,7/14/0.npy,e44f17c7a7182f08584861d1f39f3963876ca999130ab9c2c554b1839456f4cb,2b99d6a2874862876276c35a492baa5c5b0e492c8cbecafbf808044babf9a109,True,0.9717018210402201,DUP-ec7265b09999,2,7/13,False,EXACT_DUPLICATE_NONCANONICAL,EXCLUDE,AUTO_HARD_EXCLUSION_PENDING_HUMAN_CONFIRMATION,,
1,dataset_qc_v1,7/15,7,15,7/15/0.jpg,7/15/0.npy,1654fd2860eda269c0f171c73a3fccf828901f755cd0fc5f3ec372656100aac8,fd1ebe0fb971dd3a176a1f6b51a573970ca2cda07f2069e7bfd91577a64fcb66,True,0.9546684709066305,,1,,True,,KEEP,AUTO_KEEP,,
1,dataset_qc_v1,7/16,7,16,7/16/0.jpg,7/16/0.npy,a28a01596ab129862e104806d8c4337af4d3d242a0fc4a1743d360b8337ab4bd,ed3044177cbfd53b91f13746adc2aafee5bf4e8f705bbf494d76c08873f70c4d,True,0.9807491289198607,,1,,True,,KEEP,AUTO_KEEP,,
1,dataset_qc_v1,7/17,7,17,7/17/0.jpg,7/17/0.npy,95b3b29a53edc894781e3a8f83005c57ff2bc1d06ea076ff546972035bc29b13,fd8fe12437a9742b5c0c117b9b68269ed1980413139f14289348a7502351a5b7,True,0.9827622187904337,,1,,True,,KEEP,AUTO_KEEP,,
1,dataset_qc_v1,7/18,7,18,7/18/0.jpg,7/18/0.npy,d6afb52c494172ef0e603fd45e031deda2c10a7a5694a8bc27ffcc627f24497d,6871fd554185684070d1b63c50f6560c02df0555f5dcfbc9a40cf8e87a46eee1,True,0.9693382655158241,,1,,True,,KEEP,AUTO_KEEP,,
1,dataset_qc_v1,7/19,7,19,7/19/0.jpg,7/19/0.npy,2d56a9f4933b6fd0081f1e412110455b9673086aebd76cf7e4c0b23adb26f5b0,c48bf3a79b5a5154b1232590b08f550025f8de110b7fbe57e4db01d015f5871e,True,0.9734028683181225,,1,,True,,KEEP,AUTO_KEEP,,
1,dataset_qc_v1,7/2,7,2,7/2/0.jpg,7/2/0.npy,e81eb5dfefc104ddaa32864f84ddaf49971ff086ebb6397cf7bac1e025d7c01c,a19f827b2b3d632fc6001e202cdeff4cf0da7cc46a5c7da0249ed3a8f1e9aa24,True,0.9756023944866442,,1,,True,,KEEP,AUTO_KEEP,,
1,dataset_qc_v1,7/20,7,20,7/20/0.jpg,7/20/0.npy,b9a67720b061a6c9b059ae31dad6e3601b337a1e5fe96c3694616067173f2ff3,fca57c0d4abed83532f91a972552e9bfeaa10f7c2bb832634ea7d4bc5ae69299,True,0.95874773960217,,1,,True,,KEEP,AUTO_KEEP,,
1,dataset_qc_v1,7/3,7,3,7/3/0.jpg,7/3/0.npy,88ab117921023bd9c03c381143b4e9f05dd0a59dd37b4e80bf33a61fa1f24f4c,74fc26e7494707354bca0467b75263e08c09bdb6f3bcbccc935f686ce657d047,True,0.9663502208854216,,1,,True,,KEEP,AUTO_KEEP,,
1,dataset_qc_v1,7/4,7,4,7/4/0.jpg,7/4/0.npy,31314db2bde1cebd593718167b6cdd932c09e09f1df03b9595cd2807454d13cf,c153c0cd3e0be6877f7bddbd063927f62d6e5528ec266e9e1517fbcf15ebc6cd,True,0.9781126659490491,,1,,True,,KEEP,AUTO_KEEP,,
1,dataset_qc_v1,7/5,7,5,7/5/0.jpg,7/5/0.npy,0cf07b29dd95f1fcb3eaf5914ca50fd97b462a042edadcd9043197b557eb4bc7,b5e4acfe3e29f0db064865d40d6e7ac473637142a1c2c2a4c3810dcd5ef07198,True,0.9147909967845659,,1,,True,,KEEP,AUTO_KEEP,,
1,dataset_qc_v1,7/6,7,6,7/6/0.jpg,7/6/0.npy,19ec37e179903c6d138df9b8db2274489ad8c48bf554d434c30d83f3c1b283dc,a69a497ae0fe6f675c37826f32270372a06b99ed54681bb114bfdf483e8d3914,True,0.9682973691989358,,1,,True,,KEEP,AUTO_KEEP,,
1,dataset_qc_v1,7/7,7,7,7/7/0.jpg,7/7/0.npy,5120e0754b85112ee31c5ef49b4f057818afaba118ddfec2b1642620c9ac8561,64dccc23829874638faaf0efac045e7b726c8214e7c66d4a4dc3407cb7d7cfcb,True,0.9824301439458086,,1,,True,,KEEP,AUTO_KEEP,,
1,dataset_qc_v1,7/8,7,8,7/8/0.jpg,7/8/0.npy,a765031776f33292c8f128d219b1f695b3f39dd7e81f118696ada96ad159cca7,4425009cb9efa9c0212c4d99359ec190131350d3de84b162414a3be640306302,True,0.9747356051703878,,1,,True,,KEEP,AUTO_KEEP,,
1,dataset_qc_v1,7/9,7,9,7/9/0.jpg,7/9/0.npy,6771aff7e64c714f059ba3ea4b714335e2b4244ef81ba720dc00ed1214d05499,77e4d4b0c8b74d965c66aa5e0620fade95453c83f3ad56753d2da6c4fe5bceec,True,0.9804620521613573,,1,,True,,KEEP,AUTO_KEEP,,
1,dataset_qc_v1,8/0,8,0,8/0/0.jpg,8/0/0.npy,ed957d8288732e2e1870b21ce50cb9c088a1537d1e7dc62578392ff046dab8bf,52ac665dc1bb741d88873167f530c2233b9df09953ff8f4c237643618778dbc8,True,0.9818848487493999,,1,,True,,KEEP,AUTO_KEEP,,
1,dataset_qc_v1,8/1,8,1,8/1/0.jpg,8/1/0.npy,5d169efa4063c46eabd6d73a6017d97067d76a6c2437e6b8f5a24cfb234a0c87,c87752f1367cef893ce1e2e98e5bcde46f6679598592e1d3e3b0e37031cfff97,True,0.982487370700024,,1,,True,,KEEP,AUTO_KEEP,,
1,dataset_qc_v1,8/10,8,10,8/10/0.jpg,8/10/0.npy,a5c334aa2be50df6e854553c6acb63626e057fbc04c68b2146ba94437c099e4a,7fbf042ae2f801c66bee69f8d60f7d3431107e6ea38ba78c064fea21f7ea809b,True,0.9691340382966562,,1,,True,,KEEP,AUTO_KEEP,,
1,dataset_qc_v1,8/11,8,11,8/11/0.jpg,8/11/0.npy,ff88b604ef24aee9652c4f0e6b102f383a26460619106ca702e510af751bbc4e,cdfb990514c3cfc201ce71b24ee0ebe7ff58169a48907ad4a240e174f2bdc039,True,0.970874601309384,,1,,True,,KEEP,AUTO_KEEP,,
1,dataset_qc_v1,8/12,8,12,8/12/0.jpg,8/12/0.npy,85b607a8282595731269f95d4b08cbad30d60396149e378b21405774a849c45e,e8729450c8c59f1edd4deb041c428dd1aec97bd476d54f6ffd6f7098651c3aa1,True,0.9700281237444757,,1,,True,,KEEP,AUTO_KEEP,,
1,dataset_qc_v1,8/13,8,13,8/13/0.jpg,8/13/0.npy,f1a632ca11a54bd641606e7d3ab6372c0f9f39d269ec464a052d264ec27e5aeb,1f2ef0349c7d68683bf3e8fd11c48b4e8feab13163221f0c9f41e89d1ff38a05,True,0.9793070766638584,DUP-a7e1572ca57f,2,8/13,True,,KEEP,AUTO_KEEP,,
1,dataset_qc_v1,8/14,8,14,8/14/0.jpg,8/14/0.npy,f1a632ca11a54bd641606e7d3ab6372c0f9f39d269ec464a052d264ec27e5aeb,1f2ef0349c7d68683bf3e8fd11c48b4e8feab13163221f0c9f41e89d1ff38a05,True,0.9793070766638584,DUP-a7e1572ca57f,2,8/13,False,EXACT_DUPLICATE_NONCANONICAL,EXCLUDE,AUTO_HARD_EXCLUSION_PENDING_HUMAN_CONFIRMATION,,
1,dataset_qc_v1,8/15,8,15,8/15/0.jpg,8/15/0.npy,6be41f964cd2674a6eed077e958d662bd208afc340cfdc171612a08bfedf7ee7,ec8d107acd0e0ae3cece91fa96d6251bdcd04ecae6346bd4385e2731cdc6e115,True,0.9467831612390787,,1,,True,,KEEP,AUTO_KEEP,,
1,dataset_qc_v1,8/16,8,16,8/16/0.jpg,8/16/0.npy,64062b695a2223e4b60472d24c73fbbb4e1f224471b58175d48b49e05ae9ceb1,0217093be3a17fabc36e43a33b4a677655a133f582ef38f2e791877a6c4d43fd,True,0.982394537917581,,1,,True,,KEEP,AUTO_KEEP,,
1,dataset_qc_v1,8/17,8,17,8/17/0.jpg,8/17/0.npy,b14706a691c0bdc1adfc19ec5c1d320d8e5f410841c17af6171a3ce63e0dc9a5,d97b99c313616718694ef3be4f818ba1b04aab3bd4923ae1ac15e8fc04bc2ce8,True,0.9822191592005514,,1,,True,,KEEP,AUTO_KEEP,,
1,dataset_qc_v1,8/18,8,18,8/18/0.jpg,8/18/0.npy,4f23c14f980941ef5d708d3aad6b912d4cbc81d5619548ccd9ea224b5bd284b1,714f415299addd90dd6c8c2b694f80b86f1e9fb6dd0b279fee5f9ce770318ff0,True,0.9783787402101881,,1,,True,,KEEP,AUTO_KEEP,,
1,dataset_qc_v1,8/19,8,19,8/19/0.jpg,8/19/0.npy,f755698cba22d6f54ee9197f7e4c55ecd028fe94655d0a16369370bce1ce443b,7c52f88754b440cb5dd40f1a9d06bc47564c68d71ef65d8d8dfa5568f09f28a2,True,0.9793490224854552,,1,,True,,KEEP,AUTO_KEEP,,
1,dataset_qc_v1,8/2,8,2,8/2/0.jpg,8/2/0.npy,583003c057d10d7fe1cba9f5b1c23aa0dec5679f121cade5b3b9bfd966ed24a8,bce171a98c349d87f2f2efa67f44f68514a9ab50d7d9aa71130784729b90a928,True,0.9776485650272058,,1,,True,,KEEP,AUTO_KEEP,,
1,dataset_qc_v1,8/20,8,20,8/20/0.jpg,8/20/0.npy,5314d36daaa14be79c4f89ba3a161c8702bad8cc6ecd43d100e441d00eef25b6,c0ad99d7703186d55b462b72d1d7043e86b0af22413bebe953ec2f51c05d040c,True,0.9663805436337625,,1,,True,,KEEP,AUTO_KEEP,,
1,dataset_qc_v1,8/3,8,3,8/3/0.jpg,8/3/0.npy,d7f1e6f37d11c607d649e86c14d6adf97a9c6cc135115c0c682ccb3644d45ac6,beb595d40b034d3f68e56b921a93ad23ecb4d7ca2cf73c4b11b5ddaf4905c4c8,True,0.9695,,1,,True,,KEEP,AUTO_KEEP,,
1,dataset_qc_v1,8/4,8,4,8/4/0.jpg,8/4/0.npy,f88c26800722381c1d4ab3c93723b5059ef16007dcec103802b4e44c0b408cb0,001eb66c00d9886369105a21bbc1554deb7800c86c6d849a537b766b1b6ced04,True,0.9834135621598995,,1,,True,,KEEP,AUTO_KEEP,,
1,dataset_qc_v1,8/5,8,5,8/5/0.jpg,8/5/0.npy,65348061e230259f3566af87eedc33eb3d10d8bd8abacc30728f9d57650945e0,5eee3228f745ff5feaed84453f521442385a1d9f74cc495f47bf9569640c7706,True,0.9339716736485139,,1,,True,,KEEP,AUTO_KEEP,,
1,dataset_qc_v1,8/6,8,6,8/6/0.jpg,8/6/0.npy,649ad79cc6cb8d2f55459959cc629b72c903b6c3ba48dd0d3a91abe8729d1e8c,c0ccc76c4006e9c742400b44f6725d4d1b09601154e721e6ef8d45e5fb32b0db,True,0.9700974245201119,,1,,True,,KEEP,AUTO_KEEP,,
1,dataset_qc_v1,8/7,8,7,8/7/0.jpg,8/7/0.npy,f3cf0224f084bef67c7c506dca5d2154e8520a884720f6fc1d17c96f54158f59,b8482119a0ec9b8ad3d1a5d93e84db7a9442e070ee96a1ae1582b95041e590e6,True,0.9823426655965252,,1,,True,,KEEP,AUTO_KEEP,,
1,dataset_qc_v1,8/8,8,8,8/8/0.jpg,8/8/0.npy,55f22a4b2c201d28be2b9b3a69f18b1935d13ee1b1d87427c24351788c72ddc3,e6a21ae557676cdb7697f31b57f0dc1a84e7db5314480ca9668ef62c7910c3c6,True,0.974968152866242,,1,,True,,KEEP,AUTO_KEEP,,
1,dataset_qc_v1,8/9,8,9,8/9/0.jpg,8/9/0.npy,615cc0a64d9ae414ebda4aa8b0ea07992f07aa832fc3aad7593f8fc50c251c6d,3a0415931a0c71551ae6bbc47855c2ec75841a98577ad2694376fc7c8ee43fc5,True,0.9872450957587036,,1,,True,,KEEP,AUTO_KEEP,,
1,dataset_qc_v1,9/0,9,0,9/0/0.jpg,9/0/0.npy,3258afa34bfb8ed47f58da1cbdc8fe2ec47c49685929f402984565d1a10e7206,5ca6c24386a41b12b0d4407bb96072f9d5a364a960953096c881f72f67947768,True,0.9797312759488706,,1,,True,,KEEP,AUTO_KEEP,,
1,dataset_qc_v1,9/1,9,1,9/1/0.jpg,9/1/0.npy,7cf6825afdefa2e1a8be027b123393357e37e6a4c9e93a2a7eee1eabe483c0a3,5da47ee2ec190b589191f00ff3af386dac7210748c4ae5659522fb12a743516c,True,0.9768170979422415,,1,,True,,KEEP,AUTO_KEEP,,
1,dataset_qc_v1,9/10,9,10,9/10/0.jpg,9/10/0.npy,3fbe279c95034bc61e5bdd906b4b0656bea358fba3bc622f84ad7645e7faac37,f2935532e0e6fc21f3333cb16707840cb25449d8afe7c110bd89175d213dca81,True,0.9725170692523954,,1,,True,,KEEP,AUTO_KEEP,,
1,dataset_qc_v1,9/11,9,11,9/11/0.jpg,9/11/0.npy,126cdaddcaf00ce87d8da53680cf734f0afb6a7aff5a553260787cf074dfb9db,da53d5fdcc3c7f9c4a391a015f59d23ce6f6508829d3a5ea48aadd9cb759fd16,True,0.9701678923269044,,1,,True,,KEEP,AUTO_KEEP,,
1,dataset_qc_v1,9/12,9,12,9/12/0.jpg,9/12/0.npy,6e09377f42d2522df3f24bc4fe6f92af10b04444f2cadda2309475bd30711f5b,69ecc22ba80929e0df1e868ac10bd13a5c318ddd4f5cf584be5d4680aa1e35af,True,0.9673674706565201,,1,,True,,KEEP,AUTO_KEEP,,
1,dataset_qc_v1,9/13,9,13,9/13/0.jpg,9/13/0.npy,176d0bc6059fd5def11d3689251983a82eee7a3f840fb50b55bd2b394ca0887c,c4af14e12301fb0c252eceab66082c6b0e259112fd8d8b9c7e95b3b672c0eac5,True,0.9759906128711978,DUP-c60dd8a881f6,2,9/13,True,,KEEP,AUTO_KEEP,,
1,dataset_qc_v1,9/14,9,14,9/14/0.jpg,9/14/0.npy,176d0bc6059fd5def11d3689251983a82eee7a3f840fb50b55bd2b394ca0887c,c4af14e12301fb0c252eceab66082c6b0e259112fd8d8b9c7e95b3b672c0eac5,True,0.9759906128711978,DUP-c60dd8a881f6,2,9/13,False,EXACT_DUPLICATE_NONCANONICAL,EXCLUDE,AUTO_HARD_EXCLUSION_PENDING_HUMAN_CONFIRMATION,,
1,dataset_qc_v1,9/15,9,15,9/15/0.jpg,9/15/0.npy,d659721215dee88785e2d51a29763f7549211ffcc62eaeaca906db7c38ecbb5e,3db8d273533c4d8be54d93617f41c4342039810b689ee2166f40e4d4de22729f,True,0.9617173137233698,,1,,True,,KEEP,AUTO_KEEP,,
1,dataset_qc_v1,9/16,9,16,9/16/0.jpg,9/16/0.npy,764849aadcfcb97bff58860b302aa8cecd7edbec819a562265ee48c1d42d6aea,2bc2bca45ea643e5be9736098c5cb36ea8416bb5184362147fac0e4540d1a245,True,0.98227501142074,,1,,True,,KEEP,AUTO_KEEP,,
1,dataset_qc_v1,9/17,9,17,9/17/0.jpg,9/17/0.npy,48f6e22a94deebc29f8937ce425aecd2f77cd057e784c63d168b7d0c586f30f1,8932f15aa6c748cf20c3ecff9acc965e74f225d4aaf76e51925daa90ae4aa70b,True,0.9796610169491525,,1,,True,,KEEP,AUTO_KEEP,,
1,dataset_qc_v1,9/18,9,18,9/18/0.jpg,9/18/0.npy,22339624c56cac9ece021bf01a41b32b0f0cdfc8de388fbc3f51b32f5fcd629d,0a11fd576d023ef71ea989818737d194d8405f38545c401c08a9fa68049cb919,True,0.9694532797215387,,1,,True,,KEEP,AUTO_KEEP,,
1,dataset_qc_v1,9/19,9,19,9/19/0.jpg,9/19/0.npy,0c13d090a823e5981f9c81062baab64b0d997ea52cadc6a2e33e81c75b18210e,0a8032d14aa7675076d89bac20cd50a6a7a9f70cae76126ea0270eeed5c37446,True,0.9810126582278481,,1,,True,,KEEP,AUTO_KEEP,,
1,dataset_qc_v1,9/2,9,2,9/2/0.jpg,9/2/0.npy,31bbac3eeb46825b1510803353f94bf30807ad7ed461b0fb2efbf054bb712966,61c73ca6df601884c9193e1a3f6be699067bb6039d33f3b1defe9fc0089fd63f,True,0.9791830322073841,,1,,True,,KEEP,AUTO_KEEP,,
1,dataset_qc_v1,9/20,9,20,9/20/0.jpg,9/20/0.npy,3759d15b1a97bfd727641a2b590db674d73a2e1a67d7c806a2c11d7f6873eb6b,ff5868ed611c36fa7b4463a0ff018712e99dec966c965089a2641bbe337ce25d,True,0.966275148273055,,1,,True,,KEEP,AUTO_KEEP,,
1,dataset_qc_v1,9/3,9,3,9/3/0.jpg,9/3/0.npy,7f3702874bbaf5c849c4fd37979ba6d28470697896d0fabea38a88e54f48acb2,7a421d29adbb3052c7a35ccca29ef21f8b7075f80357931cdd1dbd5d8694ce1e,True,0.9742399365906131,,1,,True,,KEEP,AUTO_KEEP,,
1,dataset_qc_v1,9/4,9,4,9/4/0.jpg,9/4/0.npy,1b32e23c4e96105ddcca54829b58a498bc3e921f5389bd9855a022e59b033163,69bd3d7b01bcdd2dcc3162b792eb7e30f852aa525706f34e76f6206ae17cdc19,True,0.9799250420023263,,1,,True,,KEEP,AUTO_KEEP,,
1,dataset_qc_v1,9/5,9,5,9/5/0.jpg,9/5/0.npy,7598e528228b52c51b561e4af0cb1bae2dcc924642aeb52b54283b44932f5c46,707c2f28fa98877e7ed194d5bfb7efee8207237f78f8ac9d7a49f7d82cd2d407,True,0.931452167928424,,1,,True,,KEEP,AUTO_KEEP,,
1,dataset_qc_v1,9/6,9,6,9/6/0.jpg,9/6/0.npy,bf649317b9cf5b96382129dd41ea68e3e3b403627262742ccf8475d0b6bfc7f9,144890abf928511a07084f9879d2a646b77ad07af66ba9ba46eb37b23fee2236,True,0.9701029473981103,,1,,True,,KEEP,AUTO_KEEP,,
1,dataset_qc_v1,9/7,9,7,9/7/0.jpg,9/7/0.npy,ee901f943339d986c70a24eb330cc8b767e7c824c8c90e36fe6113f8966a30fe,264675ec3af297a13da1de17083d3d6652e948a07b66e121a031e0e6b1dbb81d,True,0.9811551265996763,,1,,True,,KEEP,AUTO_KEEP,,
1,dataset_qc_v1,9/8,9,8,9/8/0.jpg,9/8/0.npy,a589d5f53f2c460bff461de40e92a9fbf839fdd92ccdb5b523bed8d9a44db38a,a239f2cba7fa484d6d035da03cb07244a7f9fa60cf0970c0607bc7002e364a62,True,0.976924877135502,,1,,True,,KEEP,AUTO_KEEP,,
1,dataset_qc_v1,9/9,9,9,9/9/0.jpg,9/9/0.npy,39db89829e9d3cac78d207fe7080f48b1b27c8116fdb94b8be4a63eaa78ec31b,cc03ae4b389465d7be42cb1079d9efbdc242c854c2c4e109ecb017b27787d1f0,True,0.9824447545186099,,1,,True,,KEEP,AUTO_KEEP,,
