schema_version,data_version,sample_id,char_id,char_name,sample_index,source_id,writer_id,sample_dir,image_path,image_width,image_height,stacked_mask_path,stacked_mask_shape,vec1_path,vec2_path,vec3_path,vec4_path,vec5_path,keypoint_path,vec1_shape,vec2_shape,vec3_shape,vec4_shape,vec5_shape,keypoint_shape,has_all_masks,split_group_key,errors
1,legacy_gt_qc_v1,0/0,0,,0,,,data/legacy_gt_v1/output_img/0/0,data/legacy_gt_v1/output_img/0/0/0.jpg,500,500,data/legacy_gt_v1/output_img/0/0/0.npy,500x500x6,data/legacy_gt_v1/output_img/0/0/mask_1.npy,data/legacy_gt_v1/output_img/0/0/mask_2.npy,data/legacy_gt_v1/output_img/0/0/mask_3.npy,data/legacy_gt_v1/output_img/0/0/mask_4.npy,data/legacy_gt_v1/output_img/0/0/mask_5.npy,data/legacy_gt_v1/output_img/0/0/mask_key_point.npy,500x500,500x500,500x500,500x500,500x500,500x500,true,0/0,
1,legacy_gt_qc_v1,0/1,0,,1,,,data/legacy_gt_v1/output_img/0/1,data/legacy_gt_v1/output_img/0/1/0.jpg,500,500,data/legacy_gt_v1/output_img/0/1/0.npy,500x500x6,data/legacy_gt_v1/output_img/0/1/mask_1.npy,data/legacy_gt_v1/output_img/0/1/mask_2.npy,data/legacy_gt_v1/output_img/0/1/mask_3.npy,data/legacy_gt_v1/output_img/0/1/mask_4.npy,data/legacy_gt_v1/output_img/0/1/mask_5.npy,data/legacy_gt_v1/output_img/0/1/mask_key_point.npy,500x500,500x500,500x500,500x500,500x500,500x500,true,1,
1,legacy_gt_qc_v1,0/2,0,,2,,,data/legacy_gt_v1/output_img/0/2,data/legacy_gt_v1/output_img/0/2/0.jpg,500,500,data/legacy_gt_v1/output_img/0/2/0.npy,500x500x6,data/legacy_gt_v1/output_img/0/2/mask_1.npy,data/legacy_gt_v1/output_img/0/2/mask_2.npy,data/legacy_gt_v1/output_img/0/2/mask_3.npy,data/legacy_gt_v1/output_img/0/2/mask_4.npy,data/legacy_gt_v1/output_img/0/2/mask_5.npy,data/legacy_gt_v1/output_img/0/2/mask_key_point.npy,500x500,500x500,500x500,500x500,500x500,500x500,true,2,
1,legacy_gt_qc_v1,0/3,0,,3,,,data/legacy_gt_v1/output_img/0/3,data/legacy_gt_v1/output_img/0/3/0.jpg,500,500,data/legacy_gt_v1/output_img/0/3/0.npy,500x500x6,data/legacy_gt_v1/output_img/0/3/mask_1.npy,data/legacy_gt_v1/output_img/0/3/mask_2.npy,data/legacy_gt_v1/output_img/0/3/mask_3.npy,data/legacy_gt_v1/output_img/0/3/mask_4.npy,data/legacy_gt_v1/output_img/0/3/mask_5.npy,data/legacy_gt_v1/output_img/0/3/mask_key_point.npy,500x500,500x500,500x500,500x500,500x500,500x500,true,3,
1,legacy_gt_qc_v1,0/4,0,,4,,,data/legacy_gt_v1/output_img/0/4,data/legacy_gt_v1/output_img/0/4/0.jpg,500,500,data/legacy_gt_v1/output_img/0/4/0.npy,500x500x6,data/legacy_gt_v1/output_img/0/4/mask_1.npy,data/legacy_gt_v1/output_img/0/4/mask_2.npy,data/legacy_gt_v1/output_img/0/4/mask_3.npy,data/legacy_gt_v1/output_img/0/4/mask_4.npy,data/legacy_gt_v1/output_img/0/4/mask_5.npy,data/legacy_gt_v1/output_img/0/4/mask_key_point.npy,500x500,500x500,500x500,500x500,500x500,500x500,true,4,
1,legacy_gt_qc_v1,0/5,0,,5,,,data/legacy_gt_v1/output_img/0/5,data/legacy_gt_v1/output_img/0/5/0.jpg,500,500,data/legacy_gt_v1/output_img/0/5/0.npy,500x500x6,data/legacy_gt_v1/output_img/0/5/mask_1.npy,data/legacy_gt_v1/output_img/0/5/mask_2.npy,data/legacy_gt_v1/output_img/0/5/mask_3.npy,data/legacy_gt_v1/output_img/0/5/mask_4.npy,data/legacy_gt_v1/output_img/0/5/mask_5.npy,data/legacy_gt_v1/output_img/0/5/mask_key_point.npy,500x500,500x500,500x500,500x500,500x500,500x500,true,5,
1,legacy_gt_qc_v1,0/6,0,,6,,,data/legacy_gt_v1/output_img/0/6,data/legacy_gt_v1/output_img/0/6/0.jpg,500,500,data/legacy_gt_v1/output_img/0/6/0.npy,500x500x6,data/legacy_gt_v1/output_img/0/6/mask_1.npy,data/legacy_gt_v1/output_img/0/6/mask_2.npy,data/legacy_gt_v1/output_img/0/6/mask_3.npy,data/legacy_gt_v1/output_img/0/6/mask_4.npy,data/legacy_gt_v1/output_img/0/6/mask_5.npy,data/legacy_gt_v1/output_img/0/6/mask_key_point.npy,500x500,500x500,500x500,500x500,500x500,500x500,true,6,
1,legacy_gt_qc_v1,0/7,0,,7,,,data/legacy_gt_v1/output_img/0/7,data/legacy_gt_v1/output_img/0/7/0.jpg,500,500,data/legacy_gt_v1/output_img/0/7/0.npy,500x500x6,data/legacy_gt_v1/output_img/0/7/mask_1.npy,data/legacy_gt_v1/output_img/0/7/mask_2.npy,data/legacy_gt_v1/output_img/0/7/mask_3.npy,data/legacy_gt_v1/output_img/0/7/mask_4.npy,data/legacy_gt_v1/output_img/0/7/mask_5.npy,data/legacy_gt_v1/output_img/0/7/mask_key_point.npy,500x500,500x500,500x500,500x500,500x500,500x500,true,7,
1,legacy_gt_qc_v1,0/8,0,,8,,,data/legacy_gt_v1/output_img/0/8,data/legacy_gt_v1/output_img/0/8/0.jpg,500,500,data/legacy_gt_v1/output_img/0/8/0.npy,500x500x6,data/legacy_gt_v1/output_img/0/8/mask_1.npy,data/legacy_gt_v1/output_img/0/8/mask_2.npy,data/legacy_gt_v1/output_img/0/8/mask_3.npy,data/legacy_gt_v1/output_img/0/8/mask_4.npy,data/legacy_gt_v1/output_img/0/8/mask_5.npy,data/legacy_gt_v1/output_img/0/8/mask_key_point.npy,500x500,500x500,500x500,500x500,500x500,500x500,true,8,
1,legacy_gt_qc_v1,0/9,0,,9,,,data/legacy_gt_v1/output_img/0/9,data/legacy_gt_v1/output_img/0/9/0.jpg,500,500,data/legacy_gt_v1/output_img/0/9/0.npy,500x500x6,data/legacy_gt_v1/output_img/0/9/mask_1.npy,data/legacy_gt_v1/output_img/0/9/mask_2.npy,data/legacy_gt_v1/output_img/0/9/mask_3.npy,data/legacy_gt_v1/output_img/0/9/mask_4.npy,data/legacy_gt_v1/output_img/0/9/mask_5.npy,data/legacy_gt_v1/output_img/0/9/mask_key_point.npy,500x500,500x500,500x500,500x500,500x500,500x500,true,9,
1,legacy_gt_qc_v1,0/10,0,,10,,,data/legacy_gt_v1/output_img/0/10,data/legacy_gt_v1/output_img/0/10/0.jpg,500,500,data/legacy_gt_v1/output_img/0/10/0.npy,500x500x6,data/legacy_gt_v1/output_img/0/10/mask_1.npy,data/legacy_gt_v1/output_img/0/10/mask_2.npy,data/legacy_gt_v1/output_img/0/10/mask_3.npy,data/legacy_gt_v1/output_img/0/10/mask_4.npy,data/legacy_gt_v1/output_img/0/10/mask_5.npy,data/legacy_gt_v1/output_img/0/10/mask_key_point.npy,500x500,500x500,500x500,500x500,500x500,500x500,true,10,
1,legacy_gt_qc_v1,0/11,0,,11,,,data/legacy_gt_v1/output_img/0/11,data/legacy_gt_v1/output_img/0/11/0.jpg,500,500,data/legacy_gt_v1/output_img/0/11/0.npy,500x500x6,data/legacy_gt_v1/output_img/0/11/mask_1.npy,data/legacy_gt_v1/output_img/0/11/mask_2.npy,data/legacy_gt_v1/output_img/0/11/mask_3.npy,data/legacy_gt_v1/output_img/0/11/mask_4.npy,data/legacy_gt_v1/output_img/0/11/mask_5.npy,data/legacy_gt_v1/output_img/0/11/mask_key_point.npy,500x500,500x500,500x500,500x500,500x500,500x500,true,11,
1,legacy_gt_qc_v1,0/12,0,,12,,,data/legacy_gt_v1/output_img/0/12,data/legacy_gt_v1/output_img/0/12/0.jpg,500,500,data/legacy_gt_v1/output_img/0/12/0.npy,500x500x6,data/legacy_gt_v1/output_img/0/12/mask_1.npy,data/legacy_gt_v1/output_img/0/12/mask_2.npy,data/legacy_gt_v1/output_img/0/12/mask_3.npy,data/legacy_gt_v1/output_img/0/12/mask_4.npy,data/legacy_gt_v1/output_img/0/12/mask_5.npy,data/legacy_gt_v1/output_img/0/12/mask_key_point.npy,500x500,500x500,500x500,500x500,500x500,500x500,true,12,
1,legacy_gt_qc_v1,0/13,0,,13,,,data/legacy_gt_v1/output_img/0/13,data/legacy_gt_v1/output_img/0/13/0.jpg,500,500,data/legacy_gt_v1/output_img/0/13/0.npy,500x500x6,data/legacy_gt_v1/output_img/0/13/mask_1.npy,data/legacy_gt_v1/output_img/0/13/mask_2.npy,data/legacy_gt_v1/output_img/0/13/mask_3.npy,data/legacy_gt_v1/output_img/0/13/mask_4.npy,data/legacy_gt_v1/output_img/0/13/mask_5.npy,data/legacy_gt_v1/output_img/0/13/mask_key_point.npy,500x500,500x500,500x500,500x500,500x500,500x500,true,13,
1,legacy_gt_qc_v1,0/15,0,,15,,,data/legacy_gt_v1/output_img/0/15,data/legacy_gt_v1/output_img/0/15/0.jpg,500,500,data/legacy_gt_v1/output_img/0/15/0.npy,500x500x6,data/legacy_gt_v1/output_img/0/15/mask_1.npy,data/legacy_gt_v1/output_img/0/15/mask_2.npy,data/legacy_gt_v1/output_img/0/15/mask_3.npy,data/legacy_gt_v1/output_img/0/15/mask_4.npy,data/legacy_gt_v1/output_img/0/15/mask_5.npy,data/legacy_gt_v1/output_img/0/15/mask_key_point.npy,500x500,500x500,500x500,500x500,500x500,500x500,true,15,
1,legacy_gt_qc_v1,0/16,0,,16,,,data/legacy_gt_v1/output_img/0/16,data/legacy_gt_v1/output_img/0/16/0.jpg,500,500,data/legacy_gt_v1/output_img/0/16/0.npy,500x500x6,data/legacy_gt_v1/output_img/0/16/mask_1.npy,data/legacy_gt_v1/output_img/0/16/mask_2.npy,data/legacy_gt_v1/output_img/0/16/mask_3.npy,data/legacy_gt_v1/output_img/0/16/mask_4.npy,data/legacy_gt_v1/output_img/0/16/mask_5.npy,data/legacy_gt_v1/output_img/0/16/mask_key_point.npy,500x500,500x500,500x500,500x500,500x500,500x500,true,16,
1,legacy_gt_qc_v1,0/17,0,,17,,,data/legacy_gt_v1/output_img/0/17,data/legacy_gt_v1/output_img/0/17/0.jpg,500,500,data/legacy_gt_v1/output_img/0/17/0.npy,500x500x6,data/legacy_gt_v1/output_img/0/17/mask_1.npy,data/legacy_gt_v1/output_img/0/17/mask_2.npy,data/legacy_gt_v1/output_img/0/17/mask_3.npy,data/legacy_gt_v1/output_img/0/17/mask_4.npy,data/legacy_gt_v1/output_img/0/17/mask_5.npy,data/legacy_gt_v1/output_img/0/17/mask_key_point.npy,500x500,500x500,500x500,500x500,500x500,500x500,true,17,
1,legacy_gt_qc_v1,0/18,0,,18,,,data/legacy_gt_v1/output_img/0/18,data/legacy_gt_v1/output_img/0/18/0.jpg,500,500,data/legacy_gt_v1/output_img/0/18/0.npy,500x500x6,data/legacy_gt_v1/output_img/0/18/mask_1.npy,data/legacy_gt_v1/output_img/0/18/mask_2.npy,data/legacy_gt_v1/output_img/0/18/mask_3.npy,data/legacy_gt_v1/output_img/0/18/mask_4.npy,data/legacy_gt_v1/output_img/0/18/mask_5.npy,data/legacy_gt_v1/output_img/0/18/mask_key_point.npy,500x500,500x500,500x500,500x500,500x500,500x500,true,18,
1,legacy_gt_qc_v1,0/19,0,,19,,,data/legacy_gt_v1/output_img/0/19,data/legacy_gt_v1/output_img/0/19/0.jpg,500,500,data/legacy_gt_v1/output_img/0/19/0.npy,500x500x6,data/legacy_gt_v1/output_img/0/19/mask_1.npy,data/legacy_gt_v1/output_img/0/19/mask_2.npy,data/legacy_gt_v1/output_img/0/19/mask_3.npy,data/legacy_gt_v1/output_img/0/19/mask_4.npy,data/legacy_gt_v1/output_img/0/19/mask_5.npy,data/legacy_gt_v1/output_img/0/19/mask_key_point.npy,500x500,500x500,500x500,500x500,500x500,500x500,true,19,
1,legacy_gt_qc_v1,0/20,0,,20,,,data/legacy_gt_v1/output_img/0/20,data/legacy_gt_v1/output_img/0/20/0.jpg,500,500,data/legacy_gt_v1/output_img/0/20/0.npy,500x500x6,data/legacy_gt_v1/output_img/0/20/mask_1.npy,data/legacy_gt_v1/output_img/0/20/mask_2.npy,data/legacy_gt_v1/output_img/0/20/mask_3.npy,data/legacy_gt_v1/output_img/0/20/mask_4.npy,data/legacy_gt_v1/output_img/0/20/mask_5.npy,data/legacy_gt_v1/output_img/0/20/mask_key_point.npy,500x500,500x500,500x500,500x500,500x500,500x500,true,20,
1,legacy_gt_qc_v1,1/0,1,,0,,,data/legacy_gt_v1/output_img/1/0,data/legacy_gt_v1/output_img/1/0/0.jpg,500,500,data/legacy_gt_v1/output_img/1/0/0.npy,500x500x6,data/legacy_gt_v1/output_img/1/0/mask_1.npy,data/legacy_gt_v1/output_img/1/0/mask_2.npy,data/legacy_gt_v1/output_img/1/0/mask_3.npy,data/legacy_gt_v1/output_img/1/0/mask_4.npy,data/legacy_gt_v1/output_img/1/0/mask_5.npy,data/legacy_gt_v1/output_img/1/0/mask_key_point.npy,500x500,500x500,500x500,500x500,500x500,500x500,true,1/0,
1,legacy_gt_qc_v1,1/1,1,,1,,,data/legacy_gt_v1/output_img/1/1,data/legacy_gt_v1/output_img/1/1/0.jpg,500,500,data/legacy_gt_v1/output_img/1/1/0.npy,500x500x6,data/legacy_gt_v1/output_img/1/1/mask_1.npy,data/legacy_gt_v1/output_img/1/1/mask_2.npy,data/legacy_gt_v1/output_img/1/1/mask_3.npy,data/legacy_gt_v1/output_img/1/1/mask_4.npy,data/legacy_gt_v1/output_img/1/1/mask_5.npy,data/legacy_gt_v1/output_img/1/1/mask_key_point.npy,500x500,500x500,500x500,500x500,500x500,500x500,true,1,
1,legacy_gt_qc_v1,1/2,1,,2,,,data/legacy_gt_v1/output_img/1/2,data/legacy_gt_v1/output_img/1/2/0.jpg,500,500,data/legacy_gt_v1/output_img/1/2/0.npy,500x500x6,data/legacy_gt_v1/output_img/1/2/mask_1.npy,data/legacy_gt_v1/output_img/1/2/mask_2.npy,data/legacy_gt_v1/output_img/1/2/mask_3.npy,data/legacy_gt_v1/output_img/1/2/mask_4.npy,data/legacy_gt_v1/output_img/1/2/mask_5.npy,data/legacy_gt_v1/output_img/1/2/mask_key_point.npy,500x500,500x500,500x500,500x500,500x500,500x500,true,2,
1,legacy_gt_qc_v1,1/3,1,,3,,,data/legacy_gt_v1/output_img/1/3,data/legacy_gt_v1/output_img/1/3/0.jpg,500,500,data/legacy_gt_v1/output_img/1/3/0.npy,500x500x6,data/legacy_gt_v1/output_img/1/3/mask_1.npy,data/legacy_gt_v1/output_img/1/3/mask_2.npy,data/legacy_gt_v1/output_img/1/3/mask_3.npy,data/legacy_gt_v1/output_img/1/3/mask_4.npy,data/legacy_gt_v1/output_img/1/3/mask_5.npy,data/legacy_gt_v1/output_img/1/3/mask_key_point.npy,500x500,500x500,500x500,500x500,500x500,500x500,true,3,
1,legacy_gt_qc_v1,1/4,1,,4,,,data/legacy_gt_v1/output_img/1/4,data/legacy_gt_v1/output_img/1/4/0.jpg,500,500,data/legacy_gt_v1/output_img/1/4/0.npy,500x500x6,data/legacy_gt_v1/output_img/1/4/mask_1.npy,data/legacy_gt_v1/output_img/1/4/mask_2.npy,data/legacy_gt_v1/output_img/1/4/mask_3.npy,data/legacy_gt_v1/output_img/1/4/mask_4.npy,data/legacy_gt_v1/output_img/1/4/mask_5.npy,data/legacy_gt_v1/output_img/1/4/mask_key_point.npy,500x500,500x500,500x500,500x500,500x500,500x500,true,4,
1,legacy_gt_qc_v1,1/5,1,,5,,,data/legacy_gt_v1/output_img/1/5,data/legacy_gt_v1/output_img/1/5/0.jpg,500,500,data/legacy_gt_v1/output_img/1/5/0.npy,500x500x6,data/legacy_gt_v1/output_img/1/5/mask_1.npy,data/legacy_gt_v1/output_img/1/5/mask_2.npy,data/legacy_gt_v1/output_img/1/5/mask_3.npy,data/legacy_gt_v1/output_img/1/5/mask_4.npy,data/legacy_gt_v1/output_img/1/5/mask_5.npy,data/legacy_gt_v1/output_img/1/5/mask_key_point.npy,500x500,500x500,500x500,500x500,500x500,500x500,true,5,
1,legacy_gt_qc_v1,1/6,1,,6,,,data/legacy_gt_v1/output_img/1/6,data/legacy_gt_v1/output_img/1/6/0.jpg,500,500,data/legacy_gt_v1/output_img/1/6/0.npy,500x500x6,data/legacy_gt_v1/output_img/1/6/mask_1.npy,data/legacy_gt_v1/output_img/1/6/mask_2.npy,data/legacy_gt_v1/output_img/1/6/mask_3.npy,data/legacy_gt_v1/output_img/1/6/mask_4.npy,data/legacy_gt_v1/output_img/1/6/mask_5.npy,data/legacy_gt_v1/output_img/1/6/mask_key_point.npy,500x500,500x500,500x500,500x500,500x500,500x500,true,6,
1,legacy_gt_qc_v1,1/7,1,,7,,,data/legacy_gt_v1/output_img/1/7,data/legacy_gt_v1/output_img/1/7/0.jpg,500,500,data/legacy_gt_v1/output_img/1/7/0.npy,500x500x6,data/legacy_gt_v1/output_img/1/7/mask_1.npy,data/legacy_gt_v1/output_img/1/7/mask_2.npy,data/legacy_gt_v1/output_img/1/7/mask_3.npy,data/legacy_gt_v1/output_img/1/7/mask_4.npy,data/legacy_gt_v1/output_img/1/7/mask_5.npy,data/legacy_gt_v1/output_img/1/7/mask_key_point.npy,500x500,500x500,500x500,500x500,500x500,500x500,true,7,
1,legacy_gt_qc_v1,1/8,1,,8,,,data/legacy_gt_v1/output_img/1/8,data/legacy_gt_v1/output_img/1/8/0.jpg,500,500,data/legacy_gt_v1/output_img/1/8/0.npy,500x500x6,data/legacy_gt_v1/output_img/1/8/mask_1.npy,data/legacy_gt_v1/output_img/1/8/mask_2.npy,data/legacy_gt_v1/output_img/1/8/mask_3.npy,data/legacy_gt_v1/output_img/1/8/mask_4.npy,data/legacy_gt_v1/output_img/1/8/mask_5.npy,data/legacy_gt_v1/output_img/1/8/mask_key_point.npy,500x500,500x500,500x500,500x500,500x500,500x500,true,8,
1,legacy_gt_qc_v1,1/9,1,,9,,,data/legacy_gt_v1/output_img/1/9,data/legacy_gt_v1/output_img/1/9/0.jpg,500,500,data/legacy_gt_v1/output_img/1/9/0.npy,500x500x6,data/legacy_gt_v1/output_img/1/9/mask_1.npy,data/legacy_gt_v1/output_img/1/9/mask_2.npy,data/legacy_gt_v1/output_img/1/9/mask_3.npy,data/legacy_gt_v1/output_img/1/9/mask_4.npy,data/legacy_gt_v1/output_img/1/9/mask_5.npy,data/legacy_gt_v1/output_img/1/9/mask_key_point.npy,500x500,500x500,500x500,500x500,500x500,500x500,true,9,
1,legacy_gt_qc_v1,1/10,1,,10,,,data/legacy_gt_v1/output_img/1/10,data/legacy_gt_v1/output_img/1/10/0.jpg,500,500,data/legacy_gt_v1/output_img/1/10/0.npy,500x500x6,data/legacy_gt_v1/output_img/1/10/mask_1.npy,data/legacy_gt_v1/output_img/1/10/mask_2.npy,data/legacy_gt_v1/output_img/1/10/mask_3.npy,data/legacy_gt_v1/output_img/1/10/mask_4.npy,data/legacy_gt_v1/output_img/1/10/mask_5.npy,data/legacy_gt_v1/output_img/1/10/mask_key_point.npy,500x500,500x500,500x500,500x500,500x500,500x500,true,10,
1,legacy_gt_qc_v1,1/11,1,,11,,,data/legacy_gt_v1/output_img/1/11,data/legacy_gt_v1/output_img/1/11/0.jpg,500,500,data/legacy_gt_v1/output_img/1/11/0.npy,500x500x6,data/legacy_gt_v1/output_img/1/11/mask_1.npy,data/legacy_gt_v1/output_img/1/11/mask_2.npy,data/legacy_gt_v1/output_img/1/11/mask_3.npy,data/legacy_gt_v1/output_img/1/11/mask_4.npy,data/legacy_gt_v1/output_img/1/11/mask_5.npy,data/legacy_gt_v1/output_img/1/11/mask_key_point.npy,500x500,500x500,500x500,500x500,500x500,500x500,true,11,
1,legacy_gt_qc_v1,1/12,1,,12,,,data/legacy_gt_v1/output_img/1/12,data/legacy_gt_v1/output_img/1/12/0.jpg,500,500,data/legacy_gt_v1/output_img/1/12/0.npy,500x500x6,data/legacy_gt_v1/output_img/1/12/mask_1.npy,data/legacy_gt_v1/output_img/1/12/mask_2.npy,data/legacy_gt_v1/output_img/1/12/mask_3.npy,data/legacy_gt_v1/output_img/1/12/mask_4.npy,data/legacy_gt_v1/output_img/1/12/mask_5.npy,data/legacy_gt_v1/output_img/1/12/mask_key_point.npy,500x500,500x500,500x500,500x500,500x500,500x500,true,12,
1,legacy_gt_qc_v1,1/13,1,,13,,,data/legacy_gt_v1/output_img/1/13,data/legacy_gt_v1/output_img/1/13/0.jpg,500,500,data/legacy_gt_v1/output_img/1/13/0.npy,500x500x6,data/legacy_gt_v1/output_img/1/13/mask_1.npy,data/legacy_gt_v1/output_img/1/13/mask_2.npy,data/legacy_gt_v1/output_img/1/13/mask_3.npy,data/legacy_gt_v1/output_img/1/13/mask_4.npy,data/legacy_gt_v1/output_img/1/13/mask_5.npy,data/legacy_gt_v1/output_img/1/13/mask_key_point.npy,500x500,500x500,500x500,500x500,500x500,500x500,true,13,
1,legacy_gt_qc_v1,1/15,1,,15,,,data/legacy_gt_v1/output_img/1/15,data/legacy_gt_v1/output_img/1/15/0.jpg,500,500,data/legacy_gt_v1/output_img/1/15/0.npy,500x500x6,data/legacy_gt_v1/output_img/1/15/mask_1.npy,data/legacy_gt_v1/output_img/1/15/mask_2.npy,data/legacy_gt_v1/output_img/1/15/mask_3.npy,data/legacy_gt_v1/output_img/1/15/mask_4.npy,data/legacy_gt_v1/output_img/1/15/mask_5.npy,data/legacy_gt_v1/output_img/1/15/mask_key_point.npy,500x500,500x500,500x500,500x500,500x500,500x500,true,15,
1,legacy_gt_qc_v1,1/16,1,,16,,,data/legacy_gt_v1/output_img/1/16,data/legacy_gt_v1/output_img/1/16/0.jpg,500,500,data/legacy_gt_v1/output_img/1/16/0.npy,500x500x6,data/legacy_gt_v1/output_img/1/16/mask_1.npy,data/legacy_gt_v1/output_img/1/16/mask_2.npy,data/legacy_gt_v1/output_img/1/16/mask_3.npy,data/legacy_gt_v1/output_img/1/16/mask_4.npy,data/legacy_gt_v1/output_img/1/16/mask_5.npy,data/legacy_gt_v1/output_img/1/16/mask_key_point.npy,500x500,500x500,500x500,500x500,500x500,500x500,true,16,
1,legacy_gt_qc_v1,1/17,1,,17,,,data/legacy_gt_v1/output_img/1/17,data/legacy_gt_v1/output_img/1/17/0.jpg,500,500,data/legacy_gt_v1/output_img/1/17/0.npy,500x500x6,data/legacy_gt_v1/output_img/1/17/mask_1.npy,data/legacy_gt_v1/output_img/1/17/mask_2.npy,data/legacy_gt_v1/output_img/1/17/mask_3.npy,data/legacy_gt_v1/output_img/1/17/mask_4.npy,data/legacy_gt_v1/output_img/1/17/mask_5.npy,data/legacy_gt_v1/output_img/1/17/mask_key_point.npy,500x500,500x500,500x500,500x500,500x500,500x500,true,17,
1,legacy_gt_qc_v1,1/18,1,,18,,,data/legacy_gt_v1/output_img/1/18,data/legacy_gt_v1/output_img/1/18/0.jpg,500,500,data/legacy_gt_v1/output_img/1/18/0.npy,500x500x6,data/legacy_gt_v1/output_img/1/18/mask_1.npy,data/legacy_gt_v1/output_img/1/18/mask_2.npy,data/legacy_gt_v1/output_img/1/18/mask_3.npy,data/legacy_gt_v1/output_img/1/18/mask_4.npy,data/legacy_gt_v1/output_img/1/18/mask_5.npy,data/legacy_gt_v1/output_img/1/18/mask_key_point.npy,500x500,500x500,500x500,500x500,500x500,500x500,true,18,
1,legacy_gt_qc_v1,1/19,1,,19,,,data/legacy_gt_v1/output_img/1/19,data/legacy_gt_v1/output_img/1/19/0.jpg,500,500,data/legacy_gt_v1/output_img/1/19/0.npy,500x500x6,data/legacy_gt_v1/output_img/1/19/mask_1.npy,data/legacy_gt_v1/output_img/1/19/mask_2.npy,data/legacy_gt_v1/output_img/1/19/mask_3.npy,data/legacy_gt_v1/output_img/1/19/mask_4.npy,data/legacy_gt_v1/output_img/1/19/mask_5.npy,data/legacy_gt_v1/output_img/1/19/mask_key_point.npy,500x500,500x500,500x500,500x500,500x500,500x500,true,19,
1,legacy_gt_qc_v1,1/20,1,,20,,,data/legacy_gt_v1/output_img/1/20,data/legacy_gt_v1/output_img/1/20/0.jpg,500,500,data/legacy_gt_v1/output_img/1/20/0.npy,500x500x6,data/legacy_gt_v1/output_img/1/20/mask_1.npy,data/legacy_gt_v1/output_img/1/20/mask_2.npy,data/legacy_gt_v1/output_img/1/20/mask_3.npy,data/legacy_gt_v1/output_img/1/20/mask_4.npy,data/legacy_gt_v1/output_img/1/20/mask_5.npy,data/legacy_gt_v1/output_img/1/20/mask_key_point.npy,500x500,500x500,500x500,500x500,500x500,500x500,true,20,
1,legacy_gt_qc_v1,2/0,2,,0,,,data/legacy_gt_v1/output_img/2/0,data/legacy_gt_v1/output_img/2/0/0.jpg,500,500,data/legacy_gt_v1/output_img/2/0/0.npy,500x500x6,data/legacy_gt_v1/output_img/2/0/mask_1.npy,data/legacy_gt_v1/output_img/2/0/mask_2.npy,data/legacy_gt_v1/output_img/2/0/mask_3.npy,data/legacy_gt_v1/output_img/2/0/mask_4.npy,data/legacy_gt_v1/output_img/2/0/mask_5.npy,data/legacy_gt_v1/output_img/2/0/mask_key_point.npy,500x500,500x500,500x500,500x500,500x500,500x500,true,2/0,
1,legacy_gt_qc_v1,2/1,2,,1,,,data/legacy_gt_v1/output_img/2/1,data/legacy_gt_v1/output_img/2/1/0.jpg,500,500,data/legacy_gt_v1/output_img/2/1/0.npy,500x500x6,data/legacy_gt_v1/output_img/2/1/mask_1.npy,data/legacy_gt_v1/output_img/2/1/mask_2.npy,data/legacy_gt_v1/output_img/2/1/mask_3.npy,data/legacy_gt_v1/output_img/2/1/mask_4.npy,data/legacy_gt_v1/output_img/2/1/mask_5.npy,data/legacy_gt_v1/output_img/2/1/mask_key_point.npy,500x500,500x500,500x500,500x500,500x500,500x500,true,1,
1,legacy_gt_qc_v1,2/2,2,,2,,,data/legacy_gt_v1/output_img/2/2,data/legacy_gt_v1/output_img/2/2/0.jpg,500,500,data/legacy_gt_v1/output_img/2/2/0.npy,500x500x6,data/legacy_gt_v1/output_img/2/2/mask_1.npy,data/legacy_gt_v1/output_img/2/2/mask_2.npy,data/legacy_gt_v1/output_img/2/2/mask_3.npy,data/legacy_gt_v1/output_img/2/2/mask_4.npy,data/legacy_gt_v1/output_img/2/2/mask_5.npy,data/legacy_gt_v1/output_img/2/2/mask_key_point.npy,500x500,500x500,500x500,500x500,500x500,500x500,true,2,
1,legacy_gt_qc_v1,2/3,2,,3,,,data/legacy_gt_v1/output_img/2/3,data/legacy_gt_v1/output_img/2/3/0.jpg,500,500,data/legacy_gt_v1/output_img/2/3/0.npy,500x500x6,data/legacy_gt_v1/output_img/2/3/mask_1.npy,data/legacy_gt_v1/output_img/2/3/mask_2.npy,data/legacy_gt_v1/output_img/2/3/mask_3.npy,data/legacy_gt_v1/output_img/2/3/mask_4.npy,data/legacy_gt_v1/output_img/2/3/mask_5.npy,data/legacy_gt_v1/output_img/2/3/mask_key_point.npy,500x500,500x500,500x500,500x500,500x500,500x500,true,3,
1,legacy_gt_qc_v1,2/4,2,,4,,,data/legacy_gt_v1/output_img/2/4,data/legacy_gt_v1/output_img/2/4/0.jpg,500,500,data/legacy_gt_v1/output_img/2/4/0.npy,500x500x6,data/legacy_gt_v1/output_img/2/4/mask_1.npy,data/legacy_gt_v1/output_img/2/4/mask_2.npy,data/legacy_gt_v1/output_img/2/4/mask_3.npy,data/legacy_gt_v1/output_img/2/4/mask_4.npy,data/legacy_gt_v1/output_img/2/4/mask_5.npy,data/legacy_gt_v1/output_img/2/4/mask_key_point.npy,500x500,500x500,500x500,500x500,500x500,500x500,true,4,
1,legacy_gt_qc_v1,2/5,2,,5,,,data/legacy_gt_v1/output_img/2/5,data/legacy_gt_v1/output_img/2/5/0.jpg,500,500,data/legacy_gt_v1/output_img/2/5/0.npy,500x500x6,data/legacy_gt_v1/output_img/2/5/mask_1.npy,data/legacy_gt_v1/output_img/2/5/mask_2.npy,data/legacy_gt_v1/output_img/2/5/mask_3.npy,data/legacy_gt_v1/output_img/2/5/mask_4.npy,data/legacy_gt_v1/output_img/2/5/mask_5.npy,data/legacy_gt_v1/output_img/2/5/mask_key_point.npy,500x500,500x500,500x500,500x500,500x500,500x500,true,5,
1,legacy_gt_qc_v1,2/6,2,,6,,,data/legacy_gt_v1/output_img/2/6,data/legacy_gt_v1/output_img/2/6/0.jpg,500,500,data/legacy_gt_v1/output_img/2/6/0.npy,500x500x6,data/legacy_gt_v1/output_img/2/6/mask_1.npy,data/legacy_gt_v1/output_img/2/6/mask_2.npy,data/legacy_gt_v1/output_img/2/6/mask_3.npy,data/legacy_gt_v1/output_img/2/6/mask_4.npy,data/legacy_gt_v1/output_img/2/6/mask_5.npy,data/legacy_gt_v1/output_img/2/6/mask_key_point.npy,500x500,500x500,500x500,500x500,500x500,500x500,true,6,
1,legacy_gt_qc_v1,2/7,2,,7,,,data/legacy_gt_v1/output_img/2/7,data/legacy_gt_v1/output_img/2/7/0.jpg,500,500,data/legacy_gt_v1/output_img/2/7/0.npy,500x500x6,data/legacy_gt_v1/output_img/2/7/mask_1.npy,data/legacy_gt_v1/output_img/2/7/mask_2.npy,data/legacy_gt_v1/output_img/2/7/mask_3.npy,data/legacy_gt_v1/output_img/2/7/mask_4.npy,data/legacy_gt_v1/output_img/2/7/mask_5.npy,data/legacy_gt_v1/output_img/2/7/mask_key_point.npy,500x500,500x500,500x500,500x500,500x500,500x500,true,7,
1,legacy_gt_qc_v1,2/8,2,,8,,,data/legacy_gt_v1/output_img/2/8,data/legacy_gt_v1/output_img/2/8/0.jpg,500,500,data/legacy_gt_v1/output_img/2/8/0.npy,500x500x6,data/legacy_gt_v1/output_img/2/8/mask_1.npy,data/legacy_gt_v1/output_img/2/8/mask_2.npy,data/legacy_gt_v1/output_img/2/8/mask_3.npy,data/legacy_gt_v1/output_img/2/8/mask_4.npy,data/legacy_gt_v1/output_img/2/8/mask_5.npy,data/legacy_gt_v1/output_img/2/8/mask_key_point.npy,500x500,500x500,500x500,500x500,500x500,500x500,true,8,
1,legacy_gt_qc_v1,2/9,2,,9,,,data/legacy_gt_v1/output_img/2/9,data/legacy_gt_v1/output_img/2/9/0.jpg,500,500,data/legacy_gt_v1/output_img/2/9/0.npy,500x500x6,data/legacy_gt_v1/output_img/2/9/mask_1.npy,data/legacy_gt_v1/output_img/2/9/mask_2.npy,data/legacy_gt_v1/output_img/2/9/mask_3.npy,data/legacy_gt_v1/output_img/2/9/mask_4.npy,data/legacy_gt_v1/output_img/2/9/mask_5.npy,data/legacy_gt_v1/output_img/2/9/mask_key_point.npy,500x500,500x500,500x500,500x500,500x500,500x500,true,9,
1,legacy_gt_qc_v1,2/10,2,,10,,,data/legacy_gt_v1/output_img/2/10,data/legacy_gt_v1/output_img/2/10/0.jpg,500,500,data/legacy_gt_v1/output_img/2/10/0.npy,500x500x6,data/legacy_gt_v1/output_img/2/10/mask_1.npy,data/legacy_gt_v1/output_img/2/10/mask_2.npy,data/legacy_gt_v1/output_img/2/10/mask_3.npy,data/legacy_gt_v1/output_img/2/10/mask_4.npy,data/legacy_gt_v1/output_img/2/10/mask_5.npy,data/legacy_gt_v1/output_img/2/10/mask_key_point.npy,500x500,500x500,500x500,500x500,500x500,500x500,true,10,
1,legacy_gt_qc_v1,2/11,2,,11,,,data/legacy_gt_v1/output_img/2/11,data/legacy_gt_v1/output_img/2/11/0.jpg,500,500,data/legacy_gt_v1/output_img/2/11/0.npy,500x500x6,data/legacy_gt_v1/output_img/2/11/mask_1.npy,data/legacy_gt_v1/output_img/2/11/mask_2.npy,data/legacy_gt_v1/output_img/2/11/mask_3.npy,data/legacy_gt_v1/output_img/2/11/mask_4.npy,data/legacy_gt_v1/output_img/2/11/mask_5.npy,data/legacy_gt_v1/output_img/2/11/mask_key_point.npy,500x500,500x500,500x500,500x500,500x500,500x500,true,11,
1,legacy_gt_qc_v1,2/12,2,,12,,,data/legacy_gt_v1/output_img/2/12,data/legacy_gt_v1/output_img/2/12/0.jpg,500,500,data/legacy_gt_v1/output_img/2/12/0.npy,500x500x6,data/legacy_gt_v1/output_img/2/12/mask_1.npy,data/legacy_gt_v1/output_img/2/12/mask_2.npy,data/legacy_gt_v1/output_img/2/12/mask_3.npy,data/legacy_gt_v1/output_img/2/12/mask_4.npy,data/legacy_gt_v1/output_img/2/12/mask_5.npy,data/legacy_gt_v1/output_img/2/12/mask_key_point.npy,500x500,500x500,500x500,500x500,500x500,500x500,true,12,
1,legacy_gt_qc_v1,2/13,2,,13,,,data/legacy_gt_v1/output_img/2/13,data/legacy_gt_v1/output_img/2/13/0.jpg,500,500,data/legacy_gt_v1/output_img/2/13/0.npy,500x500x6,data/legacy_gt_v1/output_img/2/13/mask_1.npy,data/legacy_gt_v1/output_img/2/13/mask_2.npy,data/legacy_gt_v1/output_img/2/13/mask_3.npy,data/legacy_gt_v1/output_img/2/13/mask_4.npy,data/legacy_gt_v1/output_img/2/13/mask_5.npy,data/legacy_gt_v1/output_img/2/13/mask_key_point.npy,500x500,500x500,500x500,500x500,500x500,500x500,true,13,
1,legacy_gt_qc_v1,2/15,2,,15,,,data/legacy_gt_v1/output_img/2/15,data/legacy_gt_v1/output_img/2/15/0.jpg,500,500,data/legacy_gt_v1/output_img/2/15/0.npy,500x500x6,data/legacy_gt_v1/output_img/2/15/mask_1.npy,data/legacy_gt_v1/output_img/2/15/mask_2.npy,data/legacy_gt_v1/output_img/2/15/mask_3.npy,data/legacy_gt_v1/output_img/2/15/mask_4.npy,data/legacy_gt_v1/output_img/2/15/mask_5.npy,data/legacy_gt_v1/output_img/2/15/mask_key_point.npy,500x500,500x500,500x500,500x500,500x500,500x500,true,15,
1,legacy_gt_qc_v1,2/16,2,,16,,,data/legacy_gt_v1/output_img/2/16,data/legacy_gt_v1/output_img/2/16/0.jpg,500,500,data/legacy_gt_v1/output_img/2/16/0.npy,500x500x6,data/legacy_gt_v1/output_img/2/16/mask_1.npy,data/legacy_gt_v1/output_img/2/16/mask_2.npy,data/legacy_gt_v1/output_img/2/16/mask_3.npy,data/legacy_gt_v1/output_img/2/16/mask_4.npy,data/legacy_gt_v1/output_img/2/16/mask_5.npy,data/legacy_gt_v1/output_img/2/16/mask_key_point.npy,500x500,500x500,500x500,500x500,500x500,500x500,true,16,
1,legacy_gt_qc_v1,2/17,2,,17,,,data/legacy_gt_v1/output_img/2/17,data/legacy_gt_v1/output_img/2/17/0.jpg,500,500,data/legacy_gt_v1/output_img/2/17/0.npy,500x500x6,data/legacy_gt_v1/output_img/2/17/mask_1.npy,data/legacy_gt_v1/output_img/2/17/mask_2.npy,data/legacy_gt_v1/output_img/2/17/mask_3.npy,data/legacy_gt_v1/output_img/2/17/mask_4.npy,data/legacy_gt_v1/output_img/2/17/mask_5.npy,data/legacy_gt_v1/output_img/2/17/mask_key_point.npy,500x500,500x500,500x500,500x500,500x500,500x500,true,17,
1,legacy_gt_qc_v1,2/18,2,,18,,,data/legacy_gt_v1/output_img/2/18,data/legacy_gt_v1/output_img/2/18/0.jpg,500,500,data/legacy_gt_v1/output_img/2/18/0.npy,500x500x6,data/legacy_gt_v1/output_img/2/18/mask_1.npy,data/legacy_gt_v1/output_img/2/18/mask_2.npy,data/legacy_gt_v1/output_img/2/18/mask_3.npy,data/legacy_gt_v1/output_img/2/18/mask_4.npy,data/legacy_gt_v1/output_img/2/18/mask_5.npy,data/legacy_gt_v1/output_img/2/18/mask_key_point.npy,500x500,500x500,500x500,500x500,500x500,500x500,true,18,
1,legacy_gt_qc_v1,2/19,2,,19,,,data/legacy_gt_v1/output_img/2/19,data/legacy_gt_v1/output_img/2/19/0.jpg,500,500,data/legacy_gt_v1/output_img/2/19/0.npy,500x500x6,data/legacy_gt_v1/output_img/2/19/mask_1.npy,data/legacy_gt_v1/output_img/2/19/mask_2.npy,data/legacy_gt_v1/output_img/2/19/mask_3.npy,data/legacy_gt_v1/output_img/2/19/mask_4.npy,data/legacy_gt_v1/output_img/2/19/mask_5.npy,data/legacy_gt_v1/output_img/2/19/mask_key_point.npy,500x500,500x500,500x500,500x500,500x500,500x500,true,19,
1,legacy_gt_qc_v1,2/20,2,,20,,,data/legacy_gt_v1/output_img/2/20,data/legacy_gt_v1/output_img/2/20/0.jpg,500,500,data/legacy_gt_v1/output_img/2/20/0.npy,500x500x6,data/legacy_gt_v1/output_img/2/20/mask_1.npy,data/legacy_gt_v1/output_img/2/20/mask_2.npy,data/legacy_gt_v1/output_img/2/20/mask_3.npy,data/legacy_gt_v1/output_img/2/20/mask_4.npy,data/legacy_gt_v1/output_img/2/20/mask_5.npy,data/legacy_gt_v1/output_img/2/20/mask_key_point.npy,500x500,500x500,500x500,500x500,500x500,500x500,true,20,
1,legacy_gt_qc_v1,3/0,3,,0,,,data/legacy_gt_v1/output_img/3/0,data/legacy_gt_v1/output_img/3/0/0.jpg,500,500,data/legacy_gt_v1/output_img/3/0/0.npy,500x500x6,data/legacy_gt_v1/output_img/3/0/mask_1.npy,data/legacy_gt_v1/output_img/3/0/mask_2.npy,data/legacy_gt_v1/output_img/3/0/mask_3.npy,data/legacy_gt_v1/output_img/3/0/mask_4.npy,data/legacy_gt_v1/output_img/3/0/mask_5.npy,data/legacy_gt_v1/output_img/3/0/mask_key_point.npy,500x500,500x500,500x500,500x500,500x500,500x500,true,3/0,
1,legacy_gt_qc_v1,3/1,3,,1,,,data/legacy_gt_v1/output_img/3/1,data/legacy_gt_v1/output_img/3/1/0.jpg,500,500,data/legacy_gt_v1/output_img/3/1/0.npy,500x500x6,data/legacy_gt_v1/output_img/3/1/mask_1.npy,data/legacy_gt_v1/output_img/3/1/mask_2.npy,data/legacy_gt_v1/output_img/3/1/mask_3.npy,data/legacy_gt_v1/output_img/3/1/mask_4.npy,data/legacy_gt_v1/output_img/3/1/mask_5.npy,data/legacy_gt_v1/output_img/3/1/mask_key_point.npy,500x500,500x500,500x500,500x500,500x500,500x500,true,1,
1,legacy_gt_qc_v1,3/2,3,,2,,,data/legacy_gt_v1/output_img/3/2,data/legacy_gt_v1/output_img/3/2/0.jpg,500,500,data/legacy_gt_v1/output_img/3/2/0.npy,500x500x6,data/legacy_gt_v1/output_img/3/2/mask_1.npy,data/legacy_gt_v1/output_img/3/2/mask_2.npy,data/legacy_gt_v1/output_img/3/2/mask_3.npy,data/legacy_gt_v1/output_img/3/2/mask_4.npy,data/legacy_gt_v1/output_img/3/2/mask_5.npy,data/legacy_gt_v1/output_img/3/2/mask_key_point.npy,500x500,500x500,500x500,500x500,500x500,500x500,true,2,
1,legacy_gt_qc_v1,3/3,3,,3,,,data/legacy_gt_v1/output_img/3/3,data/legacy_gt_v1/output_img/3/3/0.jpg,500,500,data/legacy_gt_v1/output_img/3/3/0.npy,500x500x6,data/legacy_gt_v1/output_img/3/3/mask_1.npy,data/legacy_gt_v1/output_img/3/3/mask_2.npy,data/legacy_gt_v1/output_img/3/3/mask_3.npy,data/legacy_gt_v1/output_img/3/3/mask_4.npy,data/legacy_gt_v1/output_img/3/3/mask_5.npy,data/legacy_gt_v1/output_img/3/3/mask_key_point.npy,500x500,500x500,500x500,500x500,500x500,500x500,true,3,
1,legacy_gt_qc_v1,3/4,3,,4,,,data/legacy_gt_v1/output_img/3/4,data/legacy_gt_v1/output_img/3/4/0.jpg,500,500,data/legacy_gt_v1/output_img/3/4/0.npy,500x500x6,data/legacy_gt_v1/output_img/3/4/mask_1.npy,data/legacy_gt_v1/output_img/3/4/mask_2.npy,data/legacy_gt_v1/output_img/3/4/mask_3.npy,data/legacy_gt_v1/output_img/3/4/mask_4.npy,data/legacy_gt_v1/output_img/3/4/mask_5.npy,data/legacy_gt_v1/output_img/3/4/mask_key_point.npy,500x500,500x500,500x500,500x500,500x500,500x500,true,4,
1,legacy_gt_qc_v1,3/5,3,,5,,,data/legacy_gt_v1/output_img/3/5,data/legacy_gt_v1/output_img/3/5/0.jpg,500,500,data/legacy_gt_v1/output_img/3/5/0.npy,500x500x6,data/legacy_gt_v1/output_img/3/5/mask_1.npy,data/legacy_gt_v1/output_img/3/5/mask_2.npy,data/legacy_gt_v1/output_img/3/5/mask_3.npy,data/legacy_gt_v1/output_img/3/5/mask_4.npy,data/legacy_gt_v1/output_img/3/5/mask_5.npy,data/legacy_gt_v1/output_img/3/5/mask_key_point.npy,500x500,500x500,500x500,500x500,500x500,500x500,true,5,
1,legacy_gt_qc_v1,3/6,3,,6,,,data/legacy_gt_v1/output_img/3/6,data/legacy_gt_v1/output_img/3/6/0.jpg,500,500,data/legacy_gt_v1/output_img/3/6/0.npy,500x500x6,data/legacy_gt_v1/output_img/3/6/mask_1.npy,data/legacy_gt_v1/output_img/3/6/mask_2.npy,data/legacy_gt_v1/output_img/3/6/mask_3.npy,data/legacy_gt_v1/output_img/3/6/mask_4.npy,data/legacy_gt_v1/output_img/3/6/mask_5.npy,data/legacy_gt_v1/output_img/3/6/mask_key_point.npy,500x500,500x500,500x500,500x500,500x500,500x500,true,6,
1,legacy_gt_qc_v1,3/7,3,,7,,,data/legacy_gt_v1/output_img/3/7,data/legacy_gt_v1/output_img/3/7/0.jpg,500,500,data/legacy_gt_v1/output_img/3/7/0.npy,500x500x6,data/legacy_gt_v1/output_img/3/7/mask_1.npy,data/legacy_gt_v1/output_img/3/7/mask_2.npy,data/legacy_gt_v1/output_img/3/7/mask_3.npy,data/legacy_gt_v1/output_img/3/7/mask_4.npy,data/legacy_gt_v1/output_img/3/7/mask_5.npy,data/legacy_gt_v1/output_img/3/7/mask_key_point.npy,500x500,500x500,500x500,500x500,500x500,500x500,true,7,
1,legacy_gt_qc_v1,3/8,3,,8,,,data/legacy_gt_v1/output_img/3/8,data/legacy_gt_v1/output_img/3/8/0.jpg,500,500,data/legacy_gt_v1/output_img/3/8/0.npy,500x500x6,data/legacy_gt_v1/output_img/3/8/mask_1.npy,data/legacy_gt_v1/output_img/3/8/mask_2.npy,data/legacy_gt_v1/output_img/3/8/mask_3.npy,data/legacy_gt_v1/output_img/3/8/mask_4.npy,data/legacy_gt_v1/output_img/3/8/mask_5.npy,data/legacy_gt_v1/output_img/3/8/mask_key_point.npy,500x500,500x500,500x500,500x500,500x500,500x500,true,8,
1,legacy_gt_qc_v1,3/9,3,,9,,,data/legacy_gt_v1/output_img/3/9,data/legacy_gt_v1/output_img/3/9/0.jpg,500,500,data/legacy_gt_v1/output_img/3/9/0.npy,500x500x6,data/legacy_gt_v1/output_img/3/9/mask_1.npy,data/legacy_gt_v1/output_img/3/9/mask_2.npy,data/legacy_gt_v1/output_img/3/9/mask_3.npy,data/legacy_gt_v1/output_img/3/9/mask_4.npy,data/legacy_gt_v1/output_img/3/9/mask_5.npy,data/legacy_gt_v1/output_img/3/9/mask_key_point.npy,500x500,500x500,500x500,500x500,500x500,500x500,true,9,
1,legacy_gt_qc_v1,3/10,3,,10,,,data/legacy_gt_v1/output_img/3/10,data/legacy_gt_v1/output_img/3/10/0.jpg,500,500,data/legacy_gt_v1/output_img/3/10/0.npy,500x500x6,data/legacy_gt_v1/output_img/3/10/mask_1.npy,data/legacy_gt_v1/output_img/3/10/mask_2.npy,data/legacy_gt_v1/output_img/3/10/mask_3.npy,data/legacy_gt_v1/output_img/3/10/mask_4.npy,data/legacy_gt_v1/output_img/3/10/mask_5.npy,data/legacy_gt_v1/output_img/3/10/mask_key_point.npy,500x500,500x500,500x500,500x500,500x500,500x500,true,10,
1,legacy_gt_qc_v1,3/11,3,,11,,,data/legacy_gt_v1/output_img/3/11,data/legacy_gt_v1/output_img/3/11/0.jpg,500,500,data/legacy_gt_v1/output_img/3/11/0.npy,500x500x6,data/legacy_gt_v1/output_img/3/11/mask_1.npy,data/legacy_gt_v1/output_img/3/11/mask_2.npy,data/legacy_gt_v1/output_img/3/11/mask_3.npy,data/legacy_gt_v1/output_img/3/11/mask_4.npy,data/legacy_gt_v1/output_img/3/11/mask_5.npy,data/legacy_gt_v1/output_img/3/11/mask_key_point.npy,500x500,500x500,500x500,500x500,500x500,500x500,true,11,
1,legacy_gt_qc_v1,3/12,3,,12,,,data/legacy_gt_v1/output_img/3/12,data/legacy_gt_v1/output_img/3/12/0.jpg,500,500,data/legacy_gt_v1/output_img/3/12/0.npy,500x500x6,data/legacy_gt_v1/output_img/3/12/mask_1.npy,data/legacy_gt_v1/output_img/3/12/mask_2.npy,data/legacy_gt_v1/output_img/3/12/mask_3.npy,data/legacy_gt_v1/output_img/3/12/mask_4.npy,data/legacy_gt_v1/output_img/3/12/mask_5.npy,data/legacy_gt_v1/output_img/3/12/mask_key_point.npy,500x500,500x500,500x500,500x500,500x500,500x500,true,12,
1,legacy_gt_qc_v1,3/13,3,,13,,,data/legacy_gt_v1/output_img/3/13,data/legacy_gt_v1/output_img/3/13/0.jpg,500,500,data/legacy_gt_v1/output_img/3/13/0.npy,500x500x6,data/legacy_gt_v1/output_img/3/13/mask_1.npy,data/legacy_gt_v1/output_img/3/13/mask_2.npy,data/legacy_gt_v1/output_img/3/13/mask_3.npy,data/legacy_gt_v1/output_img/3/13/mask_4.npy,data/legacy_gt_v1/output_img/3/13/mask_5.npy,data/legacy_gt_v1/output_img/3/13/mask_key_point.npy,500x500,500x500,500x500,500x500,500x500,500x500,true,13,
1,legacy_gt_qc_v1,3/15,3,,15,,,data/legacy_gt_v1/output_img/3/15,data/legacy_gt_v1/output_img/3/15/0.jpg,500,500,data/legacy_gt_v1/output_img/3/15/0.npy,500x500x6,data/legacy_gt_v1/output_img/3/15/mask_1.npy,data/legacy_gt_v1/output_img/3/15/mask_2.npy,data/legacy_gt_v1/output_img/3/15/mask_3.npy,data/legacy_gt_v1/output_img/3/15/mask_4.npy,data/legacy_gt_v1/output_img/3/15/mask_5.npy,data/legacy_gt_v1/output_img/3/15/mask_key_point.npy,500x500,500x500,500x500,500x500,500x500,500x500,true,15,
1,legacy_gt_qc_v1,3/16,3,,16,,,data/legacy_gt_v1/output_img/3/16,data/legacy_gt_v1/output_img/3/16/0.jpg,500,500,data/legacy_gt_v1/output_img/3/16/0.npy,500x500x6,data/legacy_gt_v1/output_img/3/16/mask_1.npy,data/legacy_gt_v1/output_img/3/16/mask_2.npy,data/legacy_gt_v1/output_img/3/16/mask_3.npy,data/legacy_gt_v1/output_img/3/16/mask_4.npy,data/legacy_gt_v1/output_img/3/16/mask_5.npy,data/legacy_gt_v1/output_img/3/16/mask_key_point.npy,500x500,500x500,500x500,500x500,500x500,500x500,true,16,
1,legacy_gt_qc_v1,3/17,3,,17,,,data/legacy_gt_v1/output_img/3/17,data/legacy_gt_v1/output_img/3/17/0.jpg,500,500,data/legacy_gt_v1/output_img/3/17/0.npy,500x500x6,data/legacy_gt_v1/output_img/3/17/mask_1.npy,data/legacy_gt_v1/output_img/3/17/mask_2.npy,data/legacy_gt_v1/output_img/3/17/mask_3.npy,data/legacy_gt_v1/output_img/3/17/mask_4.npy,data/legacy_gt_v1/output_img/3/17/mask_5.npy,data/legacy_gt_v1/output_img/3/17/mask_key_point.npy,500x500,500x500,500x500,500x500,500x500,500x500,true,17,
1,legacy_gt_qc_v1,3/18,3,,18,,,data/legacy_gt_v1/output_img/3/18,data/legacy_gt_v1/output_img/3/18/0.jpg,500,500,data/legacy_gt_v1/output_img/3/18/0.npy,500x500x6,data/legacy_gt_v1/output_img/3/18/mask_1.npy,data/legacy_gt_v1/output_img/3/18/mask_2.npy,data/legacy_gt_v1/output_img/3/18/mask_3.npy,data/legacy_gt_v1/output_img/3/18/mask_4.npy,data/legacy_gt_v1/output_img/3/18/mask_5.npy,data/legacy_gt_v1/output_img/3/18/mask_key_point.npy,500x500,500x500,500x500,500x500,500x500,500x500,true,18,
1,legacy_gt_qc_v1,3/19,3,,19,,,data/legacy_gt_v1/output_img/3/19,data/legacy_gt_v1/output_img/3/19/0.jpg,500,500,data/legacy_gt_v1/output_img/3/19/0.npy,500x500x6,data/legacy_gt_v1/output_img/3/19/mask_1.npy,data/legacy_gt_v1/output_img/3/19/mask_2.npy,data/legacy_gt_v1/output_img/3/19/mask_3.npy,data/legacy_gt_v1/output_img/3/19/mask_4.npy,data/legacy_gt_v1/output_img/3/19/mask_5.npy,data/legacy_gt_v1/output_img/3/19/mask_key_point.npy,500x500,500x500,500x500,500x500,500x500,500x500,true,19,
1,legacy_gt_qc_v1,3/20,3,,20,,,data/legacy_gt_v1/output_img/3/20,data/legacy_gt_v1/output_img/3/20/0.jpg,500,500,data/legacy_gt_v1/output_img/3/20/0.npy,500x500x6,data/legacy_gt_v1/output_img/3/20/mask_1.npy,data/legacy_gt_v1/output_img/3/20/mask_2.npy,data/legacy_gt_v1/output_img/3/20/mask_3.npy,data/legacy_gt_v1/output_img/3/20/mask_4.npy,data/legacy_gt_v1/output_img/3/20/mask_5.npy,data/legacy_gt_v1/output_img/3/20/mask_key_point.npy,500x500,500x500,500x500,500x500,500x500,500x500,true,20,
1,legacy_gt_qc_v1,4/0,4,,0,,,data/legacy_gt_v1/output_img/4/0,data/legacy_gt_v1/output_img/4/0/0.jpg,500,500,data/legacy_gt_v1/output_img/4/0/0.npy,500x500x6,data/legacy_gt_v1/output_img/4/0/mask_1.npy,data/legacy_gt_v1/output_img/4/0/mask_2.npy,data/legacy_gt_v1/output_img/4/0/mask_3.npy,data/legacy_gt_v1/output_img/4/0/mask_4.npy,data/legacy_gt_v1/output_img/4/0/mask_5.npy,data/legacy_gt_v1/output_img/4/0/mask_key_point.npy,500x500,500x500,500x500,500x500,500x500,500x500,true,4/0,
1,legacy_gt_qc_v1,4/1,4,,1,,,data/legacy_gt_v1/output_img/4/1,data/legacy_gt_v1/output_img/4/1/0.jpg,500,500,data/legacy_gt_v1/output_img/4/1/0.npy,500x500x6,data/legacy_gt_v1/output_img/4/1/mask_1.npy,data/legacy_gt_v1/output_img/4/1/mask_2.npy,data/legacy_gt_v1/output_img/4/1/mask_3.npy,data/legacy_gt_v1/output_img/4/1/mask_4.npy,data/legacy_gt_v1/output_img/4/1/mask_5.npy,data/legacy_gt_v1/output_img/4/1/mask_key_point.npy,500x500,500x500,500x500,500x500,500x500,500x500,true,1,
1,legacy_gt_qc_v1,4/2,4,,2,,,data/legacy_gt_v1/output_img/4/2,data/legacy_gt_v1/output_img/4/2/0.jpg,500,500,data/legacy_gt_v1/output_img/4/2/0.npy,500x500x6,data/legacy_gt_v1/output_img/4/2/mask_1.npy,data/legacy_gt_v1/output_img/4/2/mask_2.npy,data/legacy_gt_v1/output_img/4/2/mask_3.npy,data/legacy_gt_v1/output_img/4/2/mask_4.npy,data/legacy_gt_v1/output_img/4/2/mask_5.npy,data/legacy_gt_v1/output_img/4/2/mask_key_point.npy,500x500,500x500,500x500,500x500,500x500,500x500,true,2,
1,legacy_gt_qc_v1,4/3,4,,3,,,data/legacy_gt_v1/output_img/4/3,data/legacy_gt_v1/output_img/4/3/0.jpg,500,500,data/legacy_gt_v1/output_img/4/3/0.npy,500x500x6,data/legacy_gt_v1/output_img/4/3/mask_1.npy,data/legacy_gt_v1/output_img/4/3/mask_2.npy,data/legacy_gt_v1/output_img/4/3/mask_3.npy,data/legacy_gt_v1/output_img/4/3/mask_4.npy,data/legacy_gt_v1/output_img/4/3/mask_5.npy,data/legacy_gt_v1/output_img/4/3/mask_key_point.npy,500x500,500x500,500x500,500x500,500x500,500x500,true,3,
1,legacy_gt_qc_v1,4/4,4,,4,,,data/legacy_gt_v1/output_img/4/4,data/legacy_gt_v1/output_img/4/4/0.jpg,500,500,data/legacy_gt_v1/output_img/4/4/0.npy,500x500x6,data/legacy_gt_v1/output_img/4/4/mask_1.npy,data/legacy_gt_v1/output_img/4/4/mask_2.npy,data/legacy_gt_v1/output_img/4/4/mask_3.npy,data/legacy_gt_v1/output_img/4/4/mask_4.npy,data/legacy_gt_v1/output_img/4/4/mask_5.npy,data/legacy_gt_v1/output_img/4/4/mask_key_point.npy,500x500,500x500,500x500,500x500,500x500,500x500,true,4,
1,legacy_gt_qc_v1,4/5,4,,5,,,data/legacy_gt_v1/output_img/4/5,data/legacy_gt_v1/output_img/4/5/0.jpg,500,500,data/legacy_gt_v1/output_img/4/5/0.npy,500x500x6,data/legacy_gt_v1/output_img/4/5/mask_1.npy,data/legacy_gt_v1/output_img/4/5/mask_2.npy,data/legacy_gt_v1/output_img/4/5/mask_3.npy,data/legacy_gt_v1/output_img/4/5/mask_4.npy,data/legacy_gt_v1/output_img/4/5/mask_5.npy,data/legacy_gt_v1/output_img/4/5/mask_key_point.npy,500x500,500x500,500x500,500x500,500x500,500x500,true,5,
1,legacy_gt_qc_v1,4/6,4,,6,,,data/legacy_gt_v1/output_img/4/6,data/legacy_gt_v1/output_img/4/6/0.jpg,500,500,data/legacy_gt_v1/output_img/4/6/0.npy,500x500x6,data/legacy_gt_v1/output_img/4/6/mask_1.npy,data/legacy_gt_v1/output_img/4/6/mask_2.npy,data/legacy_gt_v1/output_img/4/6/mask_3.npy,data/legacy_gt_v1/output_img/4/6/mask_4.npy,data/legacy_gt_v1/output_img/4/6/mask_5.npy,data/legacy_gt_v1/output_img/4/6/mask_key_point.npy,500x500,500x500,500x500,500x500,500x500,500x500,true,6,
1,legacy_gt_qc_v1,4/7,4,,7,,,data/legacy_gt_v1/output_img/4/7,data/legacy_gt_v1/output_img/4/7/0.jpg,500,500,data/legacy_gt_v1/output_img/4/7/0.npy,500x500x6,data/legacy_gt_v1/output_img/4/7/mask_1.npy,data/legacy_gt_v1/output_img/4/7/mask_2.npy,data/legacy_gt_v1/output_img/4/7/mask_3.npy,data/legacy_gt_v1/output_img/4/7/mask_4.npy,data/legacy_gt_v1/output_img/4/7/mask_5.npy,data/legacy_gt_v1/output_img/4/7/mask_key_point.npy,500x500,500x500,500x500,500x500,500x500,500x500,true,7,
1,legacy_gt_qc_v1,4/8,4,,8,,,data/legacy_gt_v1/output_img/4/8,data/legacy_gt_v1/output_img/4/8/0.jpg,500,500,data/legacy_gt_v1/output_img/4/8/0.npy,500x500x6,data/legacy_gt_v1/output_img/4/8/mask_1.npy,data/legacy_gt_v1/output_img/4/8/mask_2.npy,data/legacy_gt_v1/output_img/4/8/mask_3.npy,data/legacy_gt_v1/output_img/4/8/mask_4.npy,data/legacy_gt_v1/output_img/4/8/mask_5.npy,data/legacy_gt_v1/output_img/4/8/mask_key_point.npy,500x500,500x500,500x500,500x500,500x500,500x500,true,8,
1,legacy_gt_qc_v1,4/9,4,,9,,,data/legacy_gt_v1/output_img/4/9,data/legacy_gt_v1/output_img/4/9/0.jpg,500,500,data/legacy_gt_v1/output_img/4/9/0.npy,500x500x6,data/legacy_gt_v1/output_img/4/9/mask_1.npy,data/legacy_gt_v1/output_img/4/9/mask_2.npy,data/legacy_gt_v1/output_img/4/9/mask_3.npy,data/legacy_gt_v1/output_img/4/9/mask_4.npy,data/legacy_gt_v1/output_img/4/9/mask_5.npy,data/legacy_gt_v1/output_img/4/9/mask_key_point.npy,500x500,500x500,500x500,500x500,500x500,500x500,true,9,
1,legacy_gt_qc_v1,4/10,4,,10,,,data/legacy_gt_v1/output_img/4/10,data/legacy_gt_v1/output_img/4/10/0.jpg,500,500,data/legacy_gt_v1/output_img/4/10/0.npy,500x500x6,data/legacy_gt_v1/output_img/4/10/mask_1.npy,data/legacy_gt_v1/output_img/4/10/mask_2.npy,data/legacy_gt_v1/output_img/4/10/mask_3.npy,data/legacy_gt_v1/output_img/4/10/mask_4.npy,data/legacy_gt_v1/output_img/4/10/mask_5.npy,data/legacy_gt_v1/output_img/4/10/mask_key_point.npy,500x500,500x500,500x500,500x500,500x500,500x500,true,10,
1,legacy_gt_qc_v1,4/11,4,,11,,,data/legacy_gt_v1/output_img/4/11,data/legacy_gt_v1/output_img/4/11/0.jpg,500,500,data/legacy_gt_v1/output_img/4/11/0.npy,500x500x6,data/legacy_gt_v1/output_img/4/11/mask_1.npy,data/legacy_gt_v1/output_img/4/11/mask_2.npy,data/legacy_gt_v1/output_img/4/11/mask_3.npy,data/legacy_gt_v1/output_img/4/11/mask_4.npy,data/legacy_gt_v1/output_img/4/11/mask_5.npy,data/legacy_gt_v1/output_img/4/11/mask_key_point.npy,500x500,500x500,500x500,500x500,500x500,500x500,true,11,
1,legacy_gt_qc_v1,4/12,4,,12,,,data/legacy_gt_v1/output_img/4/12,data/legacy_gt_v1/output_img/4/12/0.jpg,500,500,data/legacy_gt_v1/output_img/4/12/0.npy,500x500x6,data/legacy_gt_v1/output_img/4/12/mask_1.npy,data/legacy_gt_v1/output_img/4/12/mask_2.npy,data/legacy_gt_v1/output_img/4/12/mask_3.npy,data/legacy_gt_v1/output_img/4/12/mask_4.npy,data/legacy_gt_v1/output_img/4/12/mask_5.npy,data/legacy_gt_v1/output_img/4/12/mask_key_point.npy,500x500,500x500,500x500,500x500,500x500,500x500,true,12,
1,legacy_gt_qc_v1,4/13,4,,13,,,data/legacy_gt_v1/output_img/4/13,data/legacy_gt_v1/output_img/4/13/0.jpg,500,500,data/legacy_gt_v1/output_img/4/13/0.npy,500x500x6,data/legacy_gt_v1/output_img/4/13/mask_1.npy,data/legacy_gt_v1/output_img/4/13/mask_2.npy,data/legacy_gt_v1/output_img/4/13/mask_3.npy,data/legacy_gt_v1/output_img/4/13/mask_4.npy,data/legacy_gt_v1/output_img/4/13/mask_5.npy,data/legacy_gt_v1/output_img/4/13/mask_key_point.npy,500x500,500x500,500x500,500x500,500x500,500x500,true,13,
1,legacy_gt_qc_v1,4/15,4,,15,,,data/legacy_gt_v1/output_img/4/15,data/legacy_gt_v1/output_img/4/15/0.jpg,500,500,data/legacy_gt_v1/output_img/4/15/0.npy,500x500x6,data/legacy_gt_v1/output_img/4/15/mask_1.npy,data/legacy_gt_v1/output_img/4/15/mask_2.npy,data/legacy_gt_v1/output_img/4/15/mask_3.npy,data/legacy_gt_v1/output_img/4/15/mask_4.npy,data/legacy_gt_v1/output_img/4/15/mask_5.npy,data/legacy_gt_v1/output_img/4/15/mask_key_point.npy,500x500,500x500,500x500,500x500,500x500,500x500,true,15,
1,legacy_gt_qc_v1,4/16,4,,16,,,data/legacy_gt_v1/output_img/4/16,data/legacy_gt_v1/output_img/4/16/0.jpg,500,500,data/legacy_gt_v1/output_img/4/16/0.npy,500x500x6,data/legacy_gt_v1/output_img/4/16/mask_1.npy,data/legacy_gt_v1/output_img/4/16/mask_2.npy,data/legacy_gt_v1/output_img/4/16/mask_3.npy,data/legacy_gt_v1/output_img/4/16/mask_4.npy,data/legacy_gt_v1/output_img/4/16/mask_5.npy,data/legacy_gt_v1/output_img/4/16/mask_key_point.npy,500x500,500x500,500x500,500x500,500x500,500x500,true,16,
1,legacy_gt_qc_v1,4/17,4,,17,,,data/legacy_gt_v1/output_img/4/17,data/legacy_gt_v1/output_img/4/17/0.jpg,500,500,data/legacy_gt_v1/output_img/4/17/0.npy,500x500x6,data/legacy_gt_v1/output_img/4/17/mask_1.npy,data/legacy_gt_v1/output_img/4/17/mask_2.npy,data/legacy_gt_v1/output_img/4/17/mask_3.npy,data/legacy_gt_v1/output_img/4/17/mask_4.npy,data/legacy_gt_v1/output_img/4/17/mask_5.npy,data/legacy_gt_v1/output_img/4/17/mask_key_point.npy,500x500,500x500,500x500,500x500,500x500,500x500,true,17,
1,legacy_gt_qc_v1,4/18,4,,18,,,data/legacy_gt_v1/output_img/4/18,data/legacy_gt_v1/output_img/4/18/0.jpg,500,500,data/legacy_gt_v1/output_img/4/18/0.npy,500x500x6,data/legacy_gt_v1/output_img/4/18/mask_1.npy,data/legacy_gt_v1/output_img/4/18/mask_2.npy,data/legacy_gt_v1/output_img/4/18/mask_3.npy,data/legacy_gt_v1/output_img/4/18/mask_4.npy,data/legacy_gt_v1/output_img/4/18/mask_5.npy,data/legacy_gt_v1/output_img/4/18/mask_key_point.npy,500x500,500x500,500x500,500x500,500x500,500x500,true,18,
1,legacy_gt_qc_v1,4/19,4,,19,,,data/legacy_gt_v1/output_img/4/19,data/legacy_gt_v1/output_img/4/19/0.jpg,500,500,data/legacy_gt_v1/output_img/4/19/0.npy,500x500x6,data/legacy_gt_v1/output_img/4/19/mask_1.npy,data/legacy_gt_v1/output_img/4/19/mask_2.npy,data/legacy_gt_v1/output_img/4/19/mask_3.npy,data/legacy_gt_v1/output_img/4/19/mask_4.npy,data/legacy_gt_v1/output_img/4/19/mask_5.npy,data/legacy_gt_v1/output_img/4/19/mask_key_point.npy,500x500,500x500,500x500,500x500,500x500,500x500,true,19,
1,legacy_gt_qc_v1,4/20,4,,20,,,data/legacy_gt_v1/output_img/4/20,data/legacy_gt_v1/output_img/4/20/0.jpg,500,500,data/legacy_gt_v1/output_img/4/20/0.npy,500x500x6,data/legacy_gt_v1/output_img/4/20/mask_1.npy,data/legacy_gt_v1/output_img/4/20/mask_2.npy,data/legacy_gt_v1/output_img/4/20/mask_3.npy,data/legacy_gt_v1/output_img/4/20/mask_4.npy,data/legacy_gt_v1/output_img/4/20/mask_5.npy,data/legacy_gt_v1/output_img/4/20/mask_key_point.npy,500x500,500x500,500x500,500x500,500x500,500x500,true,20,
1,legacy_gt_qc_v1,5/0,5,,0,,,data/legacy_gt_v1/output_img/5/0,data/legacy_gt_v1/output_img/5/0/0.jpg,500,500,data/legacy_gt_v1/output_img/5/0/0.npy,500x500x6,data/legacy_gt_v1/output_img/5/0/mask_1.npy,data/legacy_gt_v1/output_img/5/0/mask_2.npy,data/legacy_gt_v1/output_img/5/0/mask_3.npy,data/legacy_gt_v1/output_img/5/0/mask_4.npy,data/legacy_gt_v1/output_img/5/0/mask_5.npy,data/legacy_gt_v1/output_img/5/0/mask_key_point.npy,500x500,500x500,500x500,500x500,500x500,500x500,true,5/0,
1,legacy_gt_qc_v1,5/1,5,,1,,,data/legacy_gt_v1/output_img/5/1,data/legacy_gt_v1/output_img/5/1/0.jpg,500,500,data/legacy_gt_v1/output_img/5/1/0.npy,500x500x6,data/legacy_gt_v1/output_img/5/1/mask_1.npy,data/legacy_gt_v1/output_img/5/1/mask_2.npy,data/legacy_gt_v1/output_img/5/1/mask_3.npy,data/legacy_gt_v1/output_img/5/1/mask_4.npy,data/legacy_gt_v1/output_img/5/1/mask_5.npy,data/legacy_gt_v1/output_img/5/1/mask_key_point.npy,500x500,500x500,500x500,500x500,500x500,500x500,true,1,
1,legacy_gt_qc_v1,5/2,5,,2,,,data/legacy_gt_v1/output_img/5/2,data/legacy_gt_v1/output_img/5/2/0.jpg,500,500,data/legacy_gt_v1/output_img/5/2/0.npy,500x500x6,data/legacy_gt_v1/output_img/5/2/mask_1.npy,data/legacy_gt_v1/output_img/5/2/mask_2.npy,data/legacy_gt_v1/output_img/5/2/mask_3.npy,data/legacy_gt_v1/output_img/5/2/mask_4.npy,data/legacy_gt_v1/output_img/5/2/mask_5.npy,data/legacy_gt_v1/output_img/5/2/mask_key_point.npy,500x500,500x500,500x500,500x500,500x500,500x500,true,2,
1,legacy_gt_qc_v1,5/3,5,,3,,,data/legacy_gt_v1/output_img/5/3,data/legacy_gt_v1/output_img/5/3/0.jpg,500,500,data/legacy_gt_v1/output_img/5/3/0.npy,500x500x6,data/legacy_gt_v1/output_img/5/3/mask_1.npy,data/legacy_gt_v1/output_img/5/3/mask_2.npy,data/legacy_gt_v1/output_img/5/3/mask_3.npy,data/legacy_gt_v1/output_img/5/3/mask_4.npy,data/legacy_gt_v1/output_img/5/3/mask_5.npy,data/legacy_gt_v1/output_img/5/3/mask_key_point.npy,500x500,500x500,500x500,500x500,500x500,500x500,true,3,
1,legacy_gt_qc_v1,5/4,5,,4,,,data/legacy_gt_v1/output_img/5/4,data/legacy_gt_v1/output_img/5/4/0.jpg,500,500,data/legacy_gt_v1/output_img/5/4/0.npy,500x500x6,data/legacy_gt_v1/output_img/5/4/mask_1.npy,data/legacy_gt_v1/output_img/5/4/mask_2.npy,data/legacy_gt_v1/output_img/5/4/mask_3.npy,data/legacy_gt_v1/output_img/5/4/mask_4.npy,data/legacy_gt_v1/output_img/5/4/mask_5.npy,data/legacy_gt_v1/output_img/5/4/mask_key_point.npy,500x500,500x500,500x500,500x500,500x500,500x500,true,4,
1,legacy_gt_qc_v1,5/5,5,,5,,,data/legacy_gt_v1/output_img/5/5,data/legacy_gt_v1/output_img/5/5/0.jpg,500,500,data/legacy_gt_v1/output_img/5/5/0.npy,500x500x6,data/legacy_gt_v1/output_img/5/5/mask_1.npy,data/legacy_gt_v1/output_img/5/5/mask_2.npy,data/legacy_gt_v1/output_img/5/5/mask_3.npy,data/legacy_gt_v1/output_img/5/5/mask_4.npy,data/legacy_gt_v1/output_img/5/5/mask_5.npy,data/legacy_gt_v1/output_img/5/5/mask_key_point.npy,500x500,500x500,500x500,500x500,500x500,500x500,true,5,
1,legacy_gt_qc_v1,5/6,5,,6,,,data/legacy_gt_v1/output_img/5/6,data/legacy_gt_v1/output_img/5/6/0.jpg,500,500,data/legacy_gt_v1/output_img/5/6/0.npy,500x500x6,data/legacy_gt_v1/output_img/5/6/mask_1.npy,data/legacy_gt_v1/output_img/5/6/mask_2.npy,data/legacy_gt_v1/output_img/5/6/mask_3.npy,data/legacy_gt_v1/output_img/5/6/mask_4.npy,data/legacy_gt_v1/output_img/5/6/mask_5.npy,data/legacy_gt_v1/output_img/5/6/mask_key_point.npy,500x500,500x500,500x500,500x500,500x500,500x500,true,6,
1,legacy_gt_qc_v1,5/7,5,,7,,,data/legacy_gt_v1/output_img/5/7,data/legacy_gt_v1/output_img/5/7/0.jpg,500,500,data/legacy_gt_v1/output_img/5/7/0.npy,500x500x6,data/legacy_gt_v1/output_img/5/7/mask_1.npy,data/legacy_gt_v1/output_img/5/7/mask_2.npy,data/legacy_gt_v1/output_img/5/7/mask_3.npy,data/legacy_gt_v1/output_img/5/7/mask_4.npy,data/legacy_gt_v1/output_img/5/7/mask_5.npy,data/legacy_gt_v1/output_img/5/7/mask_key_point.npy,500x500,500x500,500x500,500x500,500x500,500x500,true,7,
1,legacy_gt_qc_v1,5/8,5,,8,,,data/legacy_gt_v1/output_img/5/8,data/legacy_gt_v1/output_img/5/8/0.jpg,500,500,data/legacy_gt_v1/output_img/5/8/0.npy,500x500x6,data/legacy_gt_v1/output_img/5/8/mask_1.npy,data/legacy_gt_v1/output_img/5/8/mask_2.npy,data/legacy_gt_v1/output_img/5/8/mask_3.npy,data/legacy_gt_v1/output_img/5/8/mask_4.npy,data/legacy_gt_v1/output_img/5/8/mask_5.npy,data/legacy_gt_v1/output_img/5/8/mask_key_point.npy,500x500,500x500,500x500,500x500,500x500,500x500,true,8,
1,legacy_gt_qc_v1,5/9,5,,9,,,data/legacy_gt_v1/output_img/5/9,data/legacy_gt_v1/output_img/5/9/0.jpg,500,500,data/legacy_gt_v1/output_img/5/9/0.npy,500x500x6,data/legacy_gt_v1/output_img/5/9/mask_1.npy,data/legacy_gt_v1/output_img/5/9/mask_2.npy,data/legacy_gt_v1/output_img/5/9/mask_3.npy,data/legacy_gt_v1/output_img/5/9/mask_4.npy,data/legacy_gt_v1/output_img/5/9/mask_5.npy,data/legacy_gt_v1/output_img/5/9/mask_key_point.npy,500x500,500x500,500x500,500x500,500x500,500x500,true,9,
1,legacy_gt_qc_v1,5/10,5,,10,,,data/legacy_gt_v1/output_img/5/10,data/legacy_gt_v1/output_img/5/10/0.jpg,500,500,data/legacy_gt_v1/output_img/5/10/0.npy,500x500x6,data/legacy_gt_v1/output_img/5/10/mask_1.npy,data/legacy_gt_v1/output_img/5/10/mask_2.npy,data/legacy_gt_v1/output_img/5/10/mask_3.npy,data/legacy_gt_v1/output_img/5/10/mask_4.npy,data/legacy_gt_v1/output_img/5/10/mask_5.npy,data/legacy_gt_v1/output_img/5/10/mask_key_point.npy,500x500,500x500,500x500,500x500,500x500,500x500,true,10,
1,legacy_gt_qc_v1,5/11,5,,11,,,data/legacy_gt_v1/output_img/5/11,data/legacy_gt_v1/output_img/5/11/0.jpg,500,500,data/legacy_gt_v1/output_img/5/11/0.npy,500x500x6,data/legacy_gt_v1/output_img/5/11/mask_1.npy,data/legacy_gt_v1/output_img/5/11/mask_2.npy,data/legacy_gt_v1/output_img/5/11/mask_3.npy,data/legacy_gt_v1/output_img/5/11/mask_4.npy,data/legacy_gt_v1/output_img/5/11/mask_5.npy,data/legacy_gt_v1/output_img/5/11/mask_key_point.npy,500x500,500x500,500x500,500x500,500x500,500x500,true,11,
1,legacy_gt_qc_v1,5/12,5,,12,,,data/legacy_gt_v1/output_img/5/12,data/legacy_gt_v1/output_img/5/12/0.jpg,500,500,data/legacy_gt_v1/output_img/5/12/0.npy,500x500x6,data/legacy_gt_v1/output_img/5/12/mask_1.npy,data/legacy_gt_v1/output_img/5/12/mask_2.npy,data/legacy_gt_v1/output_img/5/12/mask_3.npy,data/legacy_gt_v1/output_img/5/12/mask_4.npy,data/legacy_gt_v1/output_img/5/12/mask_5.npy,data/legacy_gt_v1/output_img/5/12/mask_key_point.npy,500x500,500x500,500x500,500x500,500x500,500x500,true,12,
1,legacy_gt_qc_v1,5/13,5,,13,,,data/legacy_gt_v1/output_img/5/13,data/legacy_gt_v1/output_img/5/13/0.jpg,500,500,data/legacy_gt_v1/output_img/5/13/0.npy,500x500x6,data/legacy_gt_v1/output_img/5/13/mask_1.npy,data/legacy_gt_v1/output_img/5/13/mask_2.npy,data/legacy_gt_v1/output_img/5/13/mask_3.npy,data/legacy_gt_v1/output_img/5/13/mask_4.npy,data/legacy_gt_v1/output_img/5/13/mask_5.npy,data/legacy_gt_v1/output_img/5/13/mask_key_point.npy,500x500,500x500,500x500,500x500,500x500,500x500,true,13,
1,legacy_gt_qc_v1,5/15,5,,15,,,data/legacy_gt_v1/output_img/5/15,data/legacy_gt_v1/output_img/5/15/0.jpg,500,500,data/legacy_gt_v1/output_img/5/15/0.npy,500x500x6,data/legacy_gt_v1/output_img/5/15/mask_1.npy,data/legacy_gt_v1/output_img/5/15/mask_2.npy,data/legacy_gt_v1/output_img/5/15/mask_3.npy,data/legacy_gt_v1/output_img/5/15/mask_4.npy,data/legacy_gt_v1/output_img/5/15/mask_5.npy,data/legacy_gt_v1/output_img/5/15/mask_key_point.npy,500x500,500x500,500x500,500x500,500x500,500x500,true,15,
1,legacy_gt_qc_v1,5/16,5,,16,,,data/legacy_gt_v1/output_img/5/16,data/legacy_gt_v1/output_img/5/16/0.jpg,500,500,data/legacy_gt_v1/output_img/5/16/0.npy,500x500x6,data/legacy_gt_v1/output_img/5/16/mask_1.npy,data/legacy_gt_v1/output_img/5/16/mask_2.npy,data/legacy_gt_v1/output_img/5/16/mask_3.npy,data/legacy_gt_v1/output_img/5/16/mask_4.npy,data/legacy_gt_v1/output_img/5/16/mask_5.npy,data/legacy_gt_v1/output_img/5/16/mask_key_point.npy,500x500,500x500,500x500,500x500,500x500,500x500,true,16,
1,legacy_gt_qc_v1,5/17,5,,17,,,data/legacy_gt_v1/output_img/5/17,data/legacy_gt_v1/output_img/5/17/0.jpg,500,500,data/legacy_gt_v1/output_img/5/17/0.npy,500x500x6,data/legacy_gt_v1/output_img/5/17/mask_1.npy,data/legacy_gt_v1/output_img/5/17/mask_2.npy,data/legacy_gt_v1/output_img/5/17/mask_3.npy,data/legacy_gt_v1/output_img/5/17/mask_4.npy,data/legacy_gt_v1/output_img/5/17/mask_5.npy,data/legacy_gt_v1/output_img/5/17/mask_key_point.npy,500x500,500x500,500x500,500x500,500x500,500x500,true,17,
1,legacy_gt_qc_v1,5/18,5,,18,,,data/legacy_gt_v1/output_img/5/18,data/legacy_gt_v1/output_img/5/18/0.jpg,500,500,data/legacy_gt_v1/output_img/5/18/0.npy,500x500x6,data/legacy_gt_v1/output_img/5/18/mask_1.npy,data/legacy_gt_v1/output_img/5/18/mask_2.npy,data/legacy_gt_v1/output_img/5/18/mask_3.npy,data/legacy_gt_v1/output_img/5/18/mask_4.npy,data/legacy_gt_v1/output_img/5/18/mask_5.npy,data/legacy_gt_v1/output_img/5/18/mask_key_point.npy,500x500,500x500,500x500,500x500,500x500,500x500,true,18,
1,legacy_gt_qc_v1,5/19,5,,19,,,data/legacy_gt_v1/output_img/5/19,data/legacy_gt_v1/output_img/5/19/0.jpg,500,500,data/legacy_gt_v1/output_img/5/19/0.npy,500x500x6,data/legacy_gt_v1/output_img/5/19/mask_1.npy,data/legacy_gt_v1/output_img/5/19/mask_2.npy,data/legacy_gt_v1/output_img/5/19/mask_3.npy,data/legacy_gt_v1/output_img/5/19/mask_4.npy,data/legacy_gt_v1/output_img/5/19/mask_5.npy,data/legacy_gt_v1/output_img/5/19/mask_key_point.npy,500x500,500x500,500x500,500x500,500x500,500x500,true,19,
1,legacy_gt_qc_v1,5/20,5,,20,,,data/legacy_gt_v1/output_img/5/20,data/legacy_gt_v1/output_img/5/20/0.jpg,500,500,data/legacy_gt_v1/output_img/5/20/0.npy,500x500x6,data/legacy_gt_v1/output_img/5/20/mask_1.npy,data/legacy_gt_v1/output_img/5/20/mask_2.npy,data/legacy_gt_v1/output_img/5/20/mask_3.npy,data/legacy_gt_v1/output_img/5/20/mask_4.npy,data/legacy_gt_v1/output_img/5/20/mask_5.npy,data/legacy_gt_v1/output_img/5/20/mask_key_point.npy,500x500,500x500,500x500,500x500,500x500,500x500,true,20,
1,legacy_gt_qc_v1,6/0,6,,0,,,data/legacy_gt_v1/output_img/6/0,data/legacy_gt_v1/output_img/6/0/0.jpg,500,500,data/legacy_gt_v1/output_img/6/0/0.npy,500x500x6,data/legacy_gt_v1/output_img/6/0/mask_1.npy,data/legacy_gt_v1/output_img/6/0/mask_2.npy,data/legacy_gt_v1/output_img/6/0/mask_3.npy,data/legacy_gt_v1/output_img/6/0/mask_4.npy,data/legacy_gt_v1/output_img/6/0/mask_5.npy,data/legacy_gt_v1/output_img/6/0/mask_key_point.npy,500x500,500x500,500x500,500x500,500x500,500x500,true,6/0,
1,legacy_gt_qc_v1,6/1,6,,1,,,data/legacy_gt_v1/output_img/6/1,data/legacy_gt_v1/output_img/6/1/0.jpg,500,500,data/legacy_gt_v1/output_img/6/1/0.npy,500x500x6,data/legacy_gt_v1/output_img/6/1/mask_1.npy,data/legacy_gt_v1/output_img/6/1/mask_2.npy,data/legacy_gt_v1/output_img/6/1/mask_3.npy,data/legacy_gt_v1/output_img/6/1/mask_4.npy,data/legacy_gt_v1/output_img/6/1/mask_5.npy,data/legacy_gt_v1/output_img/6/1/mask_key_point.npy,500x500,500x500,500x500,500x500,500x500,500x500,true,1,
1,legacy_gt_qc_v1,6/2,6,,2,,,data/legacy_gt_v1/output_img/6/2,data/legacy_gt_v1/output_img/6/2/0.jpg,500,500,data/legacy_gt_v1/output_img/6/2/0.npy,500x500x6,data/legacy_gt_v1/output_img/6/2/mask_1.npy,data/legacy_gt_v1/output_img/6/2/mask_2.npy,data/legacy_gt_v1/output_img/6/2/mask_3.npy,data/legacy_gt_v1/output_img/6/2/mask_4.npy,data/legacy_gt_v1/output_img/6/2/mask_5.npy,data/legacy_gt_v1/output_img/6/2/mask_key_point.npy,500x500,500x500,500x500,500x500,500x500,500x500,true,2,
1,legacy_gt_qc_v1,6/3,6,,3,,,data/legacy_gt_v1/output_img/6/3,data/legacy_gt_v1/output_img/6/3/0.jpg,500,500,data/legacy_gt_v1/output_img/6/3/0.npy,500x500x6,data/legacy_gt_v1/output_img/6/3/mask_1.npy,data/legacy_gt_v1/output_img/6/3/mask_2.npy,data/legacy_gt_v1/output_img/6/3/mask_3.npy,data/legacy_gt_v1/output_img/6/3/mask_4.npy,data/legacy_gt_v1/output_img/6/3/mask_5.npy,data/legacy_gt_v1/output_img/6/3/mask_key_point.npy,500x500,500x500,500x500,500x500,500x500,500x500,true,3,
1,legacy_gt_qc_v1,6/4,6,,4,,,data/legacy_gt_v1/output_img/6/4,data/legacy_gt_v1/output_img/6/4/0.jpg,500,500,data/legacy_gt_v1/output_img/6/4/0.npy,500x500x6,data/legacy_gt_v1/output_img/6/4/mask_1.npy,data/legacy_gt_v1/output_img/6/4/mask_2.npy,data/legacy_gt_v1/output_img/6/4/mask_3.npy,data/legacy_gt_v1/output_img/6/4/mask_4.npy,data/legacy_gt_v1/output_img/6/4/mask_5.npy,data/legacy_gt_v1/output_img/6/4/mask_key_point.npy,500x500,500x500,500x500,500x500,500x500,500x500,true,4,
1,legacy_gt_qc_v1,6/5,6,,5,,,data/legacy_gt_v1/output_img/6/5,data/legacy_gt_v1/output_img/6/5/0.jpg,500,500,data/legacy_gt_v1/output_img/6/5/0.npy,500x500x6,data/legacy_gt_v1/output_img/6/5/mask_1.npy,data/legacy_gt_v1/output_img/6/5/mask_2.npy,data/legacy_gt_v1/output_img/6/5/mask_3.npy,data/legacy_gt_v1/output_img/6/5/mask_4.npy,data/legacy_gt_v1/output_img/6/5/mask_5.npy,data/legacy_gt_v1/output_img/6/5/mask_key_point.npy,500x500,500x500,500x500,500x500,500x500,500x500,true,5,
1,legacy_gt_qc_v1,6/6,6,,6,,,data/legacy_gt_v1/output_img/6/6,data/legacy_gt_v1/output_img/6/6/0.jpg,500,500,data/legacy_gt_v1/output_img/6/6/0.npy,500x500x6,data/legacy_gt_v1/output_img/6/6/mask_1.npy,data/legacy_gt_v1/output_img/6/6/mask_2.npy,data/legacy_gt_v1/output_img/6/6/mask_3.npy,data/legacy_gt_v1/output_img/6/6/mask_4.npy,data/legacy_gt_v1/output_img/6/6/mask_5.npy,data/legacy_gt_v1/output_img/6/6/mask_key_point.npy,500x500,500x500,500x500,500x500,500x500,500x500,true,6,
1,legacy_gt_qc_v1,6/7,6,,7,,,data/legacy_gt_v1/output_img/6/7,data/legacy_gt_v1/output_img/6/7/0.jpg,500,500,data/legacy_gt_v1/output_img/6/7/0.npy,500x500x6,data/legacy_gt_v1/output_img/6/7/mask_1.npy,data/legacy_gt_v1/output_img/6/7/mask_2.npy,data/legacy_gt_v1/output_img/6/7/mask_3.npy,data/legacy_gt_v1/output_img/6/7/mask_4.npy,data/legacy_gt_v1/output_img/6/7/mask_5.npy,data/legacy_gt_v1/output_img/6/7/mask_key_point.npy,500x500,500x500,500x500,500x500,500x500,500x500,true,7,
1,legacy_gt_qc_v1,6/8,6,,8,,,data/legacy_gt_v1/output_img/6/8,data/legacy_gt_v1/output_img/6/8/0.jpg,500,500,data/legacy_gt_v1/output_img/6/8/0.npy,500x500x6,data/legacy_gt_v1/output_img/6/8/mask_1.npy,data/legacy_gt_v1/output_img/6/8/mask_2.npy,data/legacy_gt_v1/output_img/6/8/mask_3.npy,data/legacy_gt_v1/output_img/6/8/mask_4.npy,data/legacy_gt_v1/output_img/6/8/mask_5.npy,data/legacy_gt_v1/output_img/6/8/mask_key_point.npy,500x500,500x500,500x500,500x500,500x500,500x500,true,8,
1,legacy_gt_qc_v1,6/9,6,,9,,,data/legacy_gt_v1/output_img/6/9,data/legacy_gt_v1/output_img/6/9/0.jpg,500,500,data/legacy_gt_v1/output_img/6/9/0.npy,500x500x6,data/legacy_gt_v1/output_img/6/9/mask_1.npy,data/legacy_gt_v1/output_img/6/9/mask_2.npy,data/legacy_gt_v1/output_img/6/9/mask_3.npy,data/legacy_gt_v1/output_img/6/9/mask_4.npy,data/legacy_gt_v1/output_img/6/9/mask_5.npy,data/legacy_gt_v1/output_img/6/9/mask_key_point.npy,500x500,500x500,500x500,500x500,500x500,500x500,true,9,
1,legacy_gt_qc_v1,6/10,6,,10,,,data/legacy_gt_v1/output_img/6/10,data/legacy_gt_v1/output_img/6/10/0.jpg,500,500,data/legacy_gt_v1/output_img/6/10/0.npy,500x500x6,data/legacy_gt_v1/output_img/6/10/mask_1.npy,data/legacy_gt_v1/output_img/6/10/mask_2.npy,data/legacy_gt_v1/output_img/6/10/mask_3.npy,data/legacy_gt_v1/output_img/6/10/mask_4.npy,data/legacy_gt_v1/output_img/6/10/mask_5.npy,data/legacy_gt_v1/output_img/6/10/mask_key_point.npy,500x500,500x500,500x500,500x500,500x500,500x500,true,10,
1,legacy_gt_qc_v1,6/11,6,,11,,,data/legacy_gt_v1/output_img/6/11,data/legacy_gt_v1/output_img/6/11/0.jpg,500,500,data/legacy_gt_v1/output_img/6/11/0.npy,500x500x6,data/legacy_gt_v1/output_img/6/11/mask_1.npy,data/legacy_gt_v1/output_img/6/11/mask_2.npy,data/legacy_gt_v1/output_img/6/11/mask_3.npy,data/legacy_gt_v1/output_img/6/11/mask_4.npy,data/legacy_gt_v1/output_img/6/11/mask_5.npy,data/legacy_gt_v1/output_img/6/11/mask_key_point.npy,500x500,500x500,500x500,500x500,500x500,500x500,true,11,
1,legacy_gt_qc_v1,6/12,6,,12,,,data/legacy_gt_v1/output_img/6/12,data/legacy_gt_v1/output_img/6/12/0.jpg,500,500,data/legacy_gt_v1/output_img/6/12/0.npy,500x500x6,data/legacy_gt_v1/output_img/6/12/mask_1.npy,data/legacy_gt_v1/output_img/6/12/mask_2.npy,data/legacy_gt_v1/output_img/6/12/mask_3.npy,data/legacy_gt_v1/output_img/6/12/mask_4.npy,data/legacy_gt_v1/output_img/6/12/mask_5.npy,data/legacy_gt_v1/output_img/6/12/mask_key_point.npy,500x500,500x500,500x500,500x500,500x500,500x500,true,12,
1,legacy_gt_qc_v1,6/13,6,,13,,,data/legacy_gt_v1/output_img/6/13,data/legacy_gt_v1/output_img/6/13/0.jpg,500,500,data/legacy_gt_v1/output_img/6/13/0.npy,500x500x6,data/legacy_gt_v1/output_img/6/13/mask_1.npy,data/legacy_gt_v1/output_img/6/13/mask_2.npy,data/legacy_gt_v1/output_img/6/13/mask_3.npy,data/legacy_gt_v1/output_img/6/13/mask_4.npy,data/legacy_gt_v1/output_img/6/13/mask_5.npy,data/legacy_gt_v1/output_img/6/13/mask_key_point.npy,500x500,500x500,500x500,500x500,500x500,500x500,true,13,
1,legacy_gt_qc_v1,6/15,6,,15,,,data/legacy_gt_v1/output_img/6/15,data/legacy_gt_v1/output_img/6/15/0.jpg,500,500,data/legacy_gt_v1/output_img/6/15/0.npy,500x500x6,data/legacy_gt_v1/output_img/6/15/mask_1.npy,data/legacy_gt_v1/output_img/6/15/mask_2.npy,data/legacy_gt_v1/output_img/6/15/mask_3.npy,data/legacy_gt_v1/output_img/6/15/mask_4.npy,data/legacy_gt_v1/output_img/6/15/mask_5.npy,data/legacy_gt_v1/output_img/6/15/mask_key_point.npy,500x500,500x500,500x500,500x500,500x500,500x500,true,15,
1,legacy_gt_qc_v1,6/16,6,,16,,,data/legacy_gt_v1/output_img/6/16,data/legacy_gt_v1/output_img/6/16/0.jpg,500,500,data/legacy_gt_v1/output_img/6/16/0.npy,500x500x6,data/legacy_gt_v1/output_img/6/16/mask_1.npy,data/legacy_gt_v1/output_img/6/16/mask_2.npy,data/legacy_gt_v1/output_img/6/16/mask_3.npy,data/legacy_gt_v1/output_img/6/16/mask_4.npy,data/legacy_gt_v1/output_img/6/16/mask_5.npy,data/legacy_gt_v1/output_img/6/16/mask_key_point.npy,500x500,500x500,500x500,500x500,500x500,500x500,true,16,
1,legacy_gt_qc_v1,6/17,6,,17,,,data/legacy_gt_v1/output_img/6/17,data/legacy_gt_v1/output_img/6/17/0.jpg,500,500,data/legacy_gt_v1/output_img/6/17/0.npy,500x500x6,data/legacy_gt_v1/output_img/6/17/mask_1.npy,data/legacy_gt_v1/output_img/6/17/mask_2.npy,data/legacy_gt_v1/output_img/6/17/mask_3.npy,data/legacy_gt_v1/output_img/6/17/mask_4.npy,data/legacy_gt_v1/output_img/6/17/mask_5.npy,data/legacy_gt_v1/output_img/6/17/mask_key_point.npy,500x500,500x500,500x500,500x500,500x500,500x500,true,17,
1,legacy_gt_qc_v1,6/18,6,,18,,,data/legacy_gt_v1/output_img/6/18,data/legacy_gt_v1/output_img/6/18/0.jpg,500,500,data/legacy_gt_v1/output_img/6/18/0.npy,500x500x6,data/legacy_gt_v1/output_img/6/18/mask_1.npy,data/legacy_gt_v1/output_img/6/18/mask_2.npy,data/legacy_gt_v1/output_img/6/18/mask_3.npy,data/legacy_gt_v1/output_img/6/18/mask_4.npy,data/legacy_gt_v1/output_img/6/18/mask_5.npy,data/legacy_gt_v1/output_img/6/18/mask_key_point.npy,500x500,500x500,500x500,500x500,500x500,500x500,true,18,
1,legacy_gt_qc_v1,6/19,6,,19,,,data/legacy_gt_v1/output_img/6/19,data/legacy_gt_v1/output_img/6/19/0.jpg,500,500,data/legacy_gt_v1/output_img/6/19/0.npy,500x500x6,data/legacy_gt_v1/output_img/6/19/mask_1.npy,data/legacy_gt_v1/output_img/6/19/mask_2.npy,data/legacy_gt_v1/output_img/6/19/mask_3.npy,data/legacy_gt_v1/output_img/6/19/mask_4.npy,data/legacy_gt_v1/output_img/6/19/mask_5.npy,data/legacy_gt_v1/output_img/6/19/mask_key_point.npy,500x500,500x500,500x500,500x500,500x500,500x500,true,19,
1,legacy_gt_qc_v1,6/20,6,,20,,,data/legacy_gt_v1/output_img/6/20,data/legacy_gt_v1/output_img/6/20/0.jpg,500,500,data/legacy_gt_v1/output_img/6/20/0.npy,500x500x6,data/legacy_gt_v1/output_img/6/20/mask_1.npy,data/legacy_gt_v1/output_img/6/20/mask_2.npy,data/legacy_gt_v1/output_img/6/20/mask_3.npy,data/legacy_gt_v1/output_img/6/20/mask_4.npy,data/legacy_gt_v1/output_img/6/20/mask_5.npy,data/legacy_gt_v1/output_img/6/20/mask_key_point.npy,500x500,500x500,500x500,500x500,500x500,500x500,true,20,
1,legacy_gt_qc_v1,7/0,7,,0,,,data/legacy_gt_v1/output_img/7/0,data/legacy_gt_v1/output_img/7/0/0.jpg,500,500,data/legacy_gt_v1/output_img/7/0/0.npy,500x500x6,data/legacy_gt_v1/output_img/7/0/mask_1.npy,data/legacy_gt_v1/output_img/7/0/mask_2.npy,data/legacy_gt_v1/output_img/7/0/mask_3.npy,data/legacy_gt_v1/output_img/7/0/mask_4.npy,data/legacy_gt_v1/output_img/7/0/mask_5.npy,data/legacy_gt_v1/output_img/7/0/mask_key_point.npy,500x500,500x500,500x500,500x500,500x500,500x500,true,7/0,
1,legacy_gt_qc_v1,7/1,7,,1,,,data/legacy_gt_v1/output_img/7/1,data/legacy_gt_v1/output_img/7/1/0.jpg,500,500,data/legacy_gt_v1/output_img/7/1/0.npy,500x500x6,data/legacy_gt_v1/output_img/7/1/mask_1.npy,data/legacy_gt_v1/output_img/7/1/mask_2.npy,data/legacy_gt_v1/output_img/7/1/mask_3.npy,data/legacy_gt_v1/output_img/7/1/mask_4.npy,data/legacy_gt_v1/output_img/7/1/mask_5.npy,data/legacy_gt_v1/output_img/7/1/mask_key_point.npy,500x500,500x500,500x500,500x500,500x500,500x500,true,1,
1,legacy_gt_qc_v1,7/2,7,,2,,,data/legacy_gt_v1/output_img/7/2,data/legacy_gt_v1/output_img/7/2/0.jpg,500,500,data/legacy_gt_v1/output_img/7/2/0.npy,500x500x6,data/legacy_gt_v1/output_img/7/2/mask_1.npy,data/legacy_gt_v1/output_img/7/2/mask_2.npy,data/legacy_gt_v1/output_img/7/2/mask_3.npy,data/legacy_gt_v1/output_img/7/2/mask_4.npy,data/legacy_gt_v1/output_img/7/2/mask_5.npy,data/legacy_gt_v1/output_img/7/2/mask_key_point.npy,500x500,500x500,500x500,500x500,500x500,500x500,true,2,
1,legacy_gt_qc_v1,7/3,7,,3,,,data/legacy_gt_v1/output_img/7/3,data/legacy_gt_v1/output_img/7/3/0.jpg,500,500,data/legacy_gt_v1/output_img/7/3/0.npy,500x500x6,data/legacy_gt_v1/output_img/7/3/mask_1.npy,data/legacy_gt_v1/output_img/7/3/mask_2.npy,data/legacy_gt_v1/output_img/7/3/mask_3.npy,data/legacy_gt_v1/output_img/7/3/mask_4.npy,data/legacy_gt_v1/output_img/7/3/mask_5.npy,data/legacy_gt_v1/output_img/7/3/mask_key_point.npy,500x500,500x500,500x500,500x500,500x500,500x500,true,3,
1,legacy_gt_qc_v1,7/4,7,,4,,,data/legacy_gt_v1/output_img/7/4,data/legacy_gt_v1/output_img/7/4/0.jpg,500,500,data/legacy_gt_v1/output_img/7/4/0.npy,500x500x6,data/legacy_gt_v1/output_img/7/4/mask_1.npy,data/legacy_gt_v1/output_img/7/4/mask_2.npy,data/legacy_gt_v1/output_img/7/4/mask_3.npy,data/legacy_gt_v1/output_img/7/4/mask_4.npy,data/legacy_gt_v1/output_img/7/4/mask_5.npy,data/legacy_gt_v1/output_img/7/4/mask_key_point.npy,500x500,500x500,500x500,500x500,500x500,500x500,true,4,
1,legacy_gt_qc_v1,7/5,7,,5,,,data/legacy_gt_v1/output_img/7/5,data/legacy_gt_v1/output_img/7/5/0.jpg,500,500,data/legacy_gt_v1/output_img/7/5/0.npy,500x500x6,data/legacy_gt_v1/output_img/7/5/mask_1.npy,data/legacy_gt_v1/output_img/7/5/mask_2.npy,data/legacy_gt_v1/output_img/7/5/mask_3.npy,data/legacy_gt_v1/output_img/7/5/mask_4.npy,data/legacy_gt_v1/output_img/7/5/mask_5.npy,data/legacy_gt_v1/output_img/7/5/mask_key_point.npy,500x500,500x500,500x500,500x500,500x500,500x500,true,5,
1,legacy_gt_qc_v1,7/6,7,,6,,,data/legacy_gt_v1/output_img/7/6,data/legacy_gt_v1/output_img/7/6/0.jpg,500,500,data/legacy_gt_v1/output_img/7/6/0.npy,500x500x6,data/legacy_gt_v1/output_img/7/6/mask_1.npy,data/legacy_gt_v1/output_img/7/6/mask_2.npy,data/legacy_gt_v1/output_img/7/6/mask_3.npy,data/legacy_gt_v1/output_img/7/6/mask_4.npy,data/legacy_gt_v1/output_img/7/6/mask_5.npy,data/legacy_gt_v1/output_img/7/6/mask_key_point.npy,500x500,500x500,500x500,500x500,500x500,500x500,true,6,
1,legacy_gt_qc_v1,7/7,7,,7,,,data/legacy_gt_v1/output_img/7/7,data/legacy_gt_v1/output_img/7/7/0.jpg,500,500,data/legacy_gt_v1/output_img/7/7/0.npy,500x500x6,data/legacy_gt_v1/output_img/7/7/mask_1.npy,data/legacy_gt_v1/output_img/7/7/mask_2.npy,data/legacy_gt_v1/output_img/7/7/mask_3.npy,data/legacy_gt_v1/output_img/7/7/mask_4.npy,data/legacy_gt_v1/output_img/7/7/mask_5.npy,data/legacy_gt_v1/output_img/7/7/mask_key_point.npy,500x500,500x500,500x500,500x500,500x500,500x500,true,7,
1,legacy_gt_qc_v1,7/8,7,,8,,,data/legacy_gt_v1/output_img/7/8,data/legacy_gt_v1/output_img/7/8/0.jpg,500,500,data/legacy_gt_v1/output_img/7/8/0.npy,500x500x6,data/legacy_gt_v1/output_img/7/8/mask_1.npy,data/legacy_gt_v1/output_img/7/8/mask_2.npy,data/legacy_gt_v1/output_img/7/8/mask_3.npy,data/legacy_gt_v1/output_img/7/8/mask_4.npy,data/legacy_gt_v1/output_img/7/8/mask_5.npy,data/legacy_gt_v1/output_img/7/8/mask_key_point.npy,500x500,500x500,500x500,500x500,500x500,500x500,true,8,
1,legacy_gt_qc_v1,7/9,7,,9,,,data/legacy_gt_v1/output_img/7/9,data/legacy_gt_v1/output_img/7/9/0.jpg,500,500,data/legacy_gt_v1/output_img/7/9/0.npy,500x500x6,data/legacy_gt_v1/output_img/7/9/mask_1.npy,data/legacy_gt_v1/output_img/7/9/mask_2.npy,data/legacy_gt_v1/output_img/7/9/mask_3.npy,data/legacy_gt_v1/output_img/7/9/mask_4.npy,data/legacy_gt_v1/output_img/7/9/mask_5.npy,data/legacy_gt_v1/output_img/7/9/mask_key_point.npy,500x500,500x500,500x500,500x500,500x500,500x500,true,9,
1,legacy_gt_qc_v1,7/10,7,,10,,,data/legacy_gt_v1/output_img/7/10,data/legacy_gt_v1/output_img/7/10/0.jpg,500,500,data/legacy_gt_v1/output_img/7/10/0.npy,500x500x6,data/legacy_gt_v1/output_img/7/10/mask_1.npy,data/legacy_gt_v1/output_img/7/10/mask_2.npy,data/legacy_gt_v1/output_img/7/10/mask_3.npy,data/legacy_gt_v1/output_img/7/10/mask_4.npy,data/legacy_gt_v1/output_img/7/10/mask_5.npy,data/legacy_gt_v1/output_img/7/10/mask_key_point.npy,500x500,500x500,500x500,500x500,500x500,500x500,true,10,
1,legacy_gt_qc_v1,7/11,7,,11,,,data/legacy_gt_v1/output_img/7/11,data/legacy_gt_v1/output_img/7/11/0.jpg,500,500,data/legacy_gt_v1/output_img/7/11/0.npy,500x500x6,data/legacy_gt_v1/output_img/7/11/mask_1.npy,data/legacy_gt_v1/output_img/7/11/mask_2.npy,data/legacy_gt_v1/output_img/7/11/mask_3.npy,data/legacy_gt_v1/output_img/7/11/mask_4.npy,data/legacy_gt_v1/output_img/7/11/mask_5.npy,data/legacy_gt_v1/output_img/7/11/mask_key_point.npy,500x500,500x500,500x500,500x500,500x500,500x500,true,11,
1,legacy_gt_qc_v1,7/12,7,,12,,,data/legacy_gt_v1/output_img/7/12,data/legacy_gt_v1/output_img/7/12/0.jpg,500,500,data/legacy_gt_v1/output_img/7/12/0.npy,500x500x6,data/legacy_gt_v1/output_img/7/12/mask_1.npy,data/legacy_gt_v1/output_img/7/12/mask_2.npy,data/legacy_gt_v1/output_img/7/12/mask_3.npy,data/legacy_gt_v1/output_img/7/12/mask_4.npy,data/legacy_gt_v1/output_img/7/12/mask_5.npy,data/legacy_gt_v1/output_img/7/12/mask_key_point.npy,500x500,500x500,500x500,500x500,500x500,500x500,true,12,
1,legacy_gt_qc_v1,7/13,7,,13,,,data/legacy_gt_v1/output_img/7/13,data/legacy_gt_v1/output_img/7/13/0.jpg,500,500,data/legacy_gt_v1/output_img/7/13/0.npy,500x500x6,data/legacy_gt_v1/output_img/7/13/mask_1.npy,data/legacy_gt_v1/output_img/7/13/mask_2.npy,data/legacy_gt_v1/output_img/7/13/mask_3.npy,data/legacy_gt_v1/output_img/7/13/mask_4.npy,data/legacy_gt_v1/output_img/7/13/mask_5.npy,data/legacy_gt_v1/output_img/7/13/mask_key_point.npy,500x500,500x500,500x500,500x500,500x500,500x500,true,13,
1,legacy_gt_qc_v1,7/15,7,,15,,,data/legacy_gt_v1/output_img/7/15,data/legacy_gt_v1/output_img/7/15/0.jpg,500,500,data/legacy_gt_v1/output_img/7/15/0.npy,500x500x6,data/legacy_gt_v1/output_img/7/15/mask_1.npy,data/legacy_gt_v1/output_img/7/15/mask_2.npy,data/legacy_gt_v1/output_img/7/15/mask_3.npy,data/legacy_gt_v1/output_img/7/15/mask_4.npy,data/legacy_gt_v1/output_img/7/15/mask_5.npy,data/legacy_gt_v1/output_img/7/15/mask_key_point.npy,500x500,500x500,500x500,500x500,500x500,500x500,true,15,
1,legacy_gt_qc_v1,7/16,7,,16,,,data/legacy_gt_v1/output_img/7/16,data/legacy_gt_v1/output_img/7/16/0.jpg,500,500,data/legacy_gt_v1/output_img/7/16/0.npy,500x500x6,data/legacy_gt_v1/output_img/7/16/mask_1.npy,data/legacy_gt_v1/output_img/7/16/mask_2.npy,data/legacy_gt_v1/output_img/7/16/mask_3.npy,data/legacy_gt_v1/output_img/7/16/mask_4.npy,data/legacy_gt_v1/output_img/7/16/mask_5.npy,data/legacy_gt_v1/output_img/7/16/mask_key_point.npy,500x500,500x500,500x500,500x500,500x500,500x500,true,16,
1,legacy_gt_qc_v1,7/17,7,,17,,,data/legacy_gt_v1/output_img/7/17,data/legacy_gt_v1/output_img/7/17/0.jpg,500,500,data/legacy_gt_v1/output_img/7/17/0.npy,500x500x6,data/legacy_gt_v1/output_img/7/17/mask_1.npy,data/legacy_gt_v1/output_img/7/17/mask_2.npy,data/legacy_gt_v1/output_img/7/17/mask_3.npy,data/legacy_gt_v1/output_img/7/17/mask_4.npy,data/legacy_gt_v1/output_img/7/17/mask_5.npy,data/legacy_gt_v1/output_img/7/17/mask_key_point.npy,500x500,500x500,500x500,500x500,500x500,500x500,true,17,
1,legacy_gt_qc_v1,7/18,7,,18,,,data/legacy_gt_v1/output_img/7/18,data/legacy_gt_v1/output_img/7/18/0.jpg,500,500,data/legacy_gt_v1/output_img/7/18/0.npy,500x500x6,data/legacy_gt_v1/output_img/7/18/mask_1.npy,data/legacy_gt_v1/output_img/7/18/mask_2.npy,data/legacy_gt_v1/output_img/7/18/mask_3.npy,data/legacy_gt_v1/output_img/7/18/mask_4.npy,data/legacy_gt_v1/output_img/7/18/mask_5.npy,data/legacy_gt_v1/output_img/7/18/mask_key_point.npy,500x500,500x500,500x500,500x500,500x500,500x500,true,18,
1,legacy_gt_qc_v1,7/19,7,,19,,,data/legacy_gt_v1/output_img/7/19,data/legacy_gt_v1/output_img/7/19/0.jpg,500,500,data/legacy_gt_v1/output_img/7/19/0.npy,500x500x6,data/legacy_gt_v1/output_img/7/19/mask_1.npy,data/legacy_gt_v1/output_img/7/19/mask_2.npy,data/legacy_gt_v1/output_img/7/19/mask_3.npy,data/legacy_gt_v1/output_img/7/19/mask_4.npy,data/legacy_gt_v1/output_img/7/19/mask_5.npy,data/legacy_gt_v1/output_img/7/19/mask_key_point.npy,500x500,500x500,500x500,500x500,500x500,500x500,true,19,
1,legacy_gt_qc_v1,7/20,7,,20,,,data/legacy_gt_v1/output_img/7/20,data/legacy_gt_v1/output_img/7/20/0.jpg,500,500,data/legacy_gt_v1/output_img/7/20/0.npy,500x500x6,data/legacy_gt_v1/output_img/7/20/mask_1.npy,data/legacy_gt_v1/output_img/7/20/mask_2.npy,data/legacy_gt_v1/output_img/7/20/mask_3.npy,data/legacy_gt_v1/output_img/7/20/mask_4.npy,data/legacy_gt_v1/output_img/7/20/mask_5.npy,data/legacy_gt_v1/output_img/7/20/mask_key_point.npy,500x500,500x500,500x500,500x500,500x500,500x500,true,20,
1,legacy_gt_qc_v1,8/0,8,,0,,,data/legacy_gt_v1/output_img/8/0,data/legacy_gt_v1/output_img/8/0/0.jpg,500,500,data/legacy_gt_v1/output_img/8/0/0.npy,500x500x6,data/legacy_gt_v1/output_img/8/0/mask_1.npy,data/legacy_gt_v1/output_img/8/0/mask_2.npy,data/legacy_gt_v1/output_img/8/0/mask_3.npy,data/legacy_gt_v1/output_img/8/0/mask_4.npy,data/legacy_gt_v1/output_img/8/0/mask_5.npy,data/legacy_gt_v1/output_img/8/0/mask_key_point.npy,500x500,500x500,500x500,500x500,500x500,500x500,true,8/0,
1,legacy_gt_qc_v1,8/1,8,,1,,,data/legacy_gt_v1/output_img/8/1,data/legacy_gt_v1/output_img/8/1/0.jpg,500,500,data/legacy_gt_v1/output_img/8/1/0.npy,500x500x6,data/legacy_gt_v1/output_img/8/1/mask_1.npy,data/legacy_gt_v1/output_img/8/1/mask_2.npy,data/legacy_gt_v1/output_img/8/1/mask_3.npy,data/legacy_gt_v1/output_img/8/1/mask_4.npy,data/legacy_gt_v1/output_img/8/1/mask_5.npy,data/legacy_gt_v1/output_img/8/1/mask_key_point.npy,500x500,500x500,500x500,500x500,500x500,500x500,true,1,
1,legacy_gt_qc_v1,8/2,8,,2,,,data/legacy_gt_v1/output_img/8/2,data/legacy_gt_v1/output_img/8/2/0.jpg,500,500,data/legacy_gt_v1/output_img/8/2/0.npy,500x500x6,data/legacy_gt_v1/output_img/8/2/mask_1.npy,data/legacy_gt_v1/output_img/8/2/mask_2.npy,data/legacy_gt_v1/output_img/8/2/mask_3.npy,data/legacy_gt_v1/output_img/8/2/mask_4.npy,data/legacy_gt_v1/output_img/8/2/mask_5.npy,data/legacy_gt_v1/output_img/8/2/mask_key_point.npy,500x500,500x500,500x500,500x500,500x500,500x500,true,2,
1,legacy_gt_qc_v1,8/3,8,,3,,,data/legacy_gt_v1/output_img/8/3,data/legacy_gt_v1/output_img/8/3/0.jpg,500,500,data/legacy_gt_v1/output_img/8/3/0.npy,500x500x6,data/legacy_gt_v1/output_img/8/3/mask_1.npy,data/legacy_gt_v1/output_img/8/3/mask_2.npy,data/legacy_gt_v1/output_img/8/3/mask_3.npy,data/legacy_gt_v1/output_img/8/3/mask_4.npy,data/legacy_gt_v1/output_img/8/3/mask_5.npy,data/legacy_gt_v1/output_img/8/3/mask_key_point.npy,500x500,500x500,500x500,500x500,500x500,500x500,true,3,
1,legacy_gt_qc_v1,8/4,8,,4,,,data/legacy_gt_v1/output_img/8/4,data/legacy_gt_v1/output_img/8/4/0.jpg,500,500,data/legacy_gt_v1/output_img/8/4/0.npy,500x500x6,data/legacy_gt_v1/output_img/8/4/mask_1.npy,data/legacy_gt_v1/output_img/8/4/mask_2.npy,data/legacy_gt_v1/output_img/8/4/mask_3.npy,data/legacy_gt_v1/output_img/8/4/mask_4.npy,data/legacy_gt_v1/output_img/8/4/mask_5.npy,data/legacy_gt_v1/output_img/8/4/mask_key_point.npy,500x500,500x500,500x500,500x500,500x500,500x500,true,4,
1,legacy_gt_qc_v1,8/5,8,,5,,,data/legacy_gt_v1/output_img/8/5,data/legacy_gt_v1/output_img/8/5/0.jpg,500,500,data/legacy_gt_v1/output_img/8/5/0.npy,500x500x6,data/legacy_gt_v1/output_img/8/5/mask_1.npy,data/legacy_gt_v1/output_img/8/5/mask_2.npy,data/legacy_gt_v1/output_img/8/5/mask_3.npy,data/legacy_gt_v1/output_img/8/5/mask_4.npy,data/legacy_gt_v1/output_img/8/5/mask_5.npy,data/legacy_gt_v1/output_img/8/5/mask_key_point.npy,500x500,500x500,500x500,500x500,500x500,500x500,true,5,
1,legacy_gt_qc_v1,8/6,8,,6,,,data/legacy_gt_v1/output_img/8/6,data/legacy_gt_v1/output_img/8/6/0.jpg,500,500,data/legacy_gt_v1/output_img/8/6/0.npy,500x500x6,data/legacy_gt_v1/output_img/8/6/mask_1.npy,data/legacy_gt_v1/output_img/8/6/mask_2.npy,data/legacy_gt_v1/output_img/8/6/mask_3.npy,data/legacy_gt_v1/output_img/8/6/mask_4.npy,data/legacy_gt_v1/output_img/8/6/mask_5.npy,data/legacy_gt_v1/output_img/8/6/mask_key_point.npy,500x500,500x500,500x500,500x500,500x500,500x500,true,6,
1,legacy_gt_qc_v1,8/7,8,,7,,,data/legacy_gt_v1/output_img/8/7,data/legacy_gt_v1/output_img/8/7/0.jpg,500,500,data/legacy_gt_v1/output_img/8/7/0.npy,500x500x6,data/legacy_gt_v1/output_img/8/7/mask_1.npy,data/legacy_gt_v1/output_img/8/7/mask_2.npy,data/legacy_gt_v1/output_img/8/7/mask_3.npy,data/legacy_gt_v1/output_img/8/7/mask_4.npy,data/legacy_gt_v1/output_img/8/7/mask_5.npy,data/legacy_gt_v1/output_img/8/7/mask_key_point.npy,500x500,500x500,500x500,500x500,500x500,500x500,true,7,
1,legacy_gt_qc_v1,8/8,8,,8,,,data/legacy_gt_v1/output_img/8/8,data/legacy_gt_v1/output_img/8/8/0.jpg,500,500,data/legacy_gt_v1/output_img/8/8/0.npy,500x500x6,data/legacy_gt_v1/output_img/8/8/mask_1.npy,data/legacy_gt_v1/output_img/8/8/mask_2.npy,data/legacy_gt_v1/output_img/8/8/mask_3.npy,data/legacy_gt_v1/output_img/8/8/mask_4.npy,data/legacy_gt_v1/output_img/8/8/mask_5.npy,data/legacy_gt_v1/output_img/8/8/mask_key_point.npy,500x500,500x500,500x500,500x500,500x500,500x500,true,8,
1,legacy_gt_qc_v1,8/9,8,,9,,,data/legacy_gt_v1/output_img/8/9,data/legacy_gt_v1/output_img/8/9/0.jpg,500,500,data/legacy_gt_v1/output_img/8/9/0.npy,500x500x6,data/legacy_gt_v1/output_img/8/9/mask_1.npy,data/legacy_gt_v1/output_img/8/9/mask_2.npy,data/legacy_gt_v1/output_img/8/9/mask_3.npy,data/legacy_gt_v1/output_img/8/9/mask_4.npy,data/legacy_gt_v1/output_img/8/9/mask_5.npy,data/legacy_gt_v1/output_img/8/9/mask_key_point.npy,500x500,500x500,500x500,500x500,500x500,500x500,true,9,
1,legacy_gt_qc_v1,8/10,8,,10,,,data/legacy_gt_v1/output_img/8/10,data/legacy_gt_v1/output_img/8/10/0.jpg,500,500,data/legacy_gt_v1/output_img/8/10/0.npy,500x500x6,data/legacy_gt_v1/output_img/8/10/mask_1.npy,data/legacy_gt_v1/output_img/8/10/mask_2.npy,data/legacy_gt_v1/output_img/8/10/mask_3.npy,data/legacy_gt_v1/output_img/8/10/mask_4.npy,data/legacy_gt_v1/output_img/8/10/mask_5.npy,data/legacy_gt_v1/output_img/8/10/mask_key_point.npy,500x500,500x500,500x500,500x500,500x500,500x500,true,10,
1,legacy_gt_qc_v1,8/11,8,,11,,,data/legacy_gt_v1/output_img/8/11,data/legacy_gt_v1/output_img/8/11/0.jpg,500,500,data/legacy_gt_v1/output_img/8/11/0.npy,500x500x6,data/legacy_gt_v1/output_img/8/11/mask_1.npy,data/legacy_gt_v1/output_img/8/11/mask_2.npy,data/legacy_gt_v1/output_img/8/11/mask_3.npy,data/legacy_gt_v1/output_img/8/11/mask_4.npy,data/legacy_gt_v1/output_img/8/11/mask_5.npy,data/legacy_gt_v1/output_img/8/11/mask_key_point.npy,500x500,500x500,500x500,500x500,500x500,500x500,true,11,
1,legacy_gt_qc_v1,8/12,8,,12,,,data/legacy_gt_v1/output_img/8/12,data/legacy_gt_v1/output_img/8/12/0.jpg,500,500,data/legacy_gt_v1/output_img/8/12/0.npy,500x500x6,data/legacy_gt_v1/output_img/8/12/mask_1.npy,data/legacy_gt_v1/output_img/8/12/mask_2.npy,data/legacy_gt_v1/output_img/8/12/mask_3.npy,data/legacy_gt_v1/output_img/8/12/mask_4.npy,data/legacy_gt_v1/output_img/8/12/mask_5.npy,data/legacy_gt_v1/output_img/8/12/mask_key_point.npy,500x500,500x500,500x500,500x500,500x500,500x500,true,12,
1,legacy_gt_qc_v1,8/13,8,,13,,,data/legacy_gt_v1/output_img/8/13,data/legacy_gt_v1/output_img/8/13/0.jpg,500,500,data/legacy_gt_v1/output_img/8/13/0.npy,500x500x6,data/legacy_gt_v1/output_img/8/13/mask_1.npy,data/legacy_gt_v1/output_img/8/13/mask_2.npy,data/legacy_gt_v1/output_img/8/13/mask_3.npy,data/legacy_gt_v1/output_img/8/13/mask_4.npy,data/legacy_gt_v1/output_img/8/13/mask_5.npy,data/legacy_gt_v1/output_img/8/13/mask_key_point.npy,500x500,500x500,500x500,500x500,500x500,500x500,true,13,
1,legacy_gt_qc_v1,8/15,8,,15,,,data/legacy_gt_v1/output_img/8/15,data/legacy_gt_v1/output_img/8/15/0.jpg,500,500,data/legacy_gt_v1/output_img/8/15/0.npy,500x500x6,data/legacy_gt_v1/output_img/8/15/mask_1.npy,data/legacy_gt_v1/output_img/8/15/mask_2.npy,data/legacy_gt_v1/output_img/8/15/mask_3.npy,data/legacy_gt_v1/output_img/8/15/mask_4.npy,data/legacy_gt_v1/output_img/8/15/mask_5.npy,data/legacy_gt_v1/output_img/8/15/mask_key_point.npy,500x500,500x500,500x500,500x500,500x500,500x500,true,15,
1,legacy_gt_qc_v1,8/16,8,,16,,,data/legacy_gt_v1/output_img/8/16,data/legacy_gt_v1/output_img/8/16/0.jpg,500,500,data/legacy_gt_v1/output_img/8/16/0.npy,500x500x6,data/legacy_gt_v1/output_img/8/16/mask_1.npy,data/legacy_gt_v1/output_img/8/16/mask_2.npy,data/legacy_gt_v1/output_img/8/16/mask_3.npy,data/legacy_gt_v1/output_img/8/16/mask_4.npy,data/legacy_gt_v1/output_img/8/16/mask_5.npy,data/legacy_gt_v1/output_img/8/16/mask_key_point.npy,500x500,500x500,500x500,500x500,500x500,500x500,true,16,
1,legacy_gt_qc_v1,8/17,8,,17,,,data/legacy_gt_v1/output_img/8/17,data/legacy_gt_v1/output_img/8/17/0.jpg,500,500,data/legacy_gt_v1/output_img/8/17/0.npy,500x500x6,data/legacy_gt_v1/output_img/8/17/mask_1.npy,data/legacy_gt_v1/output_img/8/17/mask_2.npy,data/legacy_gt_v1/output_img/8/17/mask_3.npy,data/legacy_gt_v1/output_img/8/17/mask_4.npy,data/legacy_gt_v1/output_img/8/17/mask_5.npy,data/legacy_gt_v1/output_img/8/17/mask_key_point.npy,500x500,500x500,500x500,500x500,500x500,500x500,true,17,
1,legacy_gt_qc_v1,8/18,8,,18,,,data/legacy_gt_v1/output_img/8/18,data/legacy_gt_v1/output_img/8/18/0.jpg,500,500,data/legacy_gt_v1/output_img/8/18/0.npy,500x500x6,data/legacy_gt_v1/output_img/8/18/mask_1.npy,data/legacy_gt_v1/output_img/8/18/mask_2.npy,data/legacy_gt_v1/output_img/8/18/mask_3.npy,data/legacy_gt_v1/output_img/8/18/mask_4.npy,data/legacy_gt_v1/output_img/8/18/mask_5.npy,data/legacy_gt_v1/output_img/8/18/mask_key_point.npy,500x500,500x500,500x500,500x500,500x500,500x500,true,18,
1,legacy_gt_qc_v1,8/19,8,,19,,,data/legacy_gt_v1/output_img/8/19,data/legacy_gt_v1/output_img/8/19/0.jpg,500,500,data/legacy_gt_v1/output_img/8/19/0.npy,500x500x6,data/legacy_gt_v1/output_img/8/19/mask_1.npy,data/legacy_gt_v1/output_img/8/19/mask_2.npy,data/legacy_gt_v1/output_img/8/19/mask_3.npy,data/legacy_gt_v1/output_img/8/19/mask_4.npy,data/legacy_gt_v1/output_img/8/19/mask_5.npy,data/legacy_gt_v1/output_img/8/19/mask_key_point.npy,500x500,500x500,500x500,500x500,500x500,500x500,true,19,
1,legacy_gt_qc_v1,8/20,8,,20,,,data/legacy_gt_v1/output_img/8/20,data/legacy_gt_v1/output_img/8/20/0.jpg,500,500,data/legacy_gt_v1/output_img/8/20/0.npy,500x500x6,data/legacy_gt_v1/output_img/8/20/mask_1.npy,data/legacy_gt_v1/output_img/8/20/mask_2.npy,data/legacy_gt_v1/output_img/8/20/mask_3.npy,data/legacy_gt_v1/output_img/8/20/mask_4.npy,data/legacy_gt_v1/output_img/8/20/mask_5.npy,data/legacy_gt_v1/output_img/8/20/mask_key_point.npy,500x500,500x500,500x500,500x500,500x500,500x500,true,20,
1,legacy_gt_qc_v1,9/0,9,,0,,,data/legacy_gt_v1/output_img/9/0,data/legacy_gt_v1/output_img/9/0/0.jpg,500,500,data/legacy_gt_v1/output_img/9/0/0.npy,500x500x6,data/legacy_gt_v1/output_img/9/0/mask_1.npy,data/legacy_gt_v1/output_img/9/0/mask_2.npy,data/legacy_gt_v1/output_img/9/0/mask_3.npy,data/legacy_gt_v1/output_img/9/0/mask_4.npy,data/legacy_gt_v1/output_img/9/0/mask_5.npy,data/legacy_gt_v1/output_img/9/0/mask_key_point.npy,500x500,500x500,500x500,500x500,500x500,500x500,true,9/0,
1,legacy_gt_qc_v1,9/1,9,,1,,,data/legacy_gt_v1/output_img/9/1,data/legacy_gt_v1/output_img/9/1/0.jpg,500,500,data/legacy_gt_v1/output_img/9/1/0.npy,500x500x6,data/legacy_gt_v1/output_img/9/1/mask_1.npy,data/legacy_gt_v1/output_img/9/1/mask_2.npy,data/legacy_gt_v1/output_img/9/1/mask_3.npy,data/legacy_gt_v1/output_img/9/1/mask_4.npy,data/legacy_gt_v1/output_img/9/1/mask_5.npy,data/legacy_gt_v1/output_img/9/1/mask_key_point.npy,500x500,500x500,500x500,500x500,500x500,500x500,true,1,
1,legacy_gt_qc_v1,9/2,9,,2,,,data/legacy_gt_v1/output_img/9/2,data/legacy_gt_v1/output_img/9/2/0.jpg,500,500,data/legacy_gt_v1/output_img/9/2/0.npy,500x500x6,data/legacy_gt_v1/output_img/9/2/mask_1.npy,data/legacy_gt_v1/output_img/9/2/mask_2.npy,data/legacy_gt_v1/output_img/9/2/mask_3.npy,data/legacy_gt_v1/output_img/9/2/mask_4.npy,data/legacy_gt_v1/output_img/9/2/mask_5.npy,data/legacy_gt_v1/output_img/9/2/mask_key_point.npy,500x500,500x500,500x500,500x500,500x500,500x500,true,2,
1,legacy_gt_qc_v1,9/3,9,,3,,,data/legacy_gt_v1/output_img/9/3,data/legacy_gt_v1/output_img/9/3/0.jpg,500,500,data/legacy_gt_v1/output_img/9/3/0.npy,500x500x6,data/legacy_gt_v1/output_img/9/3/mask_1.npy,data/legacy_gt_v1/output_img/9/3/mask_2.npy,data/legacy_gt_v1/output_img/9/3/mask_3.npy,data/legacy_gt_v1/output_img/9/3/mask_4.npy,data/legacy_gt_v1/output_img/9/3/mask_5.npy,data/legacy_gt_v1/output_img/9/3/mask_key_point.npy,500x500,500x500,500x500,500x500,500x500,500x500,true,3,
1,legacy_gt_qc_v1,9/4,9,,4,,,data/legacy_gt_v1/output_img/9/4,data/legacy_gt_v1/output_img/9/4/0.jpg,500,500,data/legacy_gt_v1/output_img/9/4/0.npy,500x500x6,data/legacy_gt_v1/output_img/9/4/mask_1.npy,data/legacy_gt_v1/output_img/9/4/mask_2.npy,data/legacy_gt_v1/output_img/9/4/mask_3.npy,data/legacy_gt_v1/output_img/9/4/mask_4.npy,data/legacy_gt_v1/output_img/9/4/mask_5.npy,data/legacy_gt_v1/output_img/9/4/mask_key_point.npy,500x500,500x500,500x500,500x500,500x500,500x500,true,4,
1,legacy_gt_qc_v1,9/5,9,,5,,,data/legacy_gt_v1/output_img/9/5,data/legacy_gt_v1/output_img/9/5/0.jpg,500,500,data/legacy_gt_v1/output_img/9/5/0.npy,500x500x6,data/legacy_gt_v1/output_img/9/5/mask_1.npy,data/legacy_gt_v1/output_img/9/5/mask_2.npy,data/legacy_gt_v1/output_img/9/5/mask_3.npy,data/legacy_gt_v1/output_img/9/5/mask_4.npy,data/legacy_gt_v1/output_img/9/5/mask_5.npy,data/legacy_gt_v1/output_img/9/5/mask_key_point.npy,500x500,500x500,500x500,500x500,500x500,500x500,true,5,
1,legacy_gt_qc_v1,9/6,9,,6,,,data/legacy_gt_v1/output_img/9/6,data/legacy_gt_v1/output_img/9/6/0.jpg,500,500,data/legacy_gt_v1/output_img/9/6/0.npy,500x500x6,data/legacy_gt_v1/output_img/9/6/mask_1.npy,data/legacy_gt_v1/output_img/9/6/mask_2.npy,data/legacy_gt_v1/output_img/9/6/mask_3.npy,data/legacy_gt_v1/output_img/9/6/mask_4.npy,data/legacy_gt_v1/output_img/9/6/mask_5.npy,data/legacy_gt_v1/output_img/9/6/mask_key_point.npy,500x500,500x500,500x500,500x500,500x500,500x500,true,6,
1,legacy_gt_qc_v1,9/7,9,,7,,,data/legacy_gt_v1/output_img/9/7,data/legacy_gt_v1/output_img/9/7/0.jpg,500,500,data/legacy_gt_v1/output_img/9/7/0.npy,500x500x6,data/legacy_gt_v1/output_img/9/7/mask_1.npy,data/legacy_gt_v1/output_img/9/7/mask_2.npy,data/legacy_gt_v1/output_img/9/7/mask_3.npy,data/legacy_gt_v1/output_img/9/7/mask_4.npy,data/legacy_gt_v1/output_img/9/7/mask_5.npy,data/legacy_gt_v1/output_img/9/7/mask_key_point.npy,500x500,500x500,500x500,500x500,500x500,500x500,true,7,
1,legacy_gt_qc_v1,9/8,9,,8,,,data/legacy_gt_v1/output_img/9/8,data/legacy_gt_v1/output_img/9/8/0.jpg,500,500,data/legacy_gt_v1/output_img/9/8/0.npy,500x500x6,data/legacy_gt_v1/output_img/9/8/mask_1.npy,data/legacy_gt_v1/output_img/9/8/mask_2.npy,data/legacy_gt_v1/output_img/9/8/mask_3.npy,data/legacy_gt_v1/output_img/9/8/mask_4.npy,data/legacy_gt_v1/output_img/9/8/mask_5.npy,data/legacy_gt_v1/output_img/9/8/mask_key_point.npy,500x500,500x500,500x500,500x500,500x500,500x500,true,8,
1,legacy_gt_qc_v1,9/9,9,,9,,,data/legacy_gt_v1/output_img/9/9,data/legacy_gt_v1/output_img/9/9/0.jpg,500,500,data/legacy_gt_v1/output_img/9/9/0.npy,500x500x6,data/legacy_gt_v1/output_img/9/9/mask_1.npy,data/legacy_gt_v1/output_img/9/9/mask_2.npy,data/legacy_gt_v1/output_img/9/9/mask_3.npy,data/legacy_gt_v1/output_img/9/9/mask_4.npy,data/legacy_gt_v1/output_img/9/9/mask_5.npy,data/legacy_gt_v1/output_img/9/9/mask_key_point.npy,500x500,500x500,500x500,500x500,500x500,500x500,true,9,
1,legacy_gt_qc_v1,9/10,9,,10,,,data/legacy_gt_v1/output_img/9/10,data/legacy_gt_v1/output_img/9/10/0.jpg,500,500,data/legacy_gt_v1/output_img/9/10/0.npy,500x500x6,data/legacy_gt_v1/output_img/9/10/mask_1.npy,data/legacy_gt_v1/output_img/9/10/mask_2.npy,data/legacy_gt_v1/output_img/9/10/mask_3.npy,data/legacy_gt_v1/output_img/9/10/mask_4.npy,data/legacy_gt_v1/output_img/9/10/mask_5.npy,data/legacy_gt_v1/output_img/9/10/mask_key_point.npy,500x500,500x500,500x500,500x500,500x500,500x500,true,10,
1,legacy_gt_qc_v1,9/11,9,,11,,,data/legacy_gt_v1/output_img/9/11,data/legacy_gt_v1/output_img/9/11/0.jpg,500,500,data/legacy_gt_v1/output_img/9/11/0.npy,500x500x6,data/legacy_gt_v1/output_img/9/11/mask_1.npy,data/legacy_gt_v1/output_img/9/11/mask_2.npy,data/legacy_gt_v1/output_img/9/11/mask_3.npy,data/legacy_gt_v1/output_img/9/11/mask_4.npy,data/legacy_gt_v1/output_img/9/11/mask_5.npy,data/legacy_gt_v1/output_img/9/11/mask_key_point.npy,500x500,500x500,500x500,500x500,500x500,500x500,true,11,
1,legacy_gt_qc_v1,9/12,9,,12,,,data/legacy_gt_v1/output_img/9/12,data/legacy_gt_v1/output_img/9/12/0.jpg,500,500,data/legacy_gt_v1/output_img/9/12/0.npy,500x500x6,data/legacy_gt_v1/output_img/9/12/mask_1.npy,data/legacy_gt_v1/output_img/9/12/mask_2.npy,data/legacy_gt_v1/output_img/9/12/mask_3.npy,data/legacy_gt_v1/output_img/9/12/mask_4.npy,data/legacy_gt_v1/output_img/9/12/mask_5.npy,data/legacy_gt_v1/output_img/9/12/mask_key_point.npy,500x500,500x500,500x500,500x500,500x500,500x500,true,12,
1,legacy_gt_qc_v1,9/13,9,,13,,,data/legacy_gt_v1/output_img/9/13,data/legacy_gt_v1/output_img/9/13/0.jpg,500,500,data/legacy_gt_v1/output_img/9/13/0.npy,500x500x6,data/legacy_gt_v1/output_img/9/13/mask_1.npy,data/legacy_gt_v1/output_img/9/13/mask_2.npy,data/legacy_gt_v1/output_img/9/13/mask_3.npy,data/legacy_gt_v1/output_img/9/13/mask_4.npy,data/legacy_gt_v1/output_img/9/13/mask_5.npy,data/legacy_gt_v1/output_img/9/13/mask_key_point.npy,500x500,500x500,500x500,500x500,500x500,500x500,true,13,
1,legacy_gt_qc_v1,9/15,9,,15,,,data/legacy_gt_v1/output_img/9/15,data/legacy_gt_v1/output_img/9/15/0.jpg,500,500,data/legacy_gt_v1/output_img/9/15/0.npy,500x500x6,data/legacy_gt_v1/output_img/9/15/mask_1.npy,data/legacy_gt_v1/output_img/9/15/mask_2.npy,data/legacy_gt_v1/output_img/9/15/mask_3.npy,data/legacy_gt_v1/output_img/9/15/mask_4.npy,data/legacy_gt_v1/output_img/9/15/mask_5.npy,data/legacy_gt_v1/output_img/9/15/mask_key_point.npy,500x500,500x500,500x500,500x500,500x500,500x500,true,15,
1,legacy_gt_qc_v1,9/16,9,,16,,,data/legacy_gt_v1/output_img/9/16,data/legacy_gt_v1/output_img/9/16/0.jpg,500,500,data/legacy_gt_v1/output_img/9/16/0.npy,500x500x6,data/legacy_gt_v1/output_img/9/16/mask_1.npy,data/legacy_gt_v1/output_img/9/16/mask_2.npy,data/legacy_gt_v1/output_img/9/16/mask_3.npy,data/legacy_gt_v1/output_img/9/16/mask_4.npy,data/legacy_gt_v1/output_img/9/16/mask_5.npy,data/legacy_gt_v1/output_img/9/16/mask_key_point.npy,500x500,500x500,500x500,500x500,500x500,500x500,true,16,
1,legacy_gt_qc_v1,9/17,9,,17,,,data/legacy_gt_v1/output_img/9/17,data/legacy_gt_v1/output_img/9/17/0.jpg,500,500,data/legacy_gt_v1/output_img/9/17/0.npy,500x500x6,data/legacy_gt_v1/output_img/9/17/mask_1.npy,data/legacy_gt_v1/output_img/9/17/mask_2.npy,data/legacy_gt_v1/output_img/9/17/mask_3.npy,data/legacy_gt_v1/output_img/9/17/mask_4.npy,data/legacy_gt_v1/output_img/9/17/mask_5.npy,data/legacy_gt_v1/output_img/9/17/mask_key_point.npy,500x500,500x500,500x500,500x500,500x500,500x500,true,17,
1,legacy_gt_qc_v1,9/18,9,,18,,,data/legacy_gt_v1/output_img/9/18,data/legacy_gt_v1/output_img/9/18/0.jpg,500,500,data/legacy_gt_v1/output_img/9/18/0.npy,500x500x6,data/legacy_gt_v1/output_img/9/18/mask_1.npy,data/legacy_gt_v1/output_img/9/18/mask_2.npy,data/legacy_gt_v1/output_img/9/18/mask_3.npy,data/legacy_gt_v1/output_img/9/18/mask_4.npy,data/legacy_gt_v1/output_img/9/18/mask_5.npy,data/legacy_gt_v1/output_img/9/18/mask_key_point.npy,500x500,500x500,500x500,500x500,500x500,500x500,true,18,
1,legacy_gt_qc_v1,9/19,9,,19,,,data/legacy_gt_v1/output_img/9/19,data/legacy_gt_v1/output_img/9/19/0.jpg,500,500,data/legacy_gt_v1/output_img/9/19/0.npy,500x500x6,data/legacy_gt_v1/output_img/9/19/mask_1.npy,data/legacy_gt_v1/output_img/9/19/mask_2.npy,data/legacy_gt_v1/output_img/9/19/mask_3.npy,data/legacy_gt_v1/output_img/9/19/mask_4.npy,data/legacy_gt_v1/output_img/9/19/mask_5.npy,data/legacy_gt_v1/output_img/9/19/mask_key_point.npy,500x500,500x500,500x500,500x500,500x500,500x500,true,19,
1,legacy_gt_qc_v1,9/20,9,,20,,,data/legacy_gt_v1/output_img/9/20,data/legacy_gt_v1/output_img/9/20/0.jpg,500,500,data/legacy_gt_v1/output_img/9/20/0.npy,500x500x6,data/legacy_gt_v1/output_img/9/20/mask_1.npy,data/legacy_gt_v1/output_img/9/20/mask_2.npy,data/legacy_gt_v1/output_img/9/20/mask_3.npy,data/legacy_gt_v1/output_img/9/20/mask_4.npy,data/legacy_gt_v1/output_img/9/20/mask_5.npy,data/legacy_gt_v1/output_img/9/20/mask_key_point.npy,500x500,500x500,500x500,500x500,500x500,500x500,true,20,
1,legacy_gt_qc_v1,10/0,10,,0,,,data/legacy_gt_v1/output_img/10/0,data/legacy_gt_v1/output_img/10/0/0.jpg,500,500,data/legacy_gt_v1/output_img/10/0/0.npy,500x500x6,data/legacy_gt_v1/output_img/10/0/mask_1.npy,data/legacy_gt_v1/output_img/10/0/mask_2.npy,data/legacy_gt_v1/output_img/10/0/mask_3.npy,data/legacy_gt_v1/output_img/10/0/mask_4.npy,data/legacy_gt_v1/output_img/10/0/mask_5.npy,data/legacy_gt_v1/output_img/10/0/mask_key_point.npy,500x500,500x500,500x500,500x500,500x500,500x500,true,10/0,
1,legacy_gt_qc_v1,10/1,10,,1,,,data/legacy_gt_v1/output_img/10/1,data/legacy_gt_v1/output_img/10/1/0.jpg,500,500,data/legacy_gt_v1/output_img/10/1/0.npy,500x500x6,data/legacy_gt_v1/output_img/10/1/mask_1.npy,data/legacy_gt_v1/output_img/10/1/mask_2.npy,data/legacy_gt_v1/output_img/10/1/mask_3.npy,data/legacy_gt_v1/output_img/10/1/mask_4.npy,data/legacy_gt_v1/output_img/10/1/mask_5.npy,data/legacy_gt_v1/output_img/10/1/mask_key_point.npy,500x500,500x500,500x500,500x500,500x500,500x500,true,1,
1,legacy_gt_qc_v1,10/2,10,,2,,,data/legacy_gt_v1/output_img/10/2,data/legacy_gt_v1/output_img/10/2/0.jpg,500,500,data/legacy_gt_v1/output_img/10/2/0.npy,500x500x6,data/legacy_gt_v1/output_img/10/2/mask_1.npy,data/legacy_gt_v1/output_img/10/2/mask_2.npy,data/legacy_gt_v1/output_img/10/2/mask_3.npy,data/legacy_gt_v1/output_img/10/2/mask_4.npy,data/legacy_gt_v1/output_img/10/2/mask_5.npy,data/legacy_gt_v1/output_img/10/2/mask_key_point.npy,500x500,500x500,500x500,500x500,500x500,500x500,true,2,
1,legacy_gt_qc_v1,10/3,10,,3,,,data/legacy_gt_v1/output_img/10/3,data/legacy_gt_v1/output_img/10/3/0.jpg,500,500,data/legacy_gt_v1/output_img/10/3/0.npy,500x500x6,data/legacy_gt_v1/output_img/10/3/mask_1.npy,data/legacy_gt_v1/output_img/10/3/mask_2.npy,data/legacy_gt_v1/output_img/10/3/mask_3.npy,data/legacy_gt_v1/output_img/10/3/mask_4.npy,data/legacy_gt_v1/output_img/10/3/mask_5.npy,data/legacy_gt_v1/output_img/10/3/mask_key_point.npy,500x500,500x500,500x500,500x500,500x500,500x500,true,3,
1,legacy_gt_qc_v1,10/4,10,,4,,,data/legacy_gt_v1/output_img/10/4,data/legacy_gt_v1/output_img/10/4/0.jpg,500,500,data/legacy_gt_v1/output_img/10/4/0.npy,500x500x6,data/legacy_gt_v1/output_img/10/4/mask_1.npy,data/legacy_gt_v1/output_img/10/4/mask_2.npy,data/legacy_gt_v1/output_img/10/4/mask_3.npy,data/legacy_gt_v1/output_img/10/4/mask_4.npy,data/legacy_gt_v1/output_img/10/4/mask_5.npy,data/legacy_gt_v1/output_img/10/4/mask_key_point.npy,500x500,500x500,500x500,500x500,500x500,500x500,true,4,
1,legacy_gt_qc_v1,10/5,10,,5,,,data/legacy_gt_v1/output_img/10/5,data/legacy_gt_v1/output_img/10/5/0.jpg,500,500,data/legacy_gt_v1/output_img/10/5/0.npy,500x500x6,data/legacy_gt_v1/output_img/10/5/mask_1.npy,data/legacy_gt_v1/output_img/10/5/mask_2.npy,data/legacy_gt_v1/output_img/10/5/mask_3.npy,data/legacy_gt_v1/output_img/10/5/mask_4.npy,data/legacy_gt_v1/output_img/10/5/mask_5.npy,data/legacy_gt_v1/output_img/10/5/mask_key_point.npy,500x500,500x500,500x500,500x500,500x500,500x500,true,5,
1,legacy_gt_qc_v1,10/6,10,,6,,,data/legacy_gt_v1/output_img/10/6,data/legacy_gt_v1/output_img/10/6/0.jpg,500,500,data/legacy_gt_v1/output_img/10/6/0.npy,500x500x6,data/legacy_gt_v1/output_img/10/6/mask_1.npy,data/legacy_gt_v1/output_img/10/6/mask_2.npy,data/legacy_gt_v1/output_img/10/6/mask_3.npy,data/legacy_gt_v1/output_img/10/6/mask_4.npy,data/legacy_gt_v1/output_img/10/6/mask_5.npy,data/legacy_gt_v1/output_img/10/6/mask_key_point.npy,500x500,500x500,500x500,500x500,500x500,500x500,true,6,
1,legacy_gt_qc_v1,10/7,10,,7,,,data/legacy_gt_v1/output_img/10/7,data/legacy_gt_v1/output_img/10/7/0.jpg,500,500,data/legacy_gt_v1/output_img/10/7/0.npy,500x500x6,data/legacy_gt_v1/output_img/10/7/mask_1.npy,data/legacy_gt_v1/output_img/10/7/mask_2.npy,data/legacy_gt_v1/output_img/10/7/mask_3.npy,data/legacy_gt_v1/output_img/10/7/mask_4.npy,data/legacy_gt_v1/output_img/10/7/mask_5.npy,data/legacy_gt_v1/output_img/10/7/mask_key_point.npy,500x500,500x500,500x500,500x500,500x500,500x500,true,7,
1,legacy_gt_qc_v1,10/8,10,,8,,,data/legacy_gt_v1/output_img/10/8,data/legacy_gt_v1/output_img/10/8/0.jpg,500,500,data/legacy_gt_v1/output_img/10/8/0.npy,500x500x6,data/legacy_gt_v1/output_img/10/8/mask_1.npy,data/legacy_gt_v1/output_img/10/8/mask_2.npy,data/legacy_gt_v1/output_img/10/8/mask_3.npy,data/legacy_gt_v1/output_img/10/8/mask_4.npy,data/legacy_gt_v1/output_img/10/8/mask_5.npy,data/legacy_gt_v1/output_img/10/8/mask_key_point.npy,500x500,500x500,500x500,500x500,500x500,500x500,true,8,
1,legacy_gt_qc_v1,10/9,10,,9,,,data/legacy_gt_v1/output_img/10/9,data/legacy_gt_v1/output_img/10/9/0.jpg,500,500,data/legacy_gt_v1/output_img/10/9/0.npy,500x500x6,data/legacy_gt_v1/output_img/10/9/mask_1.npy,data/legacy_gt_v1/output_img/10/9/mask_2.npy,data/legacy_gt_v1/output_img/10/9/mask_3.npy,data/legacy_gt_v1/output_img/10/9/mask_4.npy,data/legacy_gt_v1/output_img/10/9/mask_5.npy,data/legacy_gt_v1/output_img/10/9/mask_key_point.npy,500x500,500x500,500x500,500x500,500x500,500x500,true,9,
1,legacy_gt_qc_v1,10/10,10,,10,,,data/legacy_gt_v1/output_img/10/10,data/legacy_gt_v1/output_img/10/10/0.jpg,500,500,data/legacy_gt_v1/output_img/10/10/0.npy,500x500x6,data/legacy_gt_v1/output_img/10/10/mask_1.npy,data/legacy_gt_v1/output_img/10/10/mask_2.npy,data/legacy_gt_v1/output_img/10/10/mask_3.npy,data/legacy_gt_v1/output_img/10/10/mask_4.npy,data/legacy_gt_v1/output_img/10/10/mask_5.npy,data/legacy_gt_v1/output_img/10/10/mask_key_point.npy,500x500,500x500,500x500,500x500,500x500,500x500,true,10,
1,legacy_gt_qc_v1,10/11,10,,11,,,data/legacy_gt_v1/output_img/10/11,data/legacy_gt_v1/output_img/10/11/0.jpg,500,500,data/legacy_gt_v1/output_img/10/11/0.npy,500x500x6,data/legacy_gt_v1/output_img/10/11/mask_1.npy,data/legacy_gt_v1/output_img/10/11/mask_2.npy,data/legacy_gt_v1/output_img/10/11/mask_3.npy,data/legacy_gt_v1/output_img/10/11/mask_4.npy,data/legacy_gt_v1/output_img/10/11/mask_5.npy,data/legacy_gt_v1/output_img/10/11/mask_key_point.npy,500x500,500x500,500x500,500x500,500x500,500x500,true,11,
1,legacy_gt_qc_v1,10/12,10,,12,,,data/legacy_gt_v1/output_img/10/12,data/legacy_gt_v1/output_img/10/12/0.jpg,500,500,data/legacy_gt_v1/output_img/10/12/0.npy,500x500x6,data/legacy_gt_v1/output_img/10/12/mask_1.npy,data/legacy_gt_v1/output_img/10/12/mask_2.npy,data/legacy_gt_v1/output_img/10/12/mask_3.npy,data/legacy_gt_v1/output_img/10/12/mask_4.npy,data/legacy_gt_v1/output_img/10/12/mask_5.npy,data/legacy_gt_v1/output_img/10/12/mask_key_point.npy,500x500,500x500,500x500,500x500,500x500,500x500,true,12,
1,legacy_gt_qc_v1,10/13,10,,13,,,data/legacy_gt_v1/output_img/10/13,data/legacy_gt_v1/output_img/10/13/0.jpg,500,500,data/legacy_gt_v1/output_img/10/13/0.npy,500x500x6,data/legacy_gt_v1/output_img/10/13/mask_1.npy,data/legacy_gt_v1/output_img/10/13/mask_2.npy,data/legacy_gt_v1/output_img/10/13/mask_3.npy,data/legacy_gt_v1/output_img/10/13/mask_4.npy,data/legacy_gt_v1/output_img/10/13/mask_5.npy,data/legacy_gt_v1/output_img/10/13/mask_key_point.npy,500x500,500x500,500x500,500x500,500x500,500x500,true,13,
1,legacy_gt_qc_v1,10/15,10,,15,,,data/legacy_gt_v1/output_img/10/15,data/legacy_gt_v1/output_img/10/15/0.jpg,500,500,data/legacy_gt_v1/output_img/10/15/0.npy,500x500x6,data/legacy_gt_v1/output_img/10/15/mask_1.npy,data/legacy_gt_v1/output_img/10/15/mask_2.npy,data/legacy_gt_v1/output_img/10/15/mask_3.npy,data/legacy_gt_v1/output_img/10/15/mask_4.npy,data/legacy_gt_v1/output_img/10/15/mask_5.npy,data/legacy_gt_v1/output_img/10/15/mask_key_point.npy,500x500,500x500,500x500,500x500,500x500,500x500,true,15,
1,legacy_gt_qc_v1,10/16,10,,16,,,data/legacy_gt_v1/output_img/10/16,data/legacy_gt_v1/output_img/10/16/0.jpg,500,500,data/legacy_gt_v1/output_img/10/16/0.npy,500x500x6,data/legacy_gt_v1/output_img/10/16/mask_1.npy,data/legacy_gt_v1/output_img/10/16/mask_2.npy,data/legacy_gt_v1/output_img/10/16/mask_3.npy,data/legacy_gt_v1/output_img/10/16/mask_4.npy,data/legacy_gt_v1/output_img/10/16/mask_5.npy,data/legacy_gt_v1/output_img/10/16/mask_key_point.npy,500x500,500x500,500x500,500x500,500x500,500x500,true,16,
1,legacy_gt_qc_v1,10/17,10,,17,,,data/legacy_gt_v1/output_img/10/17,data/legacy_gt_v1/output_img/10/17/0.jpg,500,500,data/legacy_gt_v1/output_img/10/17/0.npy,500x500x6,data/legacy_gt_v1/output_img/10/17/mask_1.npy,data/legacy_gt_v1/output_img/10/17/mask_2.npy,data/legacy_gt_v1/output_img/10/17/mask_3.npy,data/legacy_gt_v1/output_img/10/17/mask_4.npy,data/legacy_gt_v1/output_img/10/17/mask_5.npy,data/legacy_gt_v1/output_img/10/17/mask_key_point.npy,500x500,500x500,500x500,500x500,500x500,500x500,true,17,
1,legacy_gt_qc_v1,10/18,10,,18,,,data/legacy_gt_v1/output_img/10/18,data/legacy_gt_v1/output_img/10/18/0.jpg,500,500,data/legacy_gt_v1/output_img/10/18/0.npy,500x500x6,data/legacy_gt_v1/output_img/10/18/mask_1.npy,data/legacy_gt_v1/output_img/10/18/mask_2.npy,data/legacy_gt_v1/output_img/10/18/mask_3.npy,data/legacy_gt_v1/output_img/10/18/mask_4.npy,data/legacy_gt_v1/output_img/10/18/mask_5.npy,data/legacy_gt_v1/output_img/10/18/mask_key_point.npy,500x500,500x500,500x500,500x500,500x500,500x500,true,18,
1,legacy_gt_qc_v1,10/19,10,,19,,,data/legacy_gt_v1/output_img/10/19,data/legacy_gt_v1/output_img/10/19/0.jpg,500,500,data/legacy_gt_v1/output_img/10/19/0.npy,500x500x6,data/legacy_gt_v1/output_img/10/19/mask_1.npy,data/legacy_gt_v1/output_img/10/19/mask_2.npy,data/legacy_gt_v1/output_img/10/19/mask_3.npy,data/legacy_gt_v1/output_img/10/19/mask_4.npy,data/legacy_gt_v1/output_img/10/19/mask_5.npy,data/legacy_gt_v1/output_img/10/19/mask_key_point.npy,500x500,500x500,500x500,500x500,500x500,500x500,true,19,
1,legacy_gt_qc_v1,10/20,10,,20,,,data/legacy_gt_v1/output_img/10/20,data/legacy_gt_v1/output_img/10/20/0.jpg,500,500,data/legacy_gt_v1/output_img/10/20/0.npy,500x500x6,data/legacy_gt_v1/output_img/10/20/mask_1.npy,data/legacy_gt_v1/output_img/10/20/mask_2.npy,data/legacy_gt_v1/output_img/10/20/mask_3.npy,data/legacy_gt_v1/output_img/10/20/mask_4.npy,data/legacy_gt_v1/output_img/10/20/mask_5.npy,data/legacy_gt_v1/output_img/10/20/mask_key_point.npy,500x500,500x500,500x500,500x500,500x500,500x500,true,20,
1,legacy_gt_qc_v1,11/0,11,,0,,,data/legacy_gt_v1/output_img/11/0,data/legacy_gt_v1/output_img/11/0/0.jpg,500,500,data/legacy_gt_v1/output_img/11/0/0.npy,500x500x6,data/legacy_gt_v1/output_img/11/0/mask_1.npy,data/legacy_gt_v1/output_img/11/0/mask_2.npy,data/legacy_gt_v1/output_img/11/0/mask_3.npy,data/legacy_gt_v1/output_img/11/0/mask_4.npy,data/legacy_gt_v1/output_img/11/0/mask_5.npy,data/legacy_gt_v1/output_img/11/0/mask_key_point.npy,500x500,500x500,500x500,500x500,500x500,500x500,true,11/0,
1,legacy_gt_qc_v1,11/1,11,,1,,,data/legacy_gt_v1/output_img/11/1,data/legacy_gt_v1/output_img/11/1/0.jpg,500,500,data/legacy_gt_v1/output_img/11/1/0.npy,500x500x6,data/legacy_gt_v1/output_img/11/1/mask_1.npy,data/legacy_gt_v1/output_img/11/1/mask_2.npy,data/legacy_gt_v1/output_img/11/1/mask_3.npy,data/legacy_gt_v1/output_img/11/1/mask_4.npy,data/legacy_gt_v1/output_img/11/1/mask_5.npy,data/legacy_gt_v1/output_img/11/1/mask_key_point.npy,500x500,500x500,500x500,500x500,500x500,500x500,true,1,
1,legacy_gt_qc_v1,11/2,11,,2,,,data/legacy_gt_v1/output_img/11/2,data/legacy_gt_v1/output_img/11/2/0.jpg,500,500,data/legacy_gt_v1/output_img/11/2/0.npy,500x500x6,data/legacy_gt_v1/output_img/11/2/mask_1.npy,data/legacy_gt_v1/output_img/11/2/mask_2.npy,data/legacy_gt_v1/output_img/11/2/mask_3.npy,data/legacy_gt_v1/output_img/11/2/mask_4.npy,data/legacy_gt_v1/output_img/11/2/mask_5.npy,data/legacy_gt_v1/output_img/11/2/mask_key_point.npy,500x500,500x500,500x500,500x500,500x500,500x500,true,2,
1,legacy_gt_qc_v1,11/3,11,,3,,,data/legacy_gt_v1/output_img/11/3,data/legacy_gt_v1/output_img/11/3/0.jpg,500,500,data/legacy_gt_v1/output_img/11/3/0.npy,500x500x6,data/legacy_gt_v1/output_img/11/3/mask_1.npy,data/legacy_gt_v1/output_img/11/3/mask_2.npy,data/legacy_gt_v1/output_img/11/3/mask_3.npy,data/legacy_gt_v1/output_img/11/3/mask_4.npy,data/legacy_gt_v1/output_img/11/3/mask_5.npy,data/legacy_gt_v1/output_img/11/3/mask_key_point.npy,500x500,500x500,500x500,500x500,500x500,500x500,true,3,
1,legacy_gt_qc_v1,11/4,11,,4,,,data/legacy_gt_v1/output_img/11/4,data/legacy_gt_v1/output_img/11/4/0.jpg,500,500,data/legacy_gt_v1/output_img/11/4/0.npy,500x500x6,data/legacy_gt_v1/output_img/11/4/mask_1.npy,data/legacy_gt_v1/output_img/11/4/mask_2.npy,data/legacy_gt_v1/output_img/11/4/mask_3.npy,data/legacy_gt_v1/output_img/11/4/mask_4.npy,data/legacy_gt_v1/output_img/11/4/mask_5.npy,data/legacy_gt_v1/output_img/11/4/mask_key_point.npy,500x500,500x500,500x500,500x500,500x500,500x500,true,4,
1,legacy_gt_qc_v1,11/5,11,,5,,,data/legacy_gt_v1/output_img/11/5,data/legacy_gt_v1/output_img/11/5/0.jpg,500,500,data/legacy_gt_v1/output_img/11/5/0.npy,500x500x6,data/legacy_gt_v1/output_img/11/5/mask_1.npy,data/legacy_gt_v1/output_img/11/5/mask_2.npy,data/legacy_gt_v1/output_img/11/5/mask_3.npy,data/legacy_gt_v1/output_img/11/5/mask_4.npy,data/legacy_gt_v1/output_img/11/5/mask_5.npy,data/legacy_gt_v1/output_img/11/5/mask_key_point.npy,500x500,500x500,500x500,500x500,500x500,500x500,true,5,
1,legacy_gt_qc_v1,11/6,11,,6,,,data/legacy_gt_v1/output_img/11/6,data/legacy_gt_v1/output_img/11/6/0.jpg,500,500,data/legacy_gt_v1/output_img/11/6/0.npy,500x500x6,data/legacy_gt_v1/output_img/11/6/mask_1.npy,data/legacy_gt_v1/output_img/11/6/mask_2.npy,data/legacy_gt_v1/output_img/11/6/mask_3.npy,data/legacy_gt_v1/output_img/11/6/mask_4.npy,data/legacy_gt_v1/output_img/11/6/mask_5.npy,data/legacy_gt_v1/output_img/11/6/mask_key_point.npy,500x500,500x500,500x500,500x500,500x500,500x500,true,6,
1,legacy_gt_qc_v1,11/7,11,,7,,,data/legacy_gt_v1/output_img/11/7,data/legacy_gt_v1/output_img/11/7/0.jpg,500,500,data/legacy_gt_v1/output_img/11/7/0.npy,500x500x6,data/legacy_gt_v1/output_img/11/7/mask_1.npy,data/legacy_gt_v1/output_img/11/7/mask_2.npy,data/legacy_gt_v1/output_img/11/7/mask_3.npy,data/legacy_gt_v1/output_img/11/7/mask_4.npy,data/legacy_gt_v1/output_img/11/7/mask_5.npy,data/legacy_gt_v1/output_img/11/7/mask_key_point.npy,500x500,500x500,500x500,500x500,500x500,500x500,true,7,
1,legacy_gt_qc_v1,11/8,11,,8,,,data/legacy_gt_v1/output_img/11/8,data/legacy_gt_v1/output_img/11/8/0.jpg,500,500,data/legacy_gt_v1/output_img/11/8/0.npy,500x500x6,data/legacy_gt_v1/output_img/11/8/mask_1.npy,data/legacy_gt_v1/output_img/11/8/mask_2.npy,data/legacy_gt_v1/output_img/11/8/mask_3.npy,data/legacy_gt_v1/output_img/11/8/mask_4.npy,data/legacy_gt_v1/output_img/11/8/mask_5.npy,data/legacy_gt_v1/output_img/11/8/mask_key_point.npy,500x500,500x500,500x500,500x500,500x500,500x500,true,8,
1,legacy_gt_qc_v1,11/9,11,,9,,,data/legacy_gt_v1/output_img/11/9,data/legacy_gt_v1/output_img/11/9/0.jpg,500,500,data/legacy_gt_v1/output_img/11/9/0.npy,500x500x6,data/legacy_gt_v1/output_img/11/9/mask_1.npy,data/legacy_gt_v1/output_img/11/9/mask_2.npy,data/legacy_gt_v1/output_img/11/9/mask_3.npy,data/legacy_gt_v1/output_img/11/9/mask_4.npy,data/legacy_gt_v1/output_img/11/9/mask_5.npy,data/legacy_gt_v1/output_img/11/9/mask_key_point.npy,500x500,500x500,500x500,500x500,500x500,500x500,true,9,
1,legacy_gt_qc_v1,11/10,11,,10,,,data/legacy_gt_v1/output_img/11/10,data/legacy_gt_v1/output_img/11/10/0.jpg,500,500,data/legacy_gt_v1/output_img/11/10/0.npy,500x500x6,data/legacy_gt_v1/output_img/11/10/mask_1.npy,data/legacy_gt_v1/output_img/11/10/mask_2.npy,data/legacy_gt_v1/output_img/11/10/mask_3.npy,data/legacy_gt_v1/output_img/11/10/mask_4.npy,data/legacy_gt_v1/output_img/11/10/mask_5.npy,data/legacy_gt_v1/output_img/11/10/mask_key_point.npy,500x500,500x500,500x500,500x500,500x500,500x500,true,10,
1,legacy_gt_qc_v1,11/11,11,,11,,,data/legacy_gt_v1/output_img/11/11,data/legacy_gt_v1/output_img/11/11/0.jpg,500,500,data/legacy_gt_v1/output_img/11/11/0.npy,500x500x6,data/legacy_gt_v1/output_img/11/11/mask_1.npy,data/legacy_gt_v1/output_img/11/11/mask_2.npy,data/legacy_gt_v1/output_img/11/11/mask_3.npy,data/legacy_gt_v1/output_img/11/11/mask_4.npy,data/legacy_gt_v1/output_img/11/11/mask_5.npy,data/legacy_gt_v1/output_img/11/11/mask_key_point.npy,500x500,500x500,500x500,500x500,500x500,500x500,true,11,
1,legacy_gt_qc_v1,11/12,11,,12,,,data/legacy_gt_v1/output_img/11/12,data/legacy_gt_v1/output_img/11/12/0.jpg,500,500,data/legacy_gt_v1/output_img/11/12/0.npy,500x500x6,data/legacy_gt_v1/output_img/11/12/mask_1.npy,data/legacy_gt_v1/output_img/11/12/mask_2.npy,data/legacy_gt_v1/output_img/11/12/mask_3.npy,data/legacy_gt_v1/output_img/11/12/mask_4.npy,data/legacy_gt_v1/output_img/11/12/mask_5.npy,data/legacy_gt_v1/output_img/11/12/mask_key_point.npy,500x500,500x500,500x500,500x500,500x500,500x500,true,12,
1,legacy_gt_qc_v1,11/13,11,,13,,,data/legacy_gt_v1/output_img/11/13,data/legacy_gt_v1/output_img/11/13/0.jpg,500,500,data/legacy_gt_v1/output_img/11/13/0.npy,500x500x6,data/legacy_gt_v1/output_img/11/13/mask_1.npy,data/legacy_gt_v1/output_img/11/13/mask_2.npy,data/legacy_gt_v1/output_img/11/13/mask_3.npy,data/legacy_gt_v1/output_img/11/13/mask_4.npy,data/legacy_gt_v1/output_img/11/13/mask_5.npy,data/legacy_gt_v1/output_img/11/13/mask_key_point.npy,500x500,500x500,500x500,500x500,500x500,500x500,true,13,
1,legacy_gt_qc_v1,11/15,11,,15,,,data/legacy_gt_v1/output_img/11/15,data/legacy_gt_v1/output_img/11/15/0.jpg,500,500,data/legacy_gt_v1/output_img/11/15/0.npy,500x500x6,data/legacy_gt_v1/output_img/11/15/mask_1.npy,data/legacy_gt_v1/output_img/11/15/mask_2.npy,data/legacy_gt_v1/output_img/11/15/mask_3.npy,data/legacy_gt_v1/output_img/11/15/mask_4.npy,data/legacy_gt_v1/output_img/11/15/mask_5.npy,data/legacy_gt_v1/output_img/11/15/mask_key_point.npy,500x500,500x500,500x500,500x500,500x500,500x500,true,15,
1,legacy_gt_qc_v1,11/16,11,,16,,,data/legacy_gt_v1/output_img/11/16,data/legacy_gt_v1/output_img/11/16/0.jpg,500,500,data/legacy_gt_v1/output_img/11/16/0.npy,500x500x6,data/legacy_gt_v1/output_img/11/16/mask_1.npy,data/legacy_gt_v1/output_img/11/16/mask_2.npy,data/legacy_gt_v1/output_img/11/16/mask_3.npy,data/legacy_gt_v1/output_img/11/16/mask_4.npy,data/legacy_gt_v1/output_img/11/16/mask_5.npy,data/legacy_gt_v1/output_img/11/16/mask_key_point.npy,500x500,500x500,500x500,500x500,500x500,500x500,true,16,
1,legacy_gt_qc_v1,11/17,11,,17,,,data/legacy_gt_v1/output_img/11/17,data/legacy_gt_v1/output_img/11/17/0.jpg,500,500,data/legacy_gt_v1/output_img/11/17/0.npy,500x500x6,data/legacy_gt_v1/output_img/11/17/mask_1.npy,data/legacy_gt_v1/output_img/11/17/mask_2.npy,data/legacy_gt_v1/output_img/11/17/mask_3.npy,data/legacy_gt_v1/output_img/11/17/mask_4.npy,data/legacy_gt_v1/output_img/11/17/mask_5.npy,data/legacy_gt_v1/output_img/11/17/mask_key_point.npy,500x500,500x500,500x500,500x500,500x500,500x500,true,17,
1,legacy_gt_qc_v1,11/18,11,,18,,,data/legacy_gt_v1/output_img/11/18,data/legacy_gt_v1/output_img/11/18/0.jpg,500,500,data/legacy_gt_v1/output_img/11/18/0.npy,500x500x6,data/legacy_gt_v1/output_img/11/18/mask_1.npy,data/legacy_gt_v1/output_img/11/18/mask_2.npy,data/legacy_gt_v1/output_img/11/18/mask_3.npy,data/legacy_gt_v1/output_img/11/18/mask_4.npy,data/legacy_gt_v1/output_img/11/18/mask_5.npy,data/legacy_gt_v1/output_img/11/18/mask_key_point.npy,500x500,500x500,500x500,500x500,500x500,500x500,true,18,
1,legacy_gt_qc_v1,11/19,11,,19,,,data/legacy_gt_v1/output_img/11/19,data/legacy_gt_v1/output_img/11/19/0.jpg,500,500,data/legacy_gt_v1/output_img/11/19/0.npy,500x500x6,data/legacy_gt_v1/output_img/11/19/mask_1.npy,data/legacy_gt_v1/output_img/11/19/mask_2.npy,data/legacy_gt_v1/output_img/11/19/mask_3.npy,data/legacy_gt_v1/output_img/11/19/mask_4.npy,data/legacy_gt_v1/output_img/11/19/mask_5.npy,data/legacy_gt_v1/output_img/11/19/mask_key_point.npy,500x500,500x500,500x500,500x500,500x500,500x500,true,19,
1,legacy_gt_qc_v1,11/20,11,,20,,,data/legacy_gt_v1/output_img/11/20,data/legacy_gt_v1/output_img/11/20/0.jpg,500,500,data/legacy_gt_v1/output_img/11/20/0.npy,500x500x6,data/legacy_gt_v1/output_img/11/20/mask_1.npy,data/legacy_gt_v1/output_img/11/20/mask_2.npy,data/legacy_gt_v1/output_img/11/20/mask_3.npy,data/legacy_gt_v1/output_img/11/20/mask_4.npy,data/legacy_gt_v1/output_img/11/20/mask_5.npy,data/legacy_gt_v1/output_img/11/20/mask_key_point.npy,500x500,500x500,500x500,500x500,500x500,500x500,true,20,
1,legacy_gt_qc_v1,12/0,12,,0,,,data/legacy_gt_v1/output_img/12/0,data/legacy_gt_v1/output_img/12/0/0.jpg,500,500,data/legacy_gt_v1/output_img/12/0/0.npy,500x500x6,data/legacy_gt_v1/output_img/12/0/mask_1.npy,data/legacy_gt_v1/output_img/12/0/mask_2.npy,data/legacy_gt_v1/output_img/12/0/mask_3.npy,data/legacy_gt_v1/output_img/12/0/mask_4.npy,data/legacy_gt_v1/output_img/12/0/mask_5.npy,data/legacy_gt_v1/output_img/12/0/mask_key_point.npy,500x500,500x500,500x500,500x500,500x500,500x500,true,12/0,
1,legacy_gt_qc_v1,12/1,12,,1,,,data/legacy_gt_v1/output_img/12/1,data/legacy_gt_v1/output_img/12/1/0.jpg,500,500,data/legacy_gt_v1/output_img/12/1/0.npy,500x500x6,data/legacy_gt_v1/output_img/12/1/mask_1.npy,data/legacy_gt_v1/output_img/12/1/mask_2.npy,data/legacy_gt_v1/output_img/12/1/mask_3.npy,data/legacy_gt_v1/output_img/12/1/mask_4.npy,data/legacy_gt_v1/output_img/12/1/mask_5.npy,data/legacy_gt_v1/output_img/12/1/mask_key_point.npy,500x500,500x500,500x500,500x500,500x500,500x500,true,1,
1,legacy_gt_qc_v1,12/2,12,,2,,,data/legacy_gt_v1/output_img/12/2,data/legacy_gt_v1/output_img/12/2/0.jpg,500,500,data/legacy_gt_v1/output_img/12/2/0.npy,500x500x6,data/legacy_gt_v1/output_img/12/2/mask_1.npy,data/legacy_gt_v1/output_img/12/2/mask_2.npy,data/legacy_gt_v1/output_img/12/2/mask_3.npy,data/legacy_gt_v1/output_img/12/2/mask_4.npy,data/legacy_gt_v1/output_img/12/2/mask_5.npy,data/legacy_gt_v1/output_img/12/2/mask_key_point.npy,500x500,500x500,500x500,500x500,500x500,500x500,true,2,
1,legacy_gt_qc_v1,12/3,12,,3,,,data/legacy_gt_v1/output_img/12/3,data/legacy_gt_v1/output_img/12/3/0.jpg,500,500,data/legacy_gt_v1/output_img/12/3/0.npy,500x500x6,data/legacy_gt_v1/output_img/12/3/mask_1.npy,data/legacy_gt_v1/output_img/12/3/mask_2.npy,data/legacy_gt_v1/output_img/12/3/mask_3.npy,data/legacy_gt_v1/output_img/12/3/mask_4.npy,data/legacy_gt_v1/output_img/12/3/mask_5.npy,data/legacy_gt_v1/output_img/12/3/mask_key_point.npy,500x500,500x500,500x500,500x500,500x500,500x500,true,3,
1,legacy_gt_qc_v1,12/4,12,,4,,,data/legacy_gt_v1/output_img/12/4,data/legacy_gt_v1/output_img/12/4/0.jpg,500,500,data/legacy_gt_v1/output_img/12/4/0.npy,500x500x6,data/legacy_gt_v1/output_img/12/4/mask_1.npy,data/legacy_gt_v1/output_img/12/4/mask_2.npy,data/legacy_gt_v1/output_img/12/4/mask_3.npy,data/legacy_gt_v1/output_img/12/4/mask_4.npy,data/legacy_gt_v1/output_img/12/4/mask_5.npy,data/legacy_gt_v1/output_img/12/4/mask_key_point.npy,500x500,500x500,500x500,500x500,500x500,500x500,true,4,
1,legacy_gt_qc_v1,12/5,12,,5,,,data/legacy_gt_v1/output_img/12/5,data/legacy_gt_v1/output_img/12/5/0.jpg,500,500,data/legacy_gt_v1/output_img/12/5/0.npy,500x500x6,data/legacy_gt_v1/output_img/12/5/mask_1.npy,data/legacy_gt_v1/output_img/12/5/mask_2.npy,data/legacy_gt_v1/output_img/12/5/mask_3.npy,data/legacy_gt_v1/output_img/12/5/mask_4.npy,data/legacy_gt_v1/output_img/12/5/mask_5.npy,data/legacy_gt_v1/output_img/12/5/mask_key_point.npy,500x500,500x500,500x500,500x500,500x500,500x500,true,5,
1,legacy_gt_qc_v1,12/6,12,,6,,,data/legacy_gt_v1/output_img/12/6,data/legacy_gt_v1/output_img/12/6/0.jpg,500,500,data/legacy_gt_v1/output_img/12/6/0.npy,500x500x6,data/legacy_gt_v1/output_img/12/6/mask_1.npy,data/legacy_gt_v1/output_img/12/6/mask_2.npy,data/legacy_gt_v1/output_img/12/6/mask_3.npy,data/legacy_gt_v1/output_img/12/6/mask_4.npy,data/legacy_gt_v1/output_img/12/6/mask_5.npy,data/legacy_gt_v1/output_img/12/6/mask_key_point.npy,500x500,500x500,500x500,500x500,500x500,500x500,true,6,
1,legacy_gt_qc_v1,12/7,12,,7,,,data/legacy_gt_v1/output_img/12/7,data/legacy_gt_v1/output_img/12/7/0.jpg,500,500,data/legacy_gt_v1/output_img/12/7/0.npy,500x500x6,data/legacy_gt_v1/output_img/12/7/mask_1.npy,data/legacy_gt_v1/output_img/12/7/mask_2.npy,data/legacy_gt_v1/output_img/12/7/mask_3.npy,data/legacy_gt_v1/output_img/12/7/mask_4.npy,data/legacy_gt_v1/output_img/12/7/mask_5.npy,data/legacy_gt_v1/output_img/12/7/mask_key_point.npy,500x500,500x500,500x500,500x500,500x500,500x500,true,7,
1,legacy_gt_qc_v1,12/8,12,,8,,,data/legacy_gt_v1/output_img/12/8,data/legacy_gt_v1/output_img/12/8/0.jpg,500,500,data/legacy_gt_v1/output_img/12/8/0.npy,500x500x6,data/legacy_gt_v1/output_img/12/8/mask_1.npy,data/legacy_gt_v1/output_img/12/8/mask_2.npy,data/legacy_gt_v1/output_img/12/8/mask_3.npy,data/legacy_gt_v1/output_img/12/8/mask_4.npy,data/legacy_gt_v1/output_img/12/8/mask_5.npy,data/legacy_gt_v1/output_img/12/8/mask_key_point.npy,500x500,500x500,500x500,500x500,500x500,500x500,true,8,
1,legacy_gt_qc_v1,12/9,12,,9,,,data/legacy_gt_v1/output_img/12/9,data/legacy_gt_v1/output_img/12/9/0.jpg,500,500,data/legacy_gt_v1/output_img/12/9/0.npy,500x500x6,data/legacy_gt_v1/output_img/12/9/mask_1.npy,data/legacy_gt_v1/output_img/12/9/mask_2.npy,data/legacy_gt_v1/output_img/12/9/mask_3.npy,data/legacy_gt_v1/output_img/12/9/mask_4.npy,data/legacy_gt_v1/output_img/12/9/mask_5.npy,data/legacy_gt_v1/output_img/12/9/mask_key_point.npy,500x500,500x500,500x500,500x500,500x500,500x500,true,9,
1,legacy_gt_qc_v1,12/10,12,,10,,,data/legacy_gt_v1/output_img/12/10,data/legacy_gt_v1/output_img/12/10/0.jpg,500,500,data/legacy_gt_v1/output_img/12/10/0.npy,500x500x6,data/legacy_gt_v1/output_img/12/10/mask_1.npy,data/legacy_gt_v1/output_img/12/10/mask_2.npy,data/legacy_gt_v1/output_img/12/10/mask_3.npy,data/legacy_gt_v1/output_img/12/10/mask_4.npy,data/legacy_gt_v1/output_img/12/10/mask_5.npy,data/legacy_gt_v1/output_img/12/10/mask_key_point.npy,500x500,500x500,500x500,500x500,500x500,500x500,true,10,
1,legacy_gt_qc_v1,12/11,12,,11,,,data/legacy_gt_v1/output_img/12/11,data/legacy_gt_v1/output_img/12/11/0.jpg,500,500,data/legacy_gt_v1/output_img/12/11/0.npy,500x500x6,data/legacy_gt_v1/output_img/12/11/mask_1.npy,data/legacy_gt_v1/output_img/12/11/mask_2.npy,data/legacy_gt_v1/output_img/12/11/mask_3.npy,data/legacy_gt_v1/output_img/12/11/mask_4.npy,data/legacy_gt_v1/output_img/12/11/mask_5.npy,data/legacy_gt_v1/output_img/12/11/mask_key_point.npy,500x500,500x500,500x500,500x500,500x500,500x500,true,11,
1,legacy_gt_qc_v1,12/12,12,,12,,,data/legacy_gt_v1/output_img/12/12,data/legacy_gt_v1/output_img/12/12/0.jpg,500,500,data/legacy_gt_v1/output_img/12/12/0.npy,500x500x6,data/legacy_gt_v1/output_img/12/12/mask_1.npy,data/legacy_gt_v1/output_img/12/12/mask_2.npy,data/legacy_gt_v1/output_img/12/12/mask_3.npy,data/legacy_gt_v1/output_img/12/12/mask_4.npy,data/legacy_gt_v1/output_img/12/12/mask_5.npy,data/legacy_gt_v1/output_img/12/12/mask_key_point.npy,500x500,500x500,500x500,500x500,500x500,500x500,true,12,
1,legacy_gt_qc_v1,12/13,12,,13,,,data/legacy_gt_v1/output_img/12/13,data/legacy_gt_v1/output_img/12/13/0.jpg,500,500,data/legacy_gt_v1/output_img/12/13/0.npy,500x500x6,data/legacy_gt_v1/output_img/12/13/mask_1.npy,data/legacy_gt_v1/output_img/12/13/mask_2.npy,data/legacy_gt_v1/output_img/12/13/mask_3.npy,data/legacy_gt_v1/output_img/12/13/mask_4.npy,data/legacy_gt_v1/output_img/12/13/mask_5.npy,data/legacy_gt_v1/output_img/12/13/mask_key_point.npy,500x500,500x500,500x500,500x500,500x500,500x500,true,13,
1,legacy_gt_qc_v1,12/15,12,,15,,,data/legacy_gt_v1/output_img/12/15,data/legacy_gt_v1/output_img/12/15/0.jpg,500,500,data/legacy_gt_v1/output_img/12/15/0.npy,500x500x6,data/legacy_gt_v1/output_img/12/15/mask_1.npy,data/legacy_gt_v1/output_img/12/15/mask_2.npy,data/legacy_gt_v1/output_img/12/15/mask_3.npy,data/legacy_gt_v1/output_img/12/15/mask_4.npy,data/legacy_gt_v1/output_img/12/15/mask_5.npy,data/legacy_gt_v1/output_img/12/15/mask_key_point.npy,500x500,500x500,500x500,500x500,500x500,500x500,true,15,
1,legacy_gt_qc_v1,12/16,12,,16,,,data/legacy_gt_v1/output_img/12/16,data/legacy_gt_v1/output_img/12/16/0.jpg,500,500,data/legacy_gt_v1/output_img/12/16/0.npy,500x500x6,data/legacy_gt_v1/output_img/12/16/mask_1.npy,data/legacy_gt_v1/output_img/12/16/mask_2.npy,data/legacy_gt_v1/output_img/12/16/mask_3.npy,data/legacy_gt_v1/output_img/12/16/mask_4.npy,data/legacy_gt_v1/output_img/12/16/mask_5.npy,data/legacy_gt_v1/output_img/12/16/mask_key_point.npy,500x500,500x500,500x500,500x500,500x500,500x500,true,16,
1,legacy_gt_qc_v1,12/17,12,,17,,,data/legacy_gt_v1/output_img/12/17,data/legacy_gt_v1/output_img/12/17/0.jpg,500,500,data/legacy_gt_v1/output_img/12/17/0.npy,500x500x6,data/legacy_gt_v1/output_img/12/17/mask_1.npy,data/legacy_gt_v1/output_img/12/17/mask_2.npy,data/legacy_gt_v1/output_img/12/17/mask_3.npy,data/legacy_gt_v1/output_img/12/17/mask_4.npy,data/legacy_gt_v1/output_img/12/17/mask_5.npy,data/legacy_gt_v1/output_img/12/17/mask_key_point.npy,500x500,500x500,500x500,500x500,500x500,500x500,true,17,
1,legacy_gt_qc_v1,12/18,12,,18,,,data/legacy_gt_v1/output_img/12/18,data/legacy_gt_v1/output_img/12/18/0.jpg,500,500,data/legacy_gt_v1/output_img/12/18/0.npy,500x500x6,data/legacy_gt_v1/output_img/12/18/mask_1.npy,data/legacy_gt_v1/output_img/12/18/mask_2.npy,data/legacy_gt_v1/output_img/12/18/mask_3.npy,data/legacy_gt_v1/output_img/12/18/mask_4.npy,data/legacy_gt_v1/output_img/12/18/mask_5.npy,data/legacy_gt_v1/output_img/12/18/mask_key_point.npy,500x500,500x500,500x500,500x500,500x500,500x500,true,18,
1,legacy_gt_qc_v1,12/19,12,,19,,,data/legacy_gt_v1/output_img/12/19,data/legacy_gt_v1/output_img/12/19/0.jpg,500,500,data/legacy_gt_v1/output_img/12/19/0.npy,500x500x6,data/legacy_gt_v1/output_img/12/19/mask_1.npy,data/legacy_gt_v1/output_img/12/19/mask_2.npy,data/legacy_gt_v1/output_img/12/19/mask_3.npy,data/legacy_gt_v1/output_img/12/19/mask_4.npy,data/legacy_gt_v1/output_img/12/19/mask_5.npy,data/legacy_gt_v1/output_img/12/19/mask_key_point.npy,500x500,500x500,500x500,500x500,500x500,500x500,true,19,
1,legacy_gt_qc_v1,12/20,12,,20,,,data/legacy_gt_v1/output_img/12/20,data/legacy_gt_v1/output_img/12/20/0.jpg,500,500,data/legacy_gt_v1/output_img/12/20/0.npy,500x500x6,data/legacy_gt_v1/output_img/12/20/mask_1.npy,data/legacy_gt_v1/output_img/12/20/mask_2.npy,data/legacy_gt_v1/output_img/12/20/mask_3.npy,data/legacy_gt_v1/output_img/12/20/mask_4.npy,data/legacy_gt_v1/output_img/12/20/mask_5.npy,data/legacy_gt_v1/output_img/12/20/mask_key_point.npy,500x500,500x500,500x500,500x500,500x500,500x500,true,20,
1,legacy_gt_qc_v1,13/0,13,,0,,,data/legacy_gt_v1/output_img/13/0,data/legacy_gt_v1/output_img/13/0/0.jpg,500,500,data/legacy_gt_v1/output_img/13/0/0.npy,500x500x6,data/legacy_gt_v1/output_img/13/0/mask_1.npy,data/legacy_gt_v1/output_img/13/0/mask_2.npy,data/legacy_gt_v1/output_img/13/0/mask_3.npy,data/legacy_gt_v1/output_img/13/0/mask_4.npy,data/legacy_gt_v1/output_img/13/0/mask_5.npy,data/legacy_gt_v1/output_img/13/0/mask_key_point.npy,500x500,500x500,500x500,500x500,500x500,500x500,true,13/0,
1,legacy_gt_qc_v1,13/1,13,,1,,,data/legacy_gt_v1/output_img/13/1,data/legacy_gt_v1/output_img/13/1/0.jpg,500,500,data/legacy_gt_v1/output_img/13/1/0.npy,500x500x6,data/legacy_gt_v1/output_img/13/1/mask_1.npy,data/legacy_gt_v1/output_img/13/1/mask_2.npy,data/legacy_gt_v1/output_img/13/1/mask_3.npy,data/legacy_gt_v1/output_img/13/1/mask_4.npy,data/legacy_gt_v1/output_img/13/1/mask_5.npy,data/legacy_gt_v1/output_img/13/1/mask_key_point.npy,500x500,500x500,500x500,500x500,500x500,500x500,true,1,
1,legacy_gt_qc_v1,13/2,13,,2,,,data/legacy_gt_v1/output_img/13/2,data/legacy_gt_v1/output_img/13/2/0.jpg,500,500,data/legacy_gt_v1/output_img/13/2/0.npy,500x500x6,data/legacy_gt_v1/output_img/13/2/mask_1.npy,data/legacy_gt_v1/output_img/13/2/mask_2.npy,data/legacy_gt_v1/output_img/13/2/mask_3.npy,data/legacy_gt_v1/output_img/13/2/mask_4.npy,data/legacy_gt_v1/output_img/13/2/mask_5.npy,data/legacy_gt_v1/output_img/13/2/mask_key_point.npy,500x500,500x500,500x500,500x500,500x500,500x500,true,2,
1,legacy_gt_qc_v1,13/3,13,,3,,,data/legacy_gt_v1/output_img/13/3,data/legacy_gt_v1/output_img/13/3/0.jpg,500,500,data/legacy_gt_v1/output_img/13/3/0.npy,500x500x6,data/legacy_gt_v1/output_img/13/3/mask_1.npy,data/legacy_gt_v1/output_img/13/3/mask_2.npy,data/legacy_gt_v1/output_img/13/3/mask_3.npy,data/legacy_gt_v1/output_img/13/3/mask_4.npy,data/legacy_gt_v1/output_img/13/3/mask_5.npy,data/legacy_gt_v1/output_img/13/3/mask_key_point.npy,500x500,500x500,500x500,500x500,500x500,500x500,true,3,
1,legacy_gt_qc_v1,13/4,13,,4,,,data/legacy_gt_v1/output_img/13/4,data/legacy_gt_v1/output_img/13/4/0.jpg,500,500,data/legacy_gt_v1/output_img/13/4/0.npy,500x500x6,data/legacy_gt_v1/output_img/13/4/mask_1.npy,data/legacy_gt_v1/output_img/13/4/mask_2.npy,data/legacy_gt_v1/output_img/13/4/mask_3.npy,data/legacy_gt_v1/output_img/13/4/mask_4.npy,data/legacy_gt_v1/output_img/13/4/mask_5.npy,data/legacy_gt_v1/output_img/13/4/mask_key_point.npy,500x500,500x500,500x500,500x500,500x500,500x500,true,4,
1,legacy_gt_qc_v1,13/5,13,,5,,,data/legacy_gt_v1/output_img/13/5,data/legacy_gt_v1/output_img/13/5/0.jpg,500,500,data/legacy_gt_v1/output_img/13/5/0.npy,500x500x6,data/legacy_gt_v1/output_img/13/5/mask_1.npy,data/legacy_gt_v1/output_img/13/5/mask_2.npy,data/legacy_gt_v1/output_img/13/5/mask_3.npy,data/legacy_gt_v1/output_img/13/5/mask_4.npy,data/legacy_gt_v1/output_img/13/5/mask_5.npy,data/legacy_gt_v1/output_img/13/5/mask_key_point.npy,500x500,500x500,500x500,500x500,500x500,500x500,true,5,
1,legacy_gt_qc_v1,13/6,13,,6,,,data/legacy_gt_v1/output_img/13/6,data/legacy_gt_v1/output_img/13/6/0.jpg,500,500,data/legacy_gt_v1/output_img/13/6/0.npy,500x500x6,data/legacy_gt_v1/output_img/13/6/mask_1.npy,data/legacy_gt_v1/output_img/13/6/mask_2.npy,data/legacy_gt_v1/output_img/13/6/mask_3.npy,data/legacy_gt_v1/output_img/13/6/mask_4.npy,data/legacy_gt_v1/output_img/13/6/mask_5.npy,data/legacy_gt_v1/output_img/13/6/mask_key_point.npy,500x500,500x500,500x500,500x500,500x500,500x500,true,6,
1,legacy_gt_qc_v1,13/7,13,,7,,,data/legacy_gt_v1/output_img/13/7,data/legacy_gt_v1/output_img/13/7/0.jpg,500,500,data/legacy_gt_v1/output_img/13/7/0.npy,500x500x6,data/legacy_gt_v1/output_img/13/7/mask_1.npy,data/legacy_gt_v1/output_img/13/7/mask_2.npy,data/legacy_gt_v1/output_img/13/7/mask_3.npy,data/legacy_gt_v1/output_img/13/7/mask_4.npy,data/legacy_gt_v1/output_img/13/7/mask_5.npy,data/legacy_gt_v1/output_img/13/7/mask_key_point.npy,500x500,500x500,500x500,500x500,500x500,500x500,true,7,
1,legacy_gt_qc_v1,13/8,13,,8,,,data/legacy_gt_v1/output_img/13/8,data/legacy_gt_v1/output_img/13/8/0.jpg,500,500,data/legacy_gt_v1/output_img/13/8/0.npy,500x500x6,data/legacy_gt_v1/output_img/13/8/mask_1.npy,data/legacy_gt_v1/output_img/13/8/mask_2.npy,data/legacy_gt_v1/output_img/13/8/mask_3.npy,data/legacy_gt_v1/output_img/13/8/mask_4.npy,data/legacy_gt_v1/output_img/13/8/mask_5.npy,data/legacy_gt_v1/output_img/13/8/mask_key_point.npy,500x500,500x500,500x500,500x500,500x500,500x500,true,8,
1,legacy_gt_qc_v1,13/9,13,,9,,,data/legacy_gt_v1/output_img/13/9,data/legacy_gt_v1/output_img/13/9/0.jpg,500,500,data/legacy_gt_v1/output_img/13/9/0.npy,500x500x6,data/legacy_gt_v1/output_img/13/9/mask_1.npy,data/legacy_gt_v1/output_img/13/9/mask_2.npy,data/legacy_gt_v1/output_img/13/9/mask_3.npy,data/legacy_gt_v1/output_img/13/9/mask_4.npy,data/legacy_gt_v1/output_img/13/9/mask_5.npy,data/legacy_gt_v1/output_img/13/9/mask_key_point.npy,500x500,500x500,500x500,500x500,500x500,500x500,true,9,
1,legacy_gt_qc_v1,13/10,13,,10,,,data/legacy_gt_v1/output_img/13/10,data/legacy_gt_v1/output_img/13/10/0.jpg,500,500,data/legacy_gt_v1/output_img/13/10/0.npy,500x500x6,data/legacy_gt_v1/output_img/13/10/mask_1.npy,data/legacy_gt_v1/output_img/13/10/mask_2.npy,data/legacy_gt_v1/output_img/13/10/mask_3.npy,data/legacy_gt_v1/output_img/13/10/mask_4.npy,data/legacy_gt_v1/output_img/13/10/mask_5.npy,data/legacy_gt_v1/output_img/13/10/mask_key_point.npy,500x500,500x500,500x500,500x500,500x500,500x500,true,10,
1,legacy_gt_qc_v1,13/11,13,,11,,,data/legacy_gt_v1/output_img/13/11,data/legacy_gt_v1/output_img/13/11/0.jpg,500,500,data/legacy_gt_v1/output_img/13/11/0.npy,500x500x6,data/legacy_gt_v1/output_img/13/11/mask_1.npy,data/legacy_gt_v1/output_img/13/11/mask_2.npy,data/legacy_gt_v1/output_img/13/11/mask_3.npy,data/legacy_gt_v1/output_img/13/11/mask_4.npy,data/legacy_gt_v1/output_img/13/11/mask_5.npy,data/legacy_gt_v1/output_img/13/11/mask_key_point.npy,500x500,500x500,500x500,500x500,500x500,500x500,true,11,
1,legacy_gt_qc_v1,13/12,13,,12,,,data/legacy_gt_v1/output_img/13/12,data/legacy_gt_v1/output_img/13/12/0.jpg,500,500,data/legacy_gt_v1/output_img/13/12/0.npy,500x500x6,data/legacy_gt_v1/output_img/13/12/mask_1.npy,data/legacy_gt_v1/output_img/13/12/mask_2.npy,data/legacy_gt_v1/output_img/13/12/mask_3.npy,data/legacy_gt_v1/output_img/13/12/mask_4.npy,data/legacy_gt_v1/output_img/13/12/mask_5.npy,data/legacy_gt_v1/output_img/13/12/mask_key_point.npy,500x500,500x500,500x500,500x500,500x500,500x500,true,12,
1,legacy_gt_qc_v1,13/13,13,,13,,,data/legacy_gt_v1/output_img/13/13,data/legacy_gt_v1/output_img/13/13/0.jpg,500,500,data/legacy_gt_v1/output_img/13/13/0.npy,500x500x6,data/legacy_gt_v1/output_img/13/13/mask_1.npy,data/legacy_gt_v1/output_img/13/13/mask_2.npy,data/legacy_gt_v1/output_img/13/13/mask_3.npy,data/legacy_gt_v1/output_img/13/13/mask_4.npy,data/legacy_gt_v1/output_img/13/13/mask_5.npy,data/legacy_gt_v1/output_img/13/13/mask_key_point.npy,500x500,500x500,500x500,500x500,500x500,500x500,true,13,
1,legacy_gt_qc_v1,13/15,13,,15,,,data/legacy_gt_v1/output_img/13/15,data/legacy_gt_v1/output_img/13/15/0.jpg,500,500,data/legacy_gt_v1/output_img/13/15/0.npy,500x500x6,data/legacy_gt_v1/output_img/13/15/mask_1.npy,data/legacy_gt_v1/output_img/13/15/mask_2.npy,data/legacy_gt_v1/output_img/13/15/mask_3.npy,data/legacy_gt_v1/output_img/13/15/mask_4.npy,data/legacy_gt_v1/output_img/13/15/mask_5.npy,data/legacy_gt_v1/output_img/13/15/mask_key_point.npy,500x500,500x500,500x500,500x500,500x500,500x500,true,15,
1,legacy_gt_qc_v1,13/16,13,,16,,,data/legacy_gt_v1/output_img/13/16,data/legacy_gt_v1/output_img/13/16/0.jpg,500,500,data/legacy_gt_v1/output_img/13/16/0.npy,500x500x6,data/legacy_gt_v1/output_img/13/16/mask_1.npy,data/legacy_gt_v1/output_img/13/16/mask_2.npy,data/legacy_gt_v1/output_img/13/16/mask_3.npy,data/legacy_gt_v1/output_img/13/16/mask_4.npy,data/legacy_gt_v1/output_img/13/16/mask_5.npy,data/legacy_gt_v1/output_img/13/16/mask_key_point.npy,500x500,500x500,500x500,500x500,500x500,500x500,true,16,
1,legacy_gt_qc_v1,13/17,13,,17,,,data/legacy_gt_v1/output_img/13/17,data/legacy_gt_v1/output_img/13/17/0.jpg,500,500,data/legacy_gt_v1/output_img/13/17/0.npy,500x500x6,data/legacy_gt_v1/output_img/13/17/mask_1.npy,data/legacy_gt_v1/output_img/13/17/mask_2.npy,data/legacy_gt_v1/output_img/13/17/mask_3.npy,data/legacy_gt_v1/output_img/13/17/mask_4.npy,data/legacy_gt_v1/output_img/13/17/mask_5.npy,data/legacy_gt_v1/output_img/13/17/mask_key_point.npy,500x500,500x500,500x500,500x500,500x500,500x500,true,17,
1,legacy_gt_qc_v1,13/18,13,,18,,,data/legacy_gt_v1/output_img/13/18,data/legacy_gt_v1/output_img/13/18/0.jpg,500,500,data/legacy_gt_v1/output_img/13/18/0.npy,500x500x6,data/legacy_gt_v1/output_img/13/18/mask_1.npy,data/legacy_gt_v1/output_img/13/18/mask_2.npy,data/legacy_gt_v1/output_img/13/18/mask_3.npy,data/legacy_gt_v1/output_img/13/18/mask_4.npy,data/legacy_gt_v1/output_img/13/18/mask_5.npy,data/legacy_gt_v1/output_img/13/18/mask_key_point.npy,500x500,500x500,500x500,500x500,500x500,500x500,true,18,
1,legacy_gt_qc_v1,13/19,13,,19,,,data/legacy_gt_v1/output_img/13/19,data/legacy_gt_v1/output_img/13/19/0.jpg,500,500,data/legacy_gt_v1/output_img/13/19/0.npy,500x500x6,data/legacy_gt_v1/output_img/13/19/mask_1.npy,data/legacy_gt_v1/output_img/13/19/mask_2.npy,data/legacy_gt_v1/output_img/13/19/mask_3.npy,data/legacy_gt_v1/output_img/13/19/mask_4.npy,data/legacy_gt_v1/output_img/13/19/mask_5.npy,data/legacy_gt_v1/output_img/13/19/mask_key_point.npy,500x500,500x500,500x500,500x500,500x500,500x500,true,19,
1,legacy_gt_qc_v1,13/20,13,,20,,,data/legacy_gt_v1/output_img/13/20,data/legacy_gt_v1/output_img/13/20/0.jpg,500,500,data/legacy_gt_v1/output_img/13/20/0.npy,500x500x6,data/legacy_gt_v1/output_img/13/20/mask_1.npy,data/legacy_gt_v1/output_img/13/20/mask_2.npy,data/legacy_gt_v1/output_img/13/20/mask_3.npy,data/legacy_gt_v1/output_img/13/20/mask_4.npy,data/legacy_gt_v1/output_img/13/20/mask_5.npy,data/legacy_gt_v1/output_img/13/20/mask_key_point.npy,500x500,500x500,500x500,500x500,500x500,500x500,true,20,
1,legacy_gt_qc_v1,14/0,14,,0,,,data/legacy_gt_v1/output_img/14/0,data/legacy_gt_v1/output_img/14/0/0.jpg,500,500,data/legacy_gt_v1/output_img/14/0/0.npy,500x500x6,data/legacy_gt_v1/output_img/14/0/mask_1.npy,data/legacy_gt_v1/output_img/14/0/mask_2.npy,data/legacy_gt_v1/output_img/14/0/mask_3.npy,data/legacy_gt_v1/output_img/14/0/mask_4.npy,data/legacy_gt_v1/output_img/14/0/mask_5.npy,data/legacy_gt_v1/output_img/14/0/mask_key_point.npy,500x500,500x500,500x500,500x500,500x500,500x500,true,14/0,
1,legacy_gt_qc_v1,14/1,14,,1,,,data/legacy_gt_v1/output_img/14/1,data/legacy_gt_v1/output_img/14/1/0.jpg,500,500,data/legacy_gt_v1/output_img/14/1/0.npy,500x500x6,data/legacy_gt_v1/output_img/14/1/mask_1.npy,data/legacy_gt_v1/output_img/14/1/mask_2.npy,data/legacy_gt_v1/output_img/14/1/mask_3.npy,data/legacy_gt_v1/output_img/14/1/mask_4.npy,data/legacy_gt_v1/output_img/14/1/mask_5.npy,data/legacy_gt_v1/output_img/14/1/mask_key_point.npy,500x500,500x500,500x500,500x500,500x500,500x500,true,1,
1,legacy_gt_qc_v1,14/2,14,,2,,,data/legacy_gt_v1/output_img/14/2,data/legacy_gt_v1/output_img/14/2/0.jpg,500,500,data/legacy_gt_v1/output_img/14/2/0.npy,500x500x6,data/legacy_gt_v1/output_img/14/2/mask_1.npy,data/legacy_gt_v1/output_img/14/2/mask_2.npy,data/legacy_gt_v1/output_img/14/2/mask_3.npy,data/legacy_gt_v1/output_img/14/2/mask_4.npy,data/legacy_gt_v1/output_img/14/2/mask_5.npy,data/legacy_gt_v1/output_img/14/2/mask_key_point.npy,500x500,500x500,500x500,500x500,500x500,500x500,true,2,
1,legacy_gt_qc_v1,14/3,14,,3,,,data/legacy_gt_v1/output_img/14/3,data/legacy_gt_v1/output_img/14/3/0.jpg,500,500,data/legacy_gt_v1/output_img/14/3/0.npy,500x500x6,data/legacy_gt_v1/output_img/14/3/mask_1.npy,data/legacy_gt_v1/output_img/14/3/mask_2.npy,data/legacy_gt_v1/output_img/14/3/mask_3.npy,data/legacy_gt_v1/output_img/14/3/mask_4.npy,data/legacy_gt_v1/output_img/14/3/mask_5.npy,data/legacy_gt_v1/output_img/14/3/mask_key_point.npy,500x500,500x500,500x500,500x500,500x500,500x500,true,3,
1,legacy_gt_qc_v1,14/4,14,,4,,,data/legacy_gt_v1/output_img/14/4,data/legacy_gt_v1/output_img/14/4/0.jpg,500,500,data/legacy_gt_v1/output_img/14/4/0.npy,500x500x6,data/legacy_gt_v1/output_img/14/4/mask_1.npy,data/legacy_gt_v1/output_img/14/4/mask_2.npy,data/legacy_gt_v1/output_img/14/4/mask_3.npy,data/legacy_gt_v1/output_img/14/4/mask_4.npy,data/legacy_gt_v1/output_img/14/4/mask_5.npy,data/legacy_gt_v1/output_img/14/4/mask_key_point.npy,500x500,500x500,500x500,500x500,500x500,500x500,true,4,
1,legacy_gt_qc_v1,14/5,14,,5,,,data/legacy_gt_v1/output_img/14/5,data/legacy_gt_v1/output_img/14/5/0.jpg,500,500,data/legacy_gt_v1/output_img/14/5/0.npy,500x500x6,data/legacy_gt_v1/output_img/14/5/mask_1.npy,data/legacy_gt_v1/output_img/14/5/mask_2.npy,data/legacy_gt_v1/output_img/14/5/mask_3.npy,data/legacy_gt_v1/output_img/14/5/mask_4.npy,data/legacy_gt_v1/output_img/14/5/mask_5.npy,data/legacy_gt_v1/output_img/14/5/mask_key_point.npy,500x500,500x500,500x500,500x500,500x500,500x500,true,5,
1,legacy_gt_qc_v1,14/6,14,,6,,,data/legacy_gt_v1/output_img/14/6,data/legacy_gt_v1/output_img/14/6/0.jpg,500,500,data/legacy_gt_v1/output_img/14/6/0.npy,500x500x6,data/legacy_gt_v1/output_img/14/6/mask_1.npy,data/legacy_gt_v1/output_img/14/6/mask_2.npy,data/legacy_gt_v1/output_img/14/6/mask_3.npy,data/legacy_gt_v1/output_img/14/6/mask_4.npy,data/legacy_gt_v1/output_img/14/6/mask_5.npy,data/legacy_gt_v1/output_img/14/6/mask_key_point.npy,500x500,500x500,500x500,500x500,500x500,500x500,true,6,
1,legacy_gt_qc_v1,14/7,14,,7,,,data/legacy_gt_v1/output_img/14/7,data/legacy_gt_v1/output_img/14/7/0.jpg,500,500,data/legacy_gt_v1/output_img/14/7/0.npy,500x500x6,data/legacy_gt_v1/output_img/14/7/mask_1.npy,data/legacy_gt_v1/output_img/14/7/mask_2.npy,data/legacy_gt_v1/output_img/14/7/mask_3.npy,data/legacy_gt_v1/output_img/14/7/mask_4.npy,data/legacy_gt_v1/output_img/14/7/mask_5.npy,data/legacy_gt_v1/output_img/14/7/mask_key_point.npy,500x500,500x500,500x500,500x500,500x500,500x500,true,7,
1,legacy_gt_qc_v1,14/8,14,,8,,,data/legacy_gt_v1/output_img/14/8,data/legacy_gt_v1/output_img/14/8/0.jpg,500,500,data/legacy_gt_v1/output_img/14/8/0.npy,500x500x6,data/legacy_gt_v1/output_img/14/8/mask_1.npy,data/legacy_gt_v1/output_img/14/8/mask_2.npy,data/legacy_gt_v1/output_img/14/8/mask_3.npy,data/legacy_gt_v1/output_img/14/8/mask_4.npy,data/legacy_gt_v1/output_img/14/8/mask_5.npy,data/legacy_gt_v1/output_img/14/8/mask_key_point.npy,500x500,500x500,500x500,500x500,500x500,500x500,true,8,
1,legacy_gt_qc_v1,14/9,14,,9,,,data/legacy_gt_v1/output_img/14/9,data/legacy_gt_v1/output_img/14/9/0.jpg,500,500,data/legacy_gt_v1/output_img/14/9/0.npy,500x500x6,data/legacy_gt_v1/output_img/14/9/mask_1.npy,data/legacy_gt_v1/output_img/14/9/mask_2.npy,data/legacy_gt_v1/output_img/14/9/mask_3.npy,data/legacy_gt_v1/output_img/14/9/mask_4.npy,data/legacy_gt_v1/output_img/14/9/mask_5.npy,data/legacy_gt_v1/output_img/14/9/mask_key_point.npy,500x500,500x500,500x500,500x500,500x500,500x500,true,9,
1,legacy_gt_qc_v1,14/10,14,,10,,,data/legacy_gt_v1/output_img/14/10,data/legacy_gt_v1/output_img/14/10/0.jpg,500,500,data/legacy_gt_v1/output_img/14/10/0.npy,500x500x6,data/legacy_gt_v1/output_img/14/10/mask_1.npy,data/legacy_gt_v1/output_img/14/10/mask_2.npy,data/legacy_gt_v1/output_img/14/10/mask_3.npy,data/legacy_gt_v1/output_img/14/10/mask_4.npy,data/legacy_gt_v1/output_img/14/10/mask_5.npy,data/legacy_gt_v1/output_img/14/10/mask_key_point.npy,500x500,500x500,500x500,500x500,500x500,500x500,true,10,
1,legacy_gt_qc_v1,14/11,14,,11,,,data/legacy_gt_v1/output_img/14/11,data/legacy_gt_v1/output_img/14/11/0.jpg,500,500,data/legacy_gt_v1/output_img/14/11/0.npy,500x500x6,data/legacy_gt_v1/output_img/14/11/mask_1.npy,data/legacy_gt_v1/output_img/14/11/mask_2.npy,data/legacy_gt_v1/output_img/14/11/mask_3.npy,data/legacy_gt_v1/output_img/14/11/mask_4.npy,data/legacy_gt_v1/output_img/14/11/mask_5.npy,data/legacy_gt_v1/output_img/14/11/mask_key_point.npy,500x500,500x500,500x500,500x500,500x500,500x500,true,11,
1,legacy_gt_qc_v1,14/12,14,,12,,,data/legacy_gt_v1/output_img/14/12,data/legacy_gt_v1/output_img/14/12/0.jpg,500,500,data/legacy_gt_v1/output_img/14/12/0.npy,500x500x6,data/legacy_gt_v1/output_img/14/12/mask_1.npy,data/legacy_gt_v1/output_img/14/12/mask_2.npy,data/legacy_gt_v1/output_img/14/12/mask_3.npy,data/legacy_gt_v1/output_img/14/12/mask_4.npy,data/legacy_gt_v1/output_img/14/12/mask_5.npy,data/legacy_gt_v1/output_img/14/12/mask_key_point.npy,500x500,500x500,500x500,500x500,500x500,500x500,true,12,
1,legacy_gt_qc_v1,14/13,14,,13,,,data/legacy_gt_v1/output_img/14/13,data/legacy_gt_v1/output_img/14/13/0.jpg,500,500,data/legacy_gt_v1/output_img/14/13/0.npy,500x500x6,data/legacy_gt_v1/output_img/14/13/mask_1.npy,data/legacy_gt_v1/output_img/14/13/mask_2.npy,data/legacy_gt_v1/output_img/14/13/mask_3.npy,data/legacy_gt_v1/output_img/14/13/mask_4.npy,data/legacy_gt_v1/output_img/14/13/mask_5.npy,data/legacy_gt_v1/output_img/14/13/mask_key_point.npy,500x500,500x500,500x500,500x500,500x500,500x500,true,13,
1,legacy_gt_qc_v1,14/15,14,,15,,,data/legacy_gt_v1/output_img/14/15,data/legacy_gt_v1/output_img/14/15/0.jpg,500,500,data/legacy_gt_v1/output_img/14/15/0.npy,500x500x6,data/legacy_gt_v1/output_img/14/15/mask_1.npy,data/legacy_gt_v1/output_img/14/15/mask_2.npy,data/legacy_gt_v1/output_img/14/15/mask_3.npy,data/legacy_gt_v1/output_img/14/15/mask_4.npy,data/legacy_gt_v1/output_img/14/15/mask_5.npy,data/legacy_gt_v1/output_img/14/15/mask_key_point.npy,500x500,500x500,500x500,500x500,500x500,500x500,true,15,
1,legacy_gt_qc_v1,14/16,14,,16,,,data/legacy_gt_v1/output_img/14/16,data/legacy_gt_v1/output_img/14/16/0.jpg,500,500,data/legacy_gt_v1/output_img/14/16/0.npy,500x500x6,data/legacy_gt_v1/output_img/14/16/mask_1.npy,data/legacy_gt_v1/output_img/14/16/mask_2.npy,data/legacy_gt_v1/output_img/14/16/mask_3.npy,data/legacy_gt_v1/output_img/14/16/mask_4.npy,data/legacy_gt_v1/output_img/14/16/mask_5.npy,data/legacy_gt_v1/output_img/14/16/mask_key_point.npy,500x500,500x500,500x500,500x500,500x500,500x500,true,16,
1,legacy_gt_qc_v1,14/17,14,,17,,,data/legacy_gt_v1/output_img/14/17,data/legacy_gt_v1/output_img/14/17/0.jpg,500,500,data/legacy_gt_v1/output_img/14/17/0.npy,500x500x6,data/legacy_gt_v1/output_img/14/17/mask_1.npy,data/legacy_gt_v1/output_img/14/17/mask_2.npy,data/legacy_gt_v1/output_img/14/17/mask_3.npy,data/legacy_gt_v1/output_img/14/17/mask_4.npy,data/legacy_gt_v1/output_img/14/17/mask_5.npy,data/legacy_gt_v1/output_img/14/17/mask_key_point.npy,500x500,500x500,500x500,500x500,500x500,500x500,true,17,
1,legacy_gt_qc_v1,14/18,14,,18,,,data/legacy_gt_v1/output_img/14/18,data/legacy_gt_v1/output_img/14/18/0.jpg,500,500,data/legacy_gt_v1/output_img/14/18/0.npy,500x500x6,data/legacy_gt_v1/output_img/14/18/mask_1.npy,data/legacy_gt_v1/output_img/14/18/mask_2.npy,data/legacy_gt_v1/output_img/14/18/mask_3.npy,data/legacy_gt_v1/output_img/14/18/mask_4.npy,data/legacy_gt_v1/output_img/14/18/mask_5.npy,data/legacy_gt_v1/output_img/14/18/mask_key_point.npy,500x500,500x500,500x500,500x500,500x500,500x500,true,18,
1,legacy_gt_qc_v1,14/19,14,,19,,,data/legacy_gt_v1/output_img/14/19,data/legacy_gt_v1/output_img/14/19/0.jpg,500,500,data/legacy_gt_v1/output_img/14/19/0.npy,500x500x6,data/legacy_gt_v1/output_img/14/19/mask_1.npy,data/legacy_gt_v1/output_img/14/19/mask_2.npy,data/legacy_gt_v1/output_img/14/19/mask_3.npy,data/legacy_gt_v1/output_img/14/19/mask_4.npy,data/legacy_gt_v1/output_img/14/19/mask_5.npy,data/legacy_gt_v1/output_img/14/19/mask_key_point.npy,500x500,500x500,500x500,500x500,500x500,500x500,true,19,
1,legacy_gt_qc_v1,14/20,14,,20,,,data/legacy_gt_v1/output_img/14/20,data/legacy_gt_v1/output_img/14/20/0.jpg,500,500,data/legacy_gt_v1/output_img/14/20/0.npy,500x500x6,data/legacy_gt_v1/output_img/14/20/mask_1.npy,data/legacy_gt_v1/output_img/14/20/mask_2.npy,data/legacy_gt_v1/output_img/14/20/mask_3.npy,data/legacy_gt_v1/output_img/14/20/mask_4.npy,data/legacy_gt_v1/output_img/14/20/mask_5.npy,data/legacy_gt_v1/output_img/14/20/mask_key_point.npy,500x500,500x500,500x500,500x500,500x500,500x500,true,20,
1,legacy_gt_qc_v1,15/0,15,,0,,,data/legacy_gt_v1/output_img/15/0,data/legacy_gt_v1/output_img/15/0/0.jpg,500,500,data/legacy_gt_v1/output_img/15/0/0.npy,500x500x6,data/legacy_gt_v1/output_img/15/0/mask_1.npy,data/legacy_gt_v1/output_img/15/0/mask_2.npy,data/legacy_gt_v1/output_img/15/0/mask_3.npy,data/legacy_gt_v1/output_img/15/0/mask_4.npy,data/legacy_gt_v1/output_img/15/0/mask_5.npy,data/legacy_gt_v1/output_img/15/0/mask_key_point.npy,500x500,500x500,500x500,500x500,500x500,500x500,true,15/0,
1,legacy_gt_qc_v1,15/1,15,,1,,,data/legacy_gt_v1/output_img/15/1,data/legacy_gt_v1/output_img/15/1/0.jpg,500,500,data/legacy_gt_v1/output_img/15/1/0.npy,500x500x6,data/legacy_gt_v1/output_img/15/1/mask_1.npy,data/legacy_gt_v1/output_img/15/1/mask_2.npy,data/legacy_gt_v1/output_img/15/1/mask_3.npy,data/legacy_gt_v1/output_img/15/1/mask_4.npy,data/legacy_gt_v1/output_img/15/1/mask_5.npy,data/legacy_gt_v1/output_img/15/1/mask_key_point.npy,500x500,500x500,500x500,500x500,500x500,500x500,true,1,
1,legacy_gt_qc_v1,15/2,15,,2,,,data/legacy_gt_v1/output_img/15/2,data/legacy_gt_v1/output_img/15/2/0.jpg,500,500,data/legacy_gt_v1/output_img/15/2/0.npy,500x500x6,data/legacy_gt_v1/output_img/15/2/mask_1.npy,data/legacy_gt_v1/output_img/15/2/mask_2.npy,data/legacy_gt_v1/output_img/15/2/mask_3.npy,data/legacy_gt_v1/output_img/15/2/mask_4.npy,data/legacy_gt_v1/output_img/15/2/mask_5.npy,data/legacy_gt_v1/output_img/15/2/mask_key_point.npy,500x500,500x500,500x500,500x500,500x500,500x500,true,2,
1,legacy_gt_qc_v1,15/3,15,,3,,,data/legacy_gt_v1/output_img/15/3,data/legacy_gt_v1/output_img/15/3/0.jpg,500,500,data/legacy_gt_v1/output_img/15/3/0.npy,500x500x6,data/legacy_gt_v1/output_img/15/3/mask_1.npy,data/legacy_gt_v1/output_img/15/3/mask_2.npy,data/legacy_gt_v1/output_img/15/3/mask_3.npy,data/legacy_gt_v1/output_img/15/3/mask_4.npy,data/legacy_gt_v1/output_img/15/3/mask_5.npy,data/legacy_gt_v1/output_img/15/3/mask_key_point.npy,500x500,500x500,500x500,500x500,500x500,500x500,true,3,
1,legacy_gt_qc_v1,15/4,15,,4,,,data/legacy_gt_v1/output_img/15/4,data/legacy_gt_v1/output_img/15/4/0.jpg,500,500,data/legacy_gt_v1/output_img/15/4/0.npy,500x500x6,data/legacy_gt_v1/output_img/15/4/mask_1.npy,data/legacy_gt_v1/output_img/15/4/mask_2.npy,data/legacy_gt_v1/output_img/15/4/mask_3.npy,data/legacy_gt_v1/output_img/15/4/mask_4.npy,data/legacy_gt_v1/output_img/15/4/mask_5.npy,data/legacy_gt_v1/output_img/15/4/mask_key_point.npy,500x500,500x500,500x500,500x500,500x500,500x500,true,4,
1,legacy_gt_qc_v1,15/5,15,,5,,,data/legacy_gt_v1/output_img/15/5,data/legacy_gt_v1/output_img/15/5/0.jpg,500,500,data/legacy_gt_v1/output_img/15/5/0.npy,500x500x6,data/legacy_gt_v1/output_img/15/5/mask_1.npy,data/legacy_gt_v1/output_img/15/5/mask_2.npy,data/legacy_gt_v1/output_img/15/5/mask_3.npy,data/legacy_gt_v1/output_img/15/5/mask_4.npy,data/legacy_gt_v1/output_img/15/5/mask_5.npy,data/legacy_gt_v1/output_img/15/5/mask_key_point.npy,500x500,500x500,500x500,500x500,500x500,500x500,true,5,
1,legacy_gt_qc_v1,15/6,15,,6,,,data/legacy_gt_v1/output_img/15/6,data/legacy_gt_v1/output_img/15/6/0.jpg,500,500,data/legacy_gt_v1/output_img/15/6/0.npy,500x500x6,data/legacy_gt_v1/output_img/15/6/mask_1.npy,data/legacy_gt_v1/output_img/15/6/mask_2.npy,data/legacy_gt_v1/output_img/15/6/mask_3.npy,data/legacy_gt_v1/output_img/15/6/mask_4.npy,data/legacy_gt_v1/output_img/15/6/mask_5.npy,data/legacy_gt_v1/output_img/15/6/mask_key_point.npy,500x500,500x500,500x500,500x500,500x500,500x500,true,6,
1,legacy_gt_qc_v1,15/7,15,,7,,,data/legacy_gt_v1/output_img/15/7,data/legacy_gt_v1/output_img/15/7/0.jpg,500,500,data/legacy_gt_v1/output_img/15/7/0.npy,500x500x6,data/legacy_gt_v1/output_img/15/7/mask_1.npy,data/legacy_gt_v1/output_img/15/7/mask_2.npy,data/legacy_gt_v1/output_img/15/7/mask_3.npy,data/legacy_gt_v1/output_img/15/7/mask_4.npy,data/legacy_gt_v1/output_img/15/7/mask_5.npy,data/legacy_gt_v1/output_img/15/7/mask_key_point.npy,500x500,500x500,500x500,500x500,500x500,500x500,true,7,
1,legacy_gt_qc_v1,15/8,15,,8,,,data/legacy_gt_v1/output_img/15/8,data/legacy_gt_v1/output_img/15/8/0.jpg,500,500,data/legacy_gt_v1/output_img/15/8/0.npy,500x500x6,data/legacy_gt_v1/output_img/15/8/mask_1.npy,data/legacy_gt_v1/output_img/15/8/mask_2.npy,data/legacy_gt_v1/output_img/15/8/mask_3.npy,data/legacy_gt_v1/output_img/15/8/mask_4.npy,data/legacy_gt_v1/output_img/15/8/mask_5.npy,data/legacy_gt_v1/output_img/15/8/mask_key_point.npy,500x500,500x500,500x500,500x500,500x500,500x500,true,8,
1,legacy_gt_qc_v1,15/9,15,,9,,,data/legacy_gt_v1/output_img/15/9,data/legacy_gt_v1/output_img/15/9/0.jpg,500,500,data/legacy_gt_v1/output_img/15/9/0.npy,500x500x6,data/legacy_gt_v1/output_img/15/9/mask_1.npy,data/legacy_gt_v1/output_img/15/9/mask_2.npy,data/legacy_gt_v1/output_img/15/9/mask_3.npy,data/legacy_gt_v1/output_img/15/9/mask_4.npy,data/legacy_gt_v1/output_img/15/9/mask_5.npy,data/legacy_gt_v1/output_img/15/9/mask_key_point.npy,500x500,500x500,500x500,500x500,500x500,500x500,true,9,
1,legacy_gt_qc_v1,15/10,15,,10,,,data/legacy_gt_v1/output_img/15/10,data/legacy_gt_v1/output_img/15/10/0.jpg,500,500,data/legacy_gt_v1/output_img/15/10/0.npy,500x500x6,data/legacy_gt_v1/output_img/15/10/mask_1.npy,data/legacy_gt_v1/output_img/15/10/mask_2.npy,data/legacy_gt_v1/output_img/15/10/mask_3.npy,data/legacy_gt_v1/output_img/15/10/mask_4.npy,data/legacy_gt_v1/output_img/15/10/mask_5.npy,data/legacy_gt_v1/output_img/15/10/mask_key_point.npy,500x500,500x500,500x500,500x500,500x500,500x500,true,10,
1,legacy_gt_qc_v1,15/11,15,,11,,,data/legacy_gt_v1/output_img/15/11,data/legacy_gt_v1/output_img/15/11/0.jpg,500,500,data/legacy_gt_v1/output_img/15/11/0.npy,500x500x6,data/legacy_gt_v1/output_img/15/11/mask_1.npy,data/legacy_gt_v1/output_img/15/11/mask_2.npy,data/legacy_gt_v1/output_img/15/11/mask_3.npy,data/legacy_gt_v1/output_img/15/11/mask_4.npy,data/legacy_gt_v1/output_img/15/11/mask_5.npy,data/legacy_gt_v1/output_img/15/11/mask_key_point.npy,500x500,500x500,500x500,500x500,500x500,500x500,true,11,
1,legacy_gt_qc_v1,15/12,15,,12,,,data/legacy_gt_v1/output_img/15/12,data/legacy_gt_v1/output_img/15/12/0.jpg,500,500,data/legacy_gt_v1/output_img/15/12/0.npy,500x500x6,data/legacy_gt_v1/output_img/15/12/mask_1.npy,data/legacy_gt_v1/output_img/15/12/mask_2.npy,data/legacy_gt_v1/output_img/15/12/mask_3.npy,data/legacy_gt_v1/output_img/15/12/mask_4.npy,data/legacy_gt_v1/output_img/15/12/mask_5.npy,data/legacy_gt_v1/output_img/15/12/mask_key_point.npy,500x500,500x500,500x500,500x500,500x500,500x500,true,12,
1,legacy_gt_qc_v1,15/13,15,,13,,,data/legacy_gt_v1/output_img/15/13,data/legacy_gt_v1/output_img/15/13/0.jpg,500,500,data/legacy_gt_v1/output_img/15/13/0.npy,500x500x6,data/legacy_gt_v1/output_img/15/13/mask_1.npy,data/legacy_gt_v1/output_img/15/13/mask_2.npy,data/legacy_gt_v1/output_img/15/13/mask_3.npy,data/legacy_gt_v1/output_img/15/13/mask_4.npy,data/legacy_gt_v1/output_img/15/13/mask_5.npy,data/legacy_gt_v1/output_img/15/13/mask_key_point.npy,500x500,500x500,500x500,500x500,500x500,500x500,true,13,
1,legacy_gt_qc_v1,15/15,15,,15,,,data/legacy_gt_v1/output_img/15/15,data/legacy_gt_v1/output_img/15/15/0.jpg,500,500,data/legacy_gt_v1/output_img/15/15/0.npy,500x500x6,data/legacy_gt_v1/output_img/15/15/mask_1.npy,data/legacy_gt_v1/output_img/15/15/mask_2.npy,data/legacy_gt_v1/output_img/15/15/mask_3.npy,data/legacy_gt_v1/output_img/15/15/mask_4.npy,data/legacy_gt_v1/output_img/15/15/mask_5.npy,data/legacy_gt_v1/output_img/15/15/mask_key_point.npy,500x500,500x500,500x500,500x500,500x500,500x500,true,15,
1,legacy_gt_qc_v1,15/16,15,,16,,,data/legacy_gt_v1/output_img/15/16,data/legacy_gt_v1/output_img/15/16/0.jpg,500,500,data/legacy_gt_v1/output_img/15/16/0.npy,500x500x6,data/legacy_gt_v1/output_img/15/16/mask_1.npy,data/legacy_gt_v1/output_img/15/16/mask_2.npy,data/legacy_gt_v1/output_img/15/16/mask_3.npy,data/legacy_gt_v1/output_img/15/16/mask_4.npy,data/legacy_gt_v1/output_img/15/16/mask_5.npy,data/legacy_gt_v1/output_img/15/16/mask_key_point.npy,500x500,500x500,500x500,500x500,500x500,500x500,true,16,
1,legacy_gt_qc_v1,15/17,15,,17,,,data/legacy_gt_v1/output_img/15/17,data/legacy_gt_v1/output_img/15/17/0.jpg,500,500,data/legacy_gt_v1/output_img/15/17/0.npy,500x500x6,data/legacy_gt_v1/output_img/15/17/mask_1.npy,data/legacy_gt_v1/output_img/15/17/mask_2.npy,data/legacy_gt_v1/output_img/15/17/mask_3.npy,data/legacy_gt_v1/output_img/15/17/mask_4.npy,data/legacy_gt_v1/output_img/15/17/mask_5.npy,data/legacy_gt_v1/output_img/15/17/mask_key_point.npy,500x500,500x500,500x500,500x500,500x500,500x500,true,17,
1,legacy_gt_qc_v1,15/18,15,,18,,,data/legacy_gt_v1/output_img/15/18,data/legacy_gt_v1/output_img/15/18/0.jpg,500,500,data/legacy_gt_v1/output_img/15/18/0.npy,500x500x6,data/legacy_gt_v1/output_img/15/18/mask_1.npy,data/legacy_gt_v1/output_img/15/18/mask_2.npy,data/legacy_gt_v1/output_img/15/18/mask_3.npy,data/legacy_gt_v1/output_img/15/18/mask_4.npy,data/legacy_gt_v1/output_img/15/18/mask_5.npy,data/legacy_gt_v1/output_img/15/18/mask_key_point.npy,500x500,500x500,500x500,500x500,500x500,500x500,true,18,
1,legacy_gt_qc_v1,15/19,15,,19,,,data/legacy_gt_v1/output_img/15/19,data/legacy_gt_v1/output_img/15/19/0.jpg,500,500,data/legacy_gt_v1/output_img/15/19/0.npy,500x500x6,data/legacy_gt_v1/output_img/15/19/mask_1.npy,data/legacy_gt_v1/output_img/15/19/mask_2.npy,data/legacy_gt_v1/output_img/15/19/mask_3.npy,data/legacy_gt_v1/output_img/15/19/mask_4.npy,data/legacy_gt_v1/output_img/15/19/mask_5.npy,data/legacy_gt_v1/output_img/15/19/mask_key_point.npy,500x500,500x500,500x500,500x500,500x500,500x500,true,19,
1,legacy_gt_qc_v1,15/20,15,,20,,,data/legacy_gt_v1/output_img/15/20,data/legacy_gt_v1/output_img/15/20/0.jpg,500,500,data/legacy_gt_v1/output_img/15/20/0.npy,500x500x6,data/legacy_gt_v1/output_img/15/20/mask_1.npy,data/legacy_gt_v1/output_img/15/20/mask_2.npy,data/legacy_gt_v1/output_img/15/20/mask_3.npy,data/legacy_gt_v1/output_img/15/20/mask_4.npy,data/legacy_gt_v1/output_img/15/20/mask_5.npy,data/legacy_gt_v1/output_img/15/20/mask_key_point.npy,500x500,500x500,500x500,500x500,500x500,500x500,true,20,
1,legacy_gt_qc_v1,16/0,16,,0,,,data/legacy_gt_v1/output_img/16/0,data/legacy_gt_v1/output_img/16/0/0.jpg,500,500,data/legacy_gt_v1/output_img/16/0/0.npy,500x500x6,data/legacy_gt_v1/output_img/16/0/mask_1.npy,data/legacy_gt_v1/output_img/16/0/mask_2.npy,data/legacy_gt_v1/output_img/16/0/mask_3.npy,data/legacy_gt_v1/output_img/16/0/mask_4.npy,data/legacy_gt_v1/output_img/16/0/mask_5.npy,data/legacy_gt_v1/output_img/16/0/mask_key_point.npy,500x500,500x500,500x500,500x500,500x500,500x500,true,16/0,
1,legacy_gt_qc_v1,16/1,16,,1,,,data/legacy_gt_v1/output_img/16/1,data/legacy_gt_v1/output_img/16/1/0.jpg,500,500,data/legacy_gt_v1/output_img/16/1/0.npy,500x500x6,data/legacy_gt_v1/output_img/16/1/mask_1.npy,data/legacy_gt_v1/output_img/16/1/mask_2.npy,data/legacy_gt_v1/output_img/16/1/mask_3.npy,data/legacy_gt_v1/output_img/16/1/mask_4.npy,data/legacy_gt_v1/output_img/16/1/mask_5.npy,data/legacy_gt_v1/output_img/16/1/mask_key_point.npy,500x500,500x500,500x500,500x500,500x500,500x500,true,1,
1,legacy_gt_qc_v1,16/2,16,,2,,,data/legacy_gt_v1/output_img/16/2,data/legacy_gt_v1/output_img/16/2/0.jpg,500,500,data/legacy_gt_v1/output_img/16/2/0.npy,500x500x6,data/legacy_gt_v1/output_img/16/2/mask_1.npy,data/legacy_gt_v1/output_img/16/2/mask_2.npy,data/legacy_gt_v1/output_img/16/2/mask_3.npy,data/legacy_gt_v1/output_img/16/2/mask_4.npy,data/legacy_gt_v1/output_img/16/2/mask_5.npy,data/legacy_gt_v1/output_img/16/2/mask_key_point.npy,500x500,500x500,500x500,500x500,500x500,500x500,true,2,
1,legacy_gt_qc_v1,16/3,16,,3,,,data/legacy_gt_v1/output_img/16/3,data/legacy_gt_v1/output_img/16/3/0.jpg,500,500,data/legacy_gt_v1/output_img/16/3/0.npy,500x500x6,data/legacy_gt_v1/output_img/16/3/mask_1.npy,data/legacy_gt_v1/output_img/16/3/mask_2.npy,data/legacy_gt_v1/output_img/16/3/mask_3.npy,data/legacy_gt_v1/output_img/16/3/mask_4.npy,data/legacy_gt_v1/output_img/16/3/mask_5.npy,data/legacy_gt_v1/output_img/16/3/mask_key_point.npy,500x500,500x500,500x500,500x500,500x500,500x500,true,3,
1,legacy_gt_qc_v1,16/4,16,,4,,,data/legacy_gt_v1/output_img/16/4,data/legacy_gt_v1/output_img/16/4/0.jpg,500,500,data/legacy_gt_v1/output_img/16/4/0.npy,500x500x6,data/legacy_gt_v1/output_img/16/4/mask_1.npy,data/legacy_gt_v1/output_img/16/4/mask_2.npy,data/legacy_gt_v1/output_img/16/4/mask_3.npy,data/legacy_gt_v1/output_img/16/4/mask_4.npy,data/legacy_gt_v1/output_img/16/4/mask_5.npy,data/legacy_gt_v1/output_img/16/4/mask_key_point.npy,500x500,500x500,500x500,500x500,500x500,500x500,true,4,
1,legacy_gt_qc_v1,16/5,16,,5,,,data/legacy_gt_v1/output_img/16/5,data/legacy_gt_v1/output_img/16/5/0.jpg,500,500,data/legacy_gt_v1/output_img/16/5/0.npy,500x500x6,data/legacy_gt_v1/output_img/16/5/mask_1.npy,data/legacy_gt_v1/output_img/16/5/mask_2.npy,data/legacy_gt_v1/output_img/16/5/mask_3.npy,data/legacy_gt_v1/output_img/16/5/mask_4.npy,data/legacy_gt_v1/output_img/16/5/mask_5.npy,data/legacy_gt_v1/output_img/16/5/mask_key_point.npy,500x500,500x500,500x500,500x500,500x500,500x500,true,5,
1,legacy_gt_qc_v1,16/6,16,,6,,,data/legacy_gt_v1/output_img/16/6,data/legacy_gt_v1/output_img/16/6/0.jpg,500,500,data/legacy_gt_v1/output_img/16/6/0.npy,500x500x6,data/legacy_gt_v1/output_img/16/6/mask_1.npy,data/legacy_gt_v1/output_img/16/6/mask_2.npy,data/legacy_gt_v1/output_img/16/6/mask_3.npy,data/legacy_gt_v1/output_img/16/6/mask_4.npy,data/legacy_gt_v1/output_img/16/6/mask_5.npy,data/legacy_gt_v1/output_img/16/6/mask_key_point.npy,500x500,500x500,500x500,500x500,500x500,500x500,true,6,
1,legacy_gt_qc_v1,16/7,16,,7,,,data/legacy_gt_v1/output_img/16/7,data/legacy_gt_v1/output_img/16/7/0.jpg,500,500,data/legacy_gt_v1/output_img/16/7/0.npy,500x500x6,data/legacy_gt_v1/output_img/16/7/mask_1.npy,data/legacy_gt_v1/output_img/16/7/mask_2.npy,data/legacy_gt_v1/output_img/16/7/mask_3.npy,data/legacy_gt_v1/output_img/16/7/mask_4.npy,data/legacy_gt_v1/output_img/16/7/mask_5.npy,data/legacy_gt_v1/output_img/16/7/mask_key_point.npy,500x500,500x500,500x500,500x500,500x500,500x500,true,7,
1,legacy_gt_qc_v1,16/8,16,,8,,,data/legacy_gt_v1/output_img/16/8,data/legacy_gt_v1/output_img/16/8/0.jpg,500,500,data/legacy_gt_v1/output_img/16/8/0.npy,500x500x6,data/legacy_gt_v1/output_img/16/8/mask_1.npy,data/legacy_gt_v1/output_img/16/8/mask_2.npy,data/legacy_gt_v1/output_img/16/8/mask_3.npy,data/legacy_gt_v1/output_img/16/8/mask_4.npy,data/legacy_gt_v1/output_img/16/8/mask_5.npy,data/legacy_gt_v1/output_img/16/8/mask_key_point.npy,500x500,500x500,500x500,500x500,500x500,500x500,true,8,
1,legacy_gt_qc_v1,16/9,16,,9,,,data/legacy_gt_v1/output_img/16/9,data/legacy_gt_v1/output_img/16/9/0.jpg,500,500,data/legacy_gt_v1/output_img/16/9/0.npy,500x500x6,data/legacy_gt_v1/output_img/16/9/mask_1.npy,data/legacy_gt_v1/output_img/16/9/mask_2.npy,data/legacy_gt_v1/output_img/16/9/mask_3.npy,data/legacy_gt_v1/output_img/16/9/mask_4.npy,data/legacy_gt_v1/output_img/16/9/mask_5.npy,data/legacy_gt_v1/output_img/16/9/mask_key_point.npy,500x500,500x500,500x500,500x500,500x500,500x500,true,9,
1,legacy_gt_qc_v1,16/10,16,,10,,,data/legacy_gt_v1/output_img/16/10,data/legacy_gt_v1/output_img/16/10/0.jpg,500,500,data/legacy_gt_v1/output_img/16/10/0.npy,500x500x6,data/legacy_gt_v1/output_img/16/10/mask_1.npy,data/legacy_gt_v1/output_img/16/10/mask_2.npy,data/legacy_gt_v1/output_img/16/10/mask_3.npy,data/legacy_gt_v1/output_img/16/10/mask_4.npy,data/legacy_gt_v1/output_img/16/10/mask_5.npy,data/legacy_gt_v1/output_img/16/10/mask_key_point.npy,500x500,500x500,500x500,500x500,500x500,500x500,true,10,
1,legacy_gt_qc_v1,16/11,16,,11,,,data/legacy_gt_v1/output_img/16/11,data/legacy_gt_v1/output_img/16/11/0.jpg,500,500,data/legacy_gt_v1/output_img/16/11/0.npy,500x500x6,data/legacy_gt_v1/output_img/16/11/mask_1.npy,data/legacy_gt_v1/output_img/16/11/mask_2.npy,data/legacy_gt_v1/output_img/16/11/mask_3.npy,data/legacy_gt_v1/output_img/16/11/mask_4.npy,data/legacy_gt_v1/output_img/16/11/mask_5.npy,data/legacy_gt_v1/output_img/16/11/mask_key_point.npy,500x500,500x500,500x500,500x500,500x500,500x500,true,11,
1,legacy_gt_qc_v1,16/12,16,,12,,,data/legacy_gt_v1/output_img/16/12,data/legacy_gt_v1/output_img/16/12/0.jpg,500,500,data/legacy_gt_v1/output_img/16/12/0.npy,500x500x6,data/legacy_gt_v1/output_img/16/12/mask_1.npy,data/legacy_gt_v1/output_img/16/12/mask_2.npy,data/legacy_gt_v1/output_img/16/12/mask_3.npy,data/legacy_gt_v1/output_img/16/12/mask_4.npy,data/legacy_gt_v1/output_img/16/12/mask_5.npy,data/legacy_gt_v1/output_img/16/12/mask_key_point.npy,500x500,500x500,500x500,500x500,500x500,500x500,true,12,
1,legacy_gt_qc_v1,16/13,16,,13,,,data/legacy_gt_v1/output_img/16/13,data/legacy_gt_v1/output_img/16/13/0.jpg,500,500,data/legacy_gt_v1/output_img/16/13/0.npy,500x500x6,data/legacy_gt_v1/output_img/16/13/mask_1.npy,data/legacy_gt_v1/output_img/16/13/mask_2.npy,data/legacy_gt_v1/output_img/16/13/mask_3.npy,data/legacy_gt_v1/output_img/16/13/mask_4.npy,data/legacy_gt_v1/output_img/16/13/mask_5.npy,data/legacy_gt_v1/output_img/16/13/mask_key_point.npy,500x500,500x500,500x500,500x500,500x500,500x500,true,13,
1,legacy_gt_qc_v1,16/15,16,,15,,,data/legacy_gt_v1/output_img/16/15,data/legacy_gt_v1/output_img/16/15/0.jpg,500,500,data/legacy_gt_v1/output_img/16/15/0.npy,500x500x6,data/legacy_gt_v1/output_img/16/15/mask_1.npy,data/legacy_gt_v1/output_img/16/15/mask_2.npy,data/legacy_gt_v1/output_img/16/15/mask_3.npy,data/legacy_gt_v1/output_img/16/15/mask_4.npy,data/legacy_gt_v1/output_img/16/15/mask_5.npy,data/legacy_gt_v1/output_img/16/15/mask_key_point.npy,500x500,500x500,500x500,500x500,500x500,500x500,true,15,
1,legacy_gt_qc_v1,16/16,16,,16,,,data/legacy_gt_v1/output_img/16/16,data/legacy_gt_v1/output_img/16/16/0.jpg,500,500,data/legacy_gt_v1/output_img/16/16/0.npy,500x500x6,data/legacy_gt_v1/output_img/16/16/mask_1.npy,data/legacy_gt_v1/output_img/16/16/mask_2.npy,data/legacy_gt_v1/output_img/16/16/mask_3.npy,data/legacy_gt_v1/output_img/16/16/mask_4.npy,data/legacy_gt_v1/output_img/16/16/mask_5.npy,data/legacy_gt_v1/output_img/16/16/mask_key_point.npy,500x500,500x500,500x500,500x500,500x500,500x500,true,16,
1,legacy_gt_qc_v1,16/17,16,,17,,,data/legacy_gt_v1/output_img/16/17,data/legacy_gt_v1/output_img/16/17/0.jpg,500,500,data/legacy_gt_v1/output_img/16/17/0.npy,500x500x6,data/legacy_gt_v1/output_img/16/17/mask_1.npy,data/legacy_gt_v1/output_img/16/17/mask_2.npy,data/legacy_gt_v1/output_img/16/17/mask_3.npy,data/legacy_gt_v1/output_img/16/17/mask_4.npy,data/legacy_gt_v1/output_img/16/17/mask_5.npy,data/legacy_gt_v1/output_img/16/17/mask_key_point.npy,500x500,500x500,500x500,500x500,500x500,500x500,true,17,
1,legacy_gt_qc_v1,16/18,16,,18,,,data/legacy_gt_v1/output_img/16/18,data/legacy_gt_v1/output_img/16/18/0.jpg,500,500,data/legacy_gt_v1/output_img/16/18/0.npy,500x500x6,data/legacy_gt_v1/output_img/16/18/mask_1.npy,data/legacy_gt_v1/output_img/16/18/mask_2.npy,data/legacy_gt_v1/output_img/16/18/mask_3.npy,data/legacy_gt_v1/output_img/16/18/mask_4.npy,data/legacy_gt_v1/output_img/16/18/mask_5.npy,data/legacy_gt_v1/output_img/16/18/mask_key_point.npy,500x500,500x500,500x500,500x500,500x500,500x500,true,18,
1,legacy_gt_qc_v1,16/19,16,,19,,,data/legacy_gt_v1/output_img/16/19,data/legacy_gt_v1/output_img/16/19/0.jpg,500,500,data/legacy_gt_v1/output_img/16/19/0.npy,500x500x6,data/legacy_gt_v1/output_img/16/19/mask_1.npy,data/legacy_gt_v1/output_img/16/19/mask_2.npy,data/legacy_gt_v1/output_img/16/19/mask_3.npy,data/legacy_gt_v1/output_img/16/19/mask_4.npy,data/legacy_gt_v1/output_img/16/19/mask_5.npy,data/legacy_gt_v1/output_img/16/19/mask_key_point.npy,500x500,500x500,500x500,500x500,500x500,500x500,true,19,
1,legacy_gt_qc_v1,16/20,16,,20,,,data/legacy_gt_v1/output_img/16/20,data/legacy_gt_v1/output_img/16/20/0.jpg,500,500,data/legacy_gt_v1/output_img/16/20/0.npy,500x500x6,data/legacy_gt_v1/output_img/16/20/mask_1.npy,data/legacy_gt_v1/output_img/16/20/mask_2.npy,data/legacy_gt_v1/output_img/16/20/mask_3.npy,data/legacy_gt_v1/output_img/16/20/mask_4.npy,data/legacy_gt_v1/output_img/16/20/mask_5.npy,data/legacy_gt_v1/output_img/16/20/mask_key_point.npy,500x500,500x500,500x500,500x500,500x500,500x500,true,20,
1,legacy_gt_qc_v1,17/0,17,,0,,,data/legacy_gt_v1/output_img/17/0,data/legacy_gt_v1/output_img/17/0/0.jpg,500,500,data/legacy_gt_v1/output_img/17/0/0.npy,500x500x6,data/legacy_gt_v1/output_img/17/0/mask_1.npy,data/legacy_gt_v1/output_img/17/0/mask_2.npy,data/legacy_gt_v1/output_img/17/0/mask_3.npy,data/legacy_gt_v1/output_img/17/0/mask_4.npy,data/legacy_gt_v1/output_img/17/0/mask_5.npy,data/legacy_gt_v1/output_img/17/0/mask_key_point.npy,500x500,500x500,500x500,500x500,500x500,500x500,true,17/0,
1,legacy_gt_qc_v1,17/1,17,,1,,,data/legacy_gt_v1/output_img/17/1,data/legacy_gt_v1/output_img/17/1/0.jpg,500,500,data/legacy_gt_v1/output_img/17/1/0.npy,500x500x6,data/legacy_gt_v1/output_img/17/1/mask_1.npy,data/legacy_gt_v1/output_img/17/1/mask_2.npy,data/legacy_gt_v1/output_img/17/1/mask_3.npy,data/legacy_gt_v1/output_img/17/1/mask_4.npy,data/legacy_gt_v1/output_img/17/1/mask_5.npy,data/legacy_gt_v1/output_img/17/1/mask_key_point.npy,500x500,500x500,500x500,500x500,500x500,500x500,true,1,
1,legacy_gt_qc_v1,17/2,17,,2,,,data/legacy_gt_v1/output_img/17/2,data/legacy_gt_v1/output_img/17/2/0.jpg,500,500,data/legacy_gt_v1/output_img/17/2/0.npy,500x500x6,data/legacy_gt_v1/output_img/17/2/mask_1.npy,data/legacy_gt_v1/output_img/17/2/mask_2.npy,data/legacy_gt_v1/output_img/17/2/mask_3.npy,data/legacy_gt_v1/output_img/17/2/mask_4.npy,data/legacy_gt_v1/output_img/17/2/mask_5.npy,data/legacy_gt_v1/output_img/17/2/mask_key_point.npy,500x500,500x500,500x500,500x500,500x500,500x500,true,2,
1,legacy_gt_qc_v1,17/3,17,,3,,,data/legacy_gt_v1/output_img/17/3,data/legacy_gt_v1/output_img/17/3/0.jpg,500,500,data/legacy_gt_v1/output_img/17/3/0.npy,500x500x6,data/legacy_gt_v1/output_img/17/3/mask_1.npy,data/legacy_gt_v1/output_img/17/3/mask_2.npy,data/legacy_gt_v1/output_img/17/3/mask_3.npy,data/legacy_gt_v1/output_img/17/3/mask_4.npy,data/legacy_gt_v1/output_img/17/3/mask_5.npy,data/legacy_gt_v1/output_img/17/3/mask_key_point.npy,500x500,500x500,500x500,500x500,500x500,500x500,true,3,
1,legacy_gt_qc_v1,17/4,17,,4,,,data/legacy_gt_v1/output_img/17/4,data/legacy_gt_v1/output_img/17/4/0.jpg,500,500,data/legacy_gt_v1/output_img/17/4/0.npy,500x500x6,data/legacy_gt_v1/output_img/17/4/mask_1.npy,data/legacy_gt_v1/output_img/17/4/mask_2.npy,data/legacy_gt_v1/output_img/17/4/mask_3.npy,data/legacy_gt_v1/output_img/17/4/mask_4.npy,data/legacy_gt_v1/output_img/17/4/mask_5.npy,data/legacy_gt_v1/output_img/17/4/mask_key_point.npy,500x500,500x500,500x500,500x500,500x500,500x500,true,4,
1,legacy_gt_qc_v1,17/5,17,,5,,,data/legacy_gt_v1/output_img/17/5,data/legacy_gt_v1/output_img/17/5/0.jpg,500,500,data/legacy_gt_v1/output_img/17/5/0.npy,500x500x6,data/legacy_gt_v1/output_img/17/5/mask_1.npy,data/legacy_gt_v1/output_img/17/5/mask_2.npy,data/legacy_gt_v1/output_img/17/5/mask_3.npy,data/legacy_gt_v1/output_img/17/5/mask_4.npy,data/legacy_gt_v1/output_img/17/5/mask_5.npy,data/legacy_gt_v1/output_img/17/5/mask_key_point.npy,500x500,500x500,500x500,500x500,500x500,500x500,true,5,
1,legacy_gt_qc_v1,17/6,17,,6,,,data/legacy_gt_v1/output_img/17/6,data/legacy_gt_v1/output_img/17/6/0.jpg,500,500,data/legacy_gt_v1/output_img/17/6/0.npy,500x500x6,data/legacy_gt_v1/output_img/17/6/mask_1.npy,data/legacy_gt_v1/output_img/17/6/mask_2.npy,data/legacy_gt_v1/output_img/17/6/mask_3.npy,data/legacy_gt_v1/output_img/17/6/mask_4.npy,data/legacy_gt_v1/output_img/17/6/mask_5.npy,data/legacy_gt_v1/output_img/17/6/mask_key_point.npy,500x500,500x500,500x500,500x500,500x500,500x500,true,6,
1,legacy_gt_qc_v1,17/7,17,,7,,,data/legacy_gt_v1/output_img/17/7,data/legacy_gt_v1/output_img/17/7/0.jpg,500,500,data/legacy_gt_v1/output_img/17/7/0.npy,500x500x6,data/legacy_gt_v1/output_img/17/7/mask_1.npy,data/legacy_gt_v1/output_img/17/7/mask_2.npy,data/legacy_gt_v1/output_img/17/7/mask_3.npy,data/legacy_gt_v1/output_img/17/7/mask_4.npy,data/legacy_gt_v1/output_img/17/7/mask_5.npy,data/legacy_gt_v1/output_img/17/7/mask_key_point.npy,500x500,500x500,500x500,500x500,500x500,500x500,true,7,
1,legacy_gt_qc_v1,17/8,17,,8,,,data/legacy_gt_v1/output_img/17/8,data/legacy_gt_v1/output_img/17/8/0.jpg,500,500,data/legacy_gt_v1/output_img/17/8/0.npy,500x500x6,data/legacy_gt_v1/output_img/17/8/mask_1.npy,data/legacy_gt_v1/output_img/17/8/mask_2.npy,data/legacy_gt_v1/output_img/17/8/mask_3.npy,data/legacy_gt_v1/output_img/17/8/mask_4.npy,data/legacy_gt_v1/output_img/17/8/mask_5.npy,data/legacy_gt_v1/output_img/17/8/mask_key_point.npy,500x500,500x500,500x500,500x500,500x500,500x500,true,8,
1,legacy_gt_qc_v1,17/9,17,,9,,,data/legacy_gt_v1/output_img/17/9,data/legacy_gt_v1/output_img/17/9/0.jpg,500,500,data/legacy_gt_v1/output_img/17/9/0.npy,500x500x6,data/legacy_gt_v1/output_img/17/9/mask_1.npy,data/legacy_gt_v1/output_img/17/9/mask_2.npy,data/legacy_gt_v1/output_img/17/9/mask_3.npy,data/legacy_gt_v1/output_img/17/9/mask_4.npy,data/legacy_gt_v1/output_img/17/9/mask_5.npy,data/legacy_gt_v1/output_img/17/9/mask_key_point.npy,500x500,500x500,500x500,500x500,500x500,500x500,true,9,
1,legacy_gt_qc_v1,17/10,17,,10,,,data/legacy_gt_v1/output_img/17/10,data/legacy_gt_v1/output_img/17/10/0.jpg,500,500,data/legacy_gt_v1/output_img/17/10/0.npy,500x500x6,data/legacy_gt_v1/output_img/17/10/mask_1.npy,data/legacy_gt_v1/output_img/17/10/mask_2.npy,data/legacy_gt_v1/output_img/17/10/mask_3.npy,data/legacy_gt_v1/output_img/17/10/mask_4.npy,data/legacy_gt_v1/output_img/17/10/mask_5.npy,data/legacy_gt_v1/output_img/17/10/mask_key_point.npy,500x500,500x500,500x500,500x500,500x500,500x500,true,10,
1,legacy_gt_qc_v1,17/11,17,,11,,,data/legacy_gt_v1/output_img/17/11,data/legacy_gt_v1/output_img/17/11/0.jpg,500,500,data/legacy_gt_v1/output_img/17/11/0.npy,500x500x6,data/legacy_gt_v1/output_img/17/11/mask_1.npy,data/legacy_gt_v1/output_img/17/11/mask_2.npy,data/legacy_gt_v1/output_img/17/11/mask_3.npy,data/legacy_gt_v1/output_img/17/11/mask_4.npy,data/legacy_gt_v1/output_img/17/11/mask_5.npy,data/legacy_gt_v1/output_img/17/11/mask_key_point.npy,500x500,500x500,500x500,500x500,500x500,500x500,true,11,
1,legacy_gt_qc_v1,17/12,17,,12,,,data/legacy_gt_v1/output_img/17/12,data/legacy_gt_v1/output_img/17/12/0.jpg,500,500,data/legacy_gt_v1/output_img/17/12/0.npy,500x500x6,data/legacy_gt_v1/output_img/17/12/mask_1.npy,data/legacy_gt_v1/output_img/17/12/mask_2.npy,data/legacy_gt_v1/output_img/17/12/mask_3.npy,data/legacy_gt_v1/output_img/17/12/mask_4.npy,data/legacy_gt_v1/output_img/17/12/mask_5.npy,data/legacy_gt_v1/output_img/17/12/mask_key_point.npy,500x500,500x500,500x500,500x500,500x500,500x500,true,12,
1,legacy_gt_qc_v1,17/13,17,,13,,,data/legacy_gt_v1/output_img/17/13,data/legacy_gt_v1/output_img/17/13/0.jpg,500,500,data/legacy_gt_v1/output_img/17/13/0.npy,500x500x6,data/legacy_gt_v1/output_img/17/13/mask_1.npy,data/legacy_gt_v1/output_img/17/13/mask_2.npy,data/legacy_gt_v1/output_img/17/13/mask_3.npy,data/legacy_gt_v1/output_img/17/13/mask_4.npy,data/legacy_gt_v1/output_img/17/13/mask_5.npy,data/legacy_gt_v1/output_img/17/13/mask_key_point.npy,500x500,500x500,500x500,500x500,500x500,500x500,true,13,
1,legacy_gt_qc_v1,17/15,17,,15,,,data/legacy_gt_v1/output_img/17/15,data/legacy_gt_v1/output_img/17/15/0.jpg,500,500,data/legacy_gt_v1/output_img/17/15/0.npy,500x500x6,data/legacy_gt_v1/output_img/17/15/mask_1.npy,data/legacy_gt_v1/output_img/17/15/mask_2.npy,data/legacy_gt_v1/output_img/17/15/mask_3.npy,data/legacy_gt_v1/output_img/17/15/mask_4.npy,data/legacy_gt_v1/output_img/17/15/mask_5.npy,data/legacy_gt_v1/output_img/17/15/mask_key_point.npy,500x500,500x500,500x500,500x500,500x500,500x500,true,15,
1,legacy_gt_qc_v1,17/16,17,,16,,,data/legacy_gt_v1/output_img/17/16,data/legacy_gt_v1/output_img/17/16/0.jpg,500,500,data/legacy_gt_v1/output_img/17/16/0.npy,500x500x6,data/legacy_gt_v1/output_img/17/16/mask_1.npy,data/legacy_gt_v1/output_img/17/16/mask_2.npy,data/legacy_gt_v1/output_img/17/16/mask_3.npy,data/legacy_gt_v1/output_img/17/16/mask_4.npy,data/legacy_gt_v1/output_img/17/16/mask_5.npy,data/legacy_gt_v1/output_img/17/16/mask_key_point.npy,500x500,500x500,500x500,500x500,500x500,500x500,true,16,
1,legacy_gt_qc_v1,17/17,17,,17,,,data/legacy_gt_v1/output_img/17/17,data/legacy_gt_v1/output_img/17/17/0.jpg,500,500,data/legacy_gt_v1/output_img/17/17/0.npy,500x500x6,data/legacy_gt_v1/output_img/17/17/mask_1.npy,data/legacy_gt_v1/output_img/17/17/mask_2.npy,data/legacy_gt_v1/output_img/17/17/mask_3.npy,data/legacy_gt_v1/output_img/17/17/mask_4.npy,data/legacy_gt_v1/output_img/17/17/mask_5.npy,data/legacy_gt_v1/output_img/17/17/mask_key_point.npy,500x500,500x500,500x500,500x500,500x500,500x500,true,17,
1,legacy_gt_qc_v1,17/18,17,,18,,,data/legacy_gt_v1/output_img/17/18,data/legacy_gt_v1/output_img/17/18/0.jpg,500,500,data/legacy_gt_v1/output_img/17/18/0.npy,500x500x6,data/legacy_gt_v1/output_img/17/18/mask_1.npy,data/legacy_gt_v1/output_img/17/18/mask_2.npy,data/legacy_gt_v1/output_img/17/18/mask_3.npy,data/legacy_gt_v1/output_img/17/18/mask_4.npy,data/legacy_gt_v1/output_img/17/18/mask_5.npy,data/legacy_gt_v1/output_img/17/18/mask_key_point.npy,500x500,500x500,500x500,500x500,500x500,500x500,true,18,
1,legacy_gt_qc_v1,17/19,17,,19,,,data/legacy_gt_v1/output_img/17/19,data/legacy_gt_v1/output_img/17/19/0.jpg,500,500,data/legacy_gt_v1/output_img/17/19/0.npy,500x500x6,data/legacy_gt_v1/output_img/17/19/mask_1.npy,data/legacy_gt_v1/output_img/17/19/mask_2.npy,data/legacy_gt_v1/output_img/17/19/mask_3.npy,data/legacy_gt_v1/output_img/17/19/mask_4.npy,data/legacy_gt_v1/output_img/17/19/mask_5.npy,data/legacy_gt_v1/output_img/17/19/mask_key_point.npy,500x500,500x500,500x500,500x500,500x500,500x500,true,19,
1,legacy_gt_qc_v1,17/20,17,,20,,,data/legacy_gt_v1/output_img/17/20,data/legacy_gt_v1/output_img/17/20/0.jpg,500,500,data/legacy_gt_v1/output_img/17/20/0.npy,500x500x6,data/legacy_gt_v1/output_img/17/20/mask_1.npy,data/legacy_gt_v1/output_img/17/20/mask_2.npy,data/legacy_gt_v1/output_img/17/20/mask_3.npy,data/legacy_gt_v1/output_img/17/20/mask_4.npy,data/legacy_gt_v1/output_img/17/20/mask_5.npy,data/legacy_gt_v1/output_img/17/20/mask_key_point.npy,500x500,500x500,500x500,500x500,500x500,500x500,true,20,
1,legacy_gt_qc_v1,18/0,18,,0,,,data/legacy_gt_v1/output_img/18/0,data/legacy_gt_v1/output_img/18/0/0.jpg,500,500,data/legacy_gt_v1/output_img/18/0/0.npy,500x500x6,data/legacy_gt_v1/output_img/18/0/mask_1.npy,data/legacy_gt_v1/output_img/18/0/mask_2.npy,data/legacy_gt_v1/output_img/18/0/mask_3.npy,data/legacy_gt_v1/output_img/18/0/mask_4.npy,data/legacy_gt_v1/output_img/18/0/mask_5.npy,data/legacy_gt_v1/output_img/18/0/mask_key_point.npy,500x500,500x500,500x500,500x500,500x500,500x500,true,18/0,
1,legacy_gt_qc_v1,18/1,18,,1,,,data/legacy_gt_v1/output_img/18/1,data/legacy_gt_v1/output_img/18/1/0.jpg,500,500,data/legacy_gt_v1/output_img/18/1/0.npy,500x500x6,data/legacy_gt_v1/output_img/18/1/mask_1.npy,data/legacy_gt_v1/output_img/18/1/mask_2.npy,data/legacy_gt_v1/output_img/18/1/mask_3.npy,data/legacy_gt_v1/output_img/18/1/mask_4.npy,data/legacy_gt_v1/output_img/18/1/mask_5.npy,data/legacy_gt_v1/output_img/18/1/mask_key_point.npy,500x500,500x500,500x500,500x500,500x500,500x500,true,1,
1,legacy_gt_qc_v1,18/2,18,,2,,,data/legacy_gt_v1/output_img/18/2,data/legacy_gt_v1/output_img/18/2/0.jpg,500,500,data/legacy_gt_v1/output_img/18/2/0.npy,500x500x6,data/legacy_gt_v1/output_img/18/2/mask_1.npy,data/legacy_gt_v1/output_img/18/2/mask_2.npy,data/legacy_gt_v1/output_img/18/2/mask_3.npy,data/legacy_gt_v1/output_img/18/2/mask_4.npy,data/legacy_gt_v1/output_img/18/2/mask_5.npy,data/legacy_gt_v1/output_img/18/2/mask_key_point.npy,500x500,500x500,500x500,500x500,500x500,500x500,true,2,
1,legacy_gt_qc_v1,18/3,18,,3,,,data/legacy_gt_v1/output_img/18/3,data/legacy_gt_v1/output_img/18/3/0.jpg,500,500,data/legacy_gt_v1/output_img/18/3/0.npy,500x500x6,data/legacy_gt_v1/output_img/18/3/mask_1.npy,data/legacy_gt_v1/output_img/18/3/mask_2.npy,data/legacy_gt_v1/output_img/18/3/mask_3.npy,data/legacy_gt_v1/output_img/18/3/mask_4.npy,data/legacy_gt_v1/output_img/18/3/mask_5.npy,data/legacy_gt_v1/output_img/18/3/mask_key_point.npy,500x500,500x500,500x500,500x500,500x500,500x500,true,3,
1,legacy_gt_qc_v1,18/4,18,,4,,,data/legacy_gt_v1/output_img/18/4,data/legacy_gt_v1/output_img/18/4/0.jpg,500,500,data/legacy_gt_v1/output_img/18/4/0.npy,500x500x6,data/legacy_gt_v1/output_img/18/4/mask_1.npy,data/legacy_gt_v1/output_img/18/4/mask_2.npy,data/legacy_gt_v1/output_img/18/4/mask_3.npy,data/legacy_gt_v1/output_img/18/4/mask_4.npy,data/legacy_gt_v1/output_img/18/4/mask_5.npy,data/legacy_gt_v1/output_img/18/4/mask_key_point.npy,500x500,500x500,500x500,500x500,500x500,500x500,true,4,
1,legacy_gt_qc_v1,18/5,18,,5,,,data/legacy_gt_v1/output_img/18/5,data/legacy_gt_v1/output_img/18/5/0.jpg,500,500,data/legacy_gt_v1/output_img/18/5/0.npy,500x500x6,data/legacy_gt_v1/output_img/18/5/mask_1.npy,data/legacy_gt_v1/output_img/18/5/mask_2.npy,data/legacy_gt_v1/output_img/18/5/mask_3.npy,data/legacy_gt_v1/output_img/18/5/mask_4.npy,data/legacy_gt_v1/output_img/18/5/mask_5.npy,data/legacy_gt_v1/output_img/18/5/mask_key_point.npy,500x500,500x500,500x500,500x500,500x500,500x500,true,5,
1,legacy_gt_qc_v1,18/6,18,,6,,,data/legacy_gt_v1/output_img/18/6,data/legacy_gt_v1/output_img/18/6/0.jpg,500,500,data/legacy_gt_v1/output_img/18/6/0.npy,500x500x6,data/legacy_gt_v1/output_img/18/6/mask_1.npy,data/legacy_gt_v1/output_img/18/6/mask_2.npy,data/legacy_gt_v1/output_img/18/6/mask_3.npy,data/legacy_gt_v1/output_img/18/6/mask_4.npy,data/legacy_gt_v1/output_img/18/6/mask_5.npy,data/legacy_gt_v1/output_img/18/6/mask_key_point.npy,500x500,500x500,500x500,500x500,500x500,500x500,true,6,
1,legacy_gt_qc_v1,18/7,18,,7,,,data/legacy_gt_v1/output_img/18/7,data/legacy_gt_v1/output_img/18/7/0.jpg,500,500,data/legacy_gt_v1/output_img/18/7/0.npy,500x500x6,data/legacy_gt_v1/output_img/18/7/mask_1.npy,data/legacy_gt_v1/output_img/18/7/mask_2.npy,data/legacy_gt_v1/output_img/18/7/mask_3.npy,data/legacy_gt_v1/output_img/18/7/mask_4.npy,data/legacy_gt_v1/output_img/18/7/mask_5.npy,data/legacy_gt_v1/output_img/18/7/mask_key_point.npy,500x500,500x500,500x500,500x500,500x500,500x500,true,7,
1,legacy_gt_qc_v1,18/8,18,,8,,,data/legacy_gt_v1/output_img/18/8,data/legacy_gt_v1/output_img/18/8/0.jpg,500,500,data/legacy_gt_v1/output_img/18/8/0.npy,500x500x6,data/legacy_gt_v1/output_img/18/8/mask_1.npy,data/legacy_gt_v1/output_img/18/8/mask_2.npy,data/legacy_gt_v1/output_img/18/8/mask_3.npy,data/legacy_gt_v1/output_img/18/8/mask_4.npy,data/legacy_gt_v1/output_img/18/8/mask_5.npy,data/legacy_gt_v1/output_img/18/8/mask_key_point.npy,500x500,500x500,500x500,500x500,500x500,500x500,true,8,
1,legacy_gt_qc_v1,18/9,18,,9,,,data/legacy_gt_v1/output_img/18/9,data/legacy_gt_v1/output_img/18/9/0.jpg,500,500,data/legacy_gt_v1/output_img/18/9/0.npy,500x500x6,data/legacy_gt_v1/output_img/18/9/mask_1.npy,data/legacy_gt_v1/output_img/18/9/mask_2.npy,data/legacy_gt_v1/output_img/18/9/mask_3.npy,data/legacy_gt_v1/output_img/18/9/mask_4.npy,data/legacy_gt_v1/output_img/18/9/mask_5.npy,data/legacy_gt_v1/output_img/18/9/mask_key_point.npy,500x500,500x500,500x500,500x500,500x500,500x500,true,9,
1,legacy_gt_qc_v1,18/10,18,,10,,,data/legacy_gt_v1/output_img/18/10,data/legacy_gt_v1/output_img/18/10/0.jpg,500,500,data/legacy_gt_v1/output_img/18/10/0.npy,500x500x6,data/legacy_gt_v1/output_img/18/10/mask_1.npy,data/legacy_gt_v1/output_img/18/10/mask_2.npy,data/legacy_gt_v1/output_img/18/10/mask_3.npy,data/legacy_gt_v1/output_img/18/10/mask_4.npy,data/legacy_gt_v1/output_img/18/10/mask_5.npy,data/legacy_gt_v1/output_img/18/10/mask_key_point.npy,500x500,500x500,500x500,500x500,500x500,500x500,true,10,
1,legacy_gt_qc_v1,18/11,18,,11,,,data/legacy_gt_v1/output_img/18/11,data/legacy_gt_v1/output_img/18/11/0.jpg,500,500,data/legacy_gt_v1/output_img/18/11/0.npy,500x500x6,data/legacy_gt_v1/output_img/18/11/mask_1.npy,data/legacy_gt_v1/output_img/18/11/mask_2.npy,data/legacy_gt_v1/output_img/18/11/mask_3.npy,data/legacy_gt_v1/output_img/18/11/mask_4.npy,data/legacy_gt_v1/output_img/18/11/mask_5.npy,data/legacy_gt_v1/output_img/18/11/mask_key_point.npy,500x500,500x500,500x500,500x500,500x500,500x500,true,11,
1,legacy_gt_qc_v1,18/12,18,,12,,,data/legacy_gt_v1/output_img/18/12,data/legacy_gt_v1/output_img/18/12/0.jpg,500,500,data/legacy_gt_v1/output_img/18/12/0.npy,500x500x6,data/legacy_gt_v1/output_img/18/12/mask_1.npy,data/legacy_gt_v1/output_img/18/12/mask_2.npy,data/legacy_gt_v1/output_img/18/12/mask_3.npy,data/legacy_gt_v1/output_img/18/12/mask_4.npy,data/legacy_gt_v1/output_img/18/12/mask_5.npy,data/legacy_gt_v1/output_img/18/12/mask_key_point.npy,500x500,500x500,500x500,500x500,500x500,500x500,true,12,
1,legacy_gt_qc_v1,18/13,18,,13,,,data/legacy_gt_v1/output_img/18/13,data/legacy_gt_v1/output_img/18/13/0.jpg,500,500,data/legacy_gt_v1/output_img/18/13/0.npy,500x500x6,data/legacy_gt_v1/output_img/18/13/mask_1.npy,data/legacy_gt_v1/output_img/18/13/mask_2.npy,data/legacy_gt_v1/output_img/18/13/mask_3.npy,data/legacy_gt_v1/output_img/18/13/mask_4.npy,data/legacy_gt_v1/output_img/18/13/mask_5.npy,data/legacy_gt_v1/output_img/18/13/mask_key_point.npy,500x500,500x500,500x500,500x500,500x500,500x500,true,13,
1,legacy_gt_qc_v1,18/15,18,,15,,,data/legacy_gt_v1/output_img/18/15,data/legacy_gt_v1/output_img/18/15/0.jpg,500,500,data/legacy_gt_v1/output_img/18/15/0.npy,500x500x6,data/legacy_gt_v1/output_img/18/15/mask_1.npy,data/legacy_gt_v1/output_img/18/15/mask_2.npy,data/legacy_gt_v1/output_img/18/15/mask_3.npy,data/legacy_gt_v1/output_img/18/15/mask_4.npy,data/legacy_gt_v1/output_img/18/15/mask_5.npy,data/legacy_gt_v1/output_img/18/15/mask_key_point.npy,500x500,500x500,500x500,500x500,500x500,500x500,true,15,
1,legacy_gt_qc_v1,18/16,18,,16,,,data/legacy_gt_v1/output_img/18/16,data/legacy_gt_v1/output_img/18/16/0.jpg,500,500,data/legacy_gt_v1/output_img/18/16/0.npy,500x500x6,data/legacy_gt_v1/output_img/18/16/mask_1.npy,data/legacy_gt_v1/output_img/18/16/mask_2.npy,data/legacy_gt_v1/output_img/18/16/mask_3.npy,data/legacy_gt_v1/output_img/18/16/mask_4.npy,data/legacy_gt_v1/output_img/18/16/mask_5.npy,data/legacy_gt_v1/output_img/18/16/mask_key_point.npy,500x500,500x500,500x500,500x500,500x500,500x500,true,16,
1,legacy_gt_qc_v1,18/17,18,,17,,,data/legacy_gt_v1/output_img/18/17,data/legacy_gt_v1/output_img/18/17/0.jpg,500,500,data/legacy_gt_v1/output_img/18/17/0.npy,500x500x6,data/legacy_gt_v1/output_img/18/17/mask_1.npy,data/legacy_gt_v1/output_img/18/17/mask_2.npy,data/legacy_gt_v1/output_img/18/17/mask_3.npy,data/legacy_gt_v1/output_img/18/17/mask_4.npy,data/legacy_gt_v1/output_img/18/17/mask_5.npy,data/legacy_gt_v1/output_img/18/17/mask_key_point.npy,500x500,500x500,500x500,500x500,500x500,500x500,true,17,
1,legacy_gt_qc_v1,18/18,18,,18,,,data/legacy_gt_v1/output_img/18/18,data/legacy_gt_v1/output_img/18/18/0.jpg,500,500,data/legacy_gt_v1/output_img/18/18/0.npy,500x500x6,data/legacy_gt_v1/output_img/18/18/mask_1.npy,data/legacy_gt_v1/output_img/18/18/mask_2.npy,data/legacy_gt_v1/output_img/18/18/mask_3.npy,data/legacy_gt_v1/output_img/18/18/mask_4.npy,data/legacy_gt_v1/output_img/18/18/mask_5.npy,data/legacy_gt_v1/output_img/18/18/mask_key_point.npy,500x500,500x500,500x500,500x500,500x500,500x500,true,18,
1,legacy_gt_qc_v1,18/19,18,,19,,,data/legacy_gt_v1/output_img/18/19,data/legacy_gt_v1/output_img/18/19/0.jpg,500,500,data/legacy_gt_v1/output_img/18/19/0.npy,500x500x6,data/legacy_gt_v1/output_img/18/19/mask_1.npy,data/legacy_gt_v1/output_img/18/19/mask_2.npy,data/legacy_gt_v1/output_img/18/19/mask_3.npy,data/legacy_gt_v1/output_img/18/19/mask_4.npy,data/legacy_gt_v1/output_img/18/19/mask_5.npy,data/legacy_gt_v1/output_img/18/19/mask_key_point.npy,500x500,500x500,500x500,500x500,500x500,500x500,true,19,
1,legacy_gt_qc_v1,18/20,18,,20,,,data/legacy_gt_v1/output_img/18/20,data/legacy_gt_v1/output_img/18/20/0.jpg,500,500,data/legacy_gt_v1/output_img/18/20/0.npy,500x500x6,data/legacy_gt_v1/output_img/18/20/mask_1.npy,data/legacy_gt_v1/output_img/18/20/mask_2.npy,data/legacy_gt_v1/output_img/18/20/mask_3.npy,data/legacy_gt_v1/output_img/18/20/mask_4.npy,data/legacy_gt_v1/output_img/18/20/mask_5.npy,data/legacy_gt_v1/output_img/18/20/mask_key_point.npy,500x500,500x500,500x500,500x500,500x500,500x500,true,20,
1,legacy_gt_qc_v1,19/0,19,,0,,,data/legacy_gt_v1/output_img/19/0,data/legacy_gt_v1/output_img/19/0/0.jpg,500,500,data/legacy_gt_v1/output_img/19/0/0.npy,500x500x6,data/legacy_gt_v1/output_img/19/0/mask_1.npy,data/legacy_gt_v1/output_img/19/0/mask_2.npy,data/legacy_gt_v1/output_img/19/0/mask_3.npy,data/legacy_gt_v1/output_img/19/0/mask_4.npy,data/legacy_gt_v1/output_img/19/0/mask_5.npy,data/legacy_gt_v1/output_img/19/0/mask_key_point.npy,500x500,500x500,500x500,500x500,500x500,500x500,true,19/0,
1,legacy_gt_qc_v1,19/1,19,,1,,,data/legacy_gt_v1/output_img/19/1,data/legacy_gt_v1/output_img/19/1/0.jpg,500,500,data/legacy_gt_v1/output_img/19/1/0.npy,500x500x6,data/legacy_gt_v1/output_img/19/1/mask_1.npy,data/legacy_gt_v1/output_img/19/1/mask_2.npy,data/legacy_gt_v1/output_img/19/1/mask_3.npy,data/legacy_gt_v1/output_img/19/1/mask_4.npy,data/legacy_gt_v1/output_img/19/1/mask_5.npy,data/legacy_gt_v1/output_img/19/1/mask_key_point.npy,500x500,500x500,500x500,500x500,500x500,500x500,true,1,
1,legacy_gt_qc_v1,19/2,19,,2,,,data/legacy_gt_v1/output_img/19/2,data/legacy_gt_v1/output_img/19/2/0.jpg,500,500,data/legacy_gt_v1/output_img/19/2/0.npy,500x500x6,data/legacy_gt_v1/output_img/19/2/mask_1.npy,data/legacy_gt_v1/output_img/19/2/mask_2.npy,data/legacy_gt_v1/output_img/19/2/mask_3.npy,data/legacy_gt_v1/output_img/19/2/mask_4.npy,data/legacy_gt_v1/output_img/19/2/mask_5.npy,data/legacy_gt_v1/output_img/19/2/mask_key_point.npy,500x500,500x500,500x500,500x500,500x500,500x500,true,2,
1,legacy_gt_qc_v1,19/3,19,,3,,,data/legacy_gt_v1/output_img/19/3,data/legacy_gt_v1/output_img/19/3/0.jpg,500,500,data/legacy_gt_v1/output_img/19/3/0.npy,500x500x6,data/legacy_gt_v1/output_img/19/3/mask_1.npy,data/legacy_gt_v1/output_img/19/3/mask_2.npy,data/legacy_gt_v1/output_img/19/3/mask_3.npy,data/legacy_gt_v1/output_img/19/3/mask_4.npy,data/legacy_gt_v1/output_img/19/3/mask_5.npy,data/legacy_gt_v1/output_img/19/3/mask_key_point.npy,500x500,500x500,500x500,500x500,500x500,500x500,true,3,
1,legacy_gt_qc_v1,19/4,19,,4,,,data/legacy_gt_v1/output_img/19/4,data/legacy_gt_v1/output_img/19/4/0.jpg,500,500,data/legacy_gt_v1/output_img/19/4/0.npy,500x500x6,data/legacy_gt_v1/output_img/19/4/mask_1.npy,data/legacy_gt_v1/output_img/19/4/mask_2.npy,data/legacy_gt_v1/output_img/19/4/mask_3.npy,data/legacy_gt_v1/output_img/19/4/mask_4.npy,data/legacy_gt_v1/output_img/19/4/mask_5.npy,data/legacy_gt_v1/output_img/19/4/mask_key_point.npy,500x500,500x500,500x500,500x500,500x500,500x500,true,4,
1,legacy_gt_qc_v1,19/5,19,,5,,,data/legacy_gt_v1/output_img/19/5,data/legacy_gt_v1/output_img/19/5/0.jpg,500,500,data/legacy_gt_v1/output_img/19/5/0.npy,500x500x6,data/legacy_gt_v1/output_img/19/5/mask_1.npy,data/legacy_gt_v1/output_img/19/5/mask_2.npy,data/legacy_gt_v1/output_img/19/5/mask_3.npy,data/legacy_gt_v1/output_img/19/5/mask_4.npy,data/legacy_gt_v1/output_img/19/5/mask_5.npy,data/legacy_gt_v1/output_img/19/5/mask_key_point.npy,500x500,500x500,500x500,500x500,500x500,500x500,true,5,
1,legacy_gt_qc_v1,19/6,19,,6,,,data/legacy_gt_v1/output_img/19/6,data/legacy_gt_v1/output_img/19/6/0.jpg,500,500,data/legacy_gt_v1/output_img/19/6/0.npy,500x500x6,data/legacy_gt_v1/output_img/19/6/mask_1.npy,data/legacy_gt_v1/output_img/19/6/mask_2.npy,data/legacy_gt_v1/output_img/19/6/mask_3.npy,data/legacy_gt_v1/output_img/19/6/mask_4.npy,data/legacy_gt_v1/output_img/19/6/mask_5.npy,data/legacy_gt_v1/output_img/19/6/mask_key_point.npy,500x500,500x500,500x500,500x500,500x500,500x500,true,6,
1,legacy_gt_qc_v1,19/7,19,,7,,,data/legacy_gt_v1/output_img/19/7,data/legacy_gt_v1/output_img/19/7/0.jpg,500,500,data/legacy_gt_v1/output_img/19/7/0.npy,500x500x6,data/legacy_gt_v1/output_img/19/7/mask_1.npy,data/legacy_gt_v1/output_img/19/7/mask_2.npy,data/legacy_gt_v1/output_img/19/7/mask_3.npy,data/legacy_gt_v1/output_img/19/7/mask_4.npy,data/legacy_gt_v1/output_img/19/7/mask_5.npy,data/legacy_gt_v1/output_img/19/7/mask_key_point.npy,500x500,500x500,500x500,500x500,500x500,500x500,true,7,
1,legacy_gt_qc_v1,19/9,19,,9,,,data/legacy_gt_v1/output_img/19/9,data/legacy_gt_v1/output_img/19/9/0.jpg,500,500,data/legacy_gt_v1/output_img/19/9/0.npy,500x500x6,data/legacy_gt_v1/output_img/19/9/mask_1.npy,data/legacy_gt_v1/output_img/19/9/mask_2.npy,data/legacy_gt_v1/output_img/19/9/mask_3.npy,data/legacy_gt_v1/output_img/19/9/mask_4.npy,data/legacy_gt_v1/output_img/19/9/mask_5.npy,data/legacy_gt_v1/output_img/19/9/mask_key_point.npy,500x500,500x500,500x500,500x500,500x500,500x500,true,9,
1,legacy_gt_qc_v1,19/10,19,,10,,,data/legacy_gt_v1/output_img/19/10,data/legacy_gt_v1/output_img/19/10/0.jpg,500,500,data/legacy_gt_v1/output_img/19/10/0.npy,500x500x6,data/legacy_gt_v1/output_img/19/10/mask_1.npy,data/legacy_gt_v1/output_img/19/10/mask_2.npy,data/legacy_gt_v1/output_img/19/10/mask_3.npy,data/legacy_gt_v1/output_img/19/10/mask_4.npy,data/legacy_gt_v1/output_img/19/10/mask_5.npy,data/legacy_gt_v1/output_img/19/10/mask_key_point.npy,500x500,500x500,500x500,500x500,500x500,500x500,true,10,
1,legacy_gt_qc_v1,19/11,19,,11,,,data/legacy_gt_v1/output_img/19/11,data/legacy_gt_v1/output_img/19/11/0.jpg,500,500,data/legacy_gt_v1/output_img/19/11/0.npy,500x500x6,data/legacy_gt_v1/output_img/19/11/mask_1.npy,data/legacy_gt_v1/output_img/19/11/mask_2.npy,data/legacy_gt_v1/output_img/19/11/mask_3.npy,data/legacy_gt_v1/output_img/19/11/mask_4.npy,data/legacy_gt_v1/output_img/19/11/mask_5.npy,data/legacy_gt_v1/output_img/19/11/mask_key_point.npy,500x500,500x500,500x500,500x500,500x500,500x500,true,11,
1,legacy_gt_qc_v1,19/12,19,,12,,,data/legacy_gt_v1/output_img/19/12,data/legacy_gt_v1/output_img/19/12/0.jpg,500,500,data/legacy_gt_v1/output_img/19/12/0.npy,500x500x6,data/legacy_gt_v1/output_img/19/12/mask_1.npy,data/legacy_gt_v1/output_img/19/12/mask_2.npy,data/legacy_gt_v1/output_img/19/12/mask_3.npy,data/legacy_gt_v1/output_img/19/12/mask_4.npy,data/legacy_gt_v1/output_img/19/12/mask_5.npy,data/legacy_gt_v1/output_img/19/12/mask_key_point.npy,500x500,500x500,500x500,500x500,500x500,500x500,true,12,
1,legacy_gt_qc_v1,19/13,19,,13,,,data/legacy_gt_v1/output_img/19/13,data/legacy_gt_v1/output_img/19/13/0.jpg,500,500,data/legacy_gt_v1/output_img/19/13/0.npy,500x500x6,data/legacy_gt_v1/output_img/19/13/mask_1.npy,data/legacy_gt_v1/output_img/19/13/mask_2.npy,data/legacy_gt_v1/output_img/19/13/mask_3.npy,data/legacy_gt_v1/output_img/19/13/mask_4.npy,data/legacy_gt_v1/output_img/19/13/mask_5.npy,data/legacy_gt_v1/output_img/19/13/mask_key_point.npy,500x500,500x500,500x500,500x500,500x500,500x500,true,13,
1,legacy_gt_qc_v1,19/15,19,,15,,,data/legacy_gt_v1/output_img/19/15,data/legacy_gt_v1/output_img/19/15/0.jpg,500,500,data/legacy_gt_v1/output_img/19/15/0.npy,500x500x6,data/legacy_gt_v1/output_img/19/15/mask_1.npy,data/legacy_gt_v1/output_img/19/15/mask_2.npy,data/legacy_gt_v1/output_img/19/15/mask_3.npy,data/legacy_gt_v1/output_img/19/15/mask_4.npy,data/legacy_gt_v1/output_img/19/15/mask_5.npy,data/legacy_gt_v1/output_img/19/15/mask_key_point.npy,500x500,500x500,500x500,500x500,500x500,500x500,true,15,
1,legacy_gt_qc_v1,19/16,19,,16,,,data/legacy_gt_v1/output_img/19/16,data/legacy_gt_v1/output_img/19/16/0.jpg,500,500,data/legacy_gt_v1/output_img/19/16/0.npy,500x500x6,data/legacy_gt_v1/output_img/19/16/mask_1.npy,data/legacy_gt_v1/output_img/19/16/mask_2.npy,data/legacy_gt_v1/output_img/19/16/mask_3.npy,data/legacy_gt_v1/output_img/19/16/mask_4.npy,data/legacy_gt_v1/output_img/19/16/mask_5.npy,data/legacy_gt_v1/output_img/19/16/mask_key_point.npy,500x500,500x500,500x500,500x500,500x500,500x500,true,16,
1,legacy_gt_qc_v1,19/17,19,,17,,,data/legacy_gt_v1/output_img/19/17,data/legacy_gt_v1/output_img/19/17/0.jpg,500,500,data/legacy_gt_v1/output_img/19/17/0.npy,500x500x6,data/legacy_gt_v1/output_img/19/17/mask_1.npy,data/legacy_gt_v1/output_img/19/17/mask_2.npy,data/legacy_gt_v1/output_img/19/17/mask_3.npy,data/legacy_gt_v1/output_img/19/17/mask_4.npy,data/legacy_gt_v1/output_img/19/17/mask_5.npy,data/legacy_gt_v1/output_img/19/17/mask_key_point.npy,500x500,500x500,500x500,500x500,500x500,500x500,true,17,
1,legacy_gt_qc_v1,19/18,19,,18,,,data/legacy_gt_v1/output_img/19/18,data/legacy_gt_v1/output_img/19/18/0.jpg,500,500,data/legacy_gt_v1/output_img/19/18/0.npy,500x500x6,data/legacy_gt_v1/output_img/19/18/mask_1.npy,data/legacy_gt_v1/output_img/19/18/mask_2.npy,data/legacy_gt_v1/output_img/19/18/mask_3.npy,data/legacy_gt_v1/output_img/19/18/mask_4.npy,data/legacy_gt_v1/output_img/19/18/mask_5.npy,data/legacy_gt_v1/output_img/19/18/mask_key_point.npy,500x500,500x500,500x500,500x500,500x500,500x500,true,18,
1,legacy_gt_qc_v1,19/19,19,,19,,,data/legacy_gt_v1/output_img/19/19,data/legacy_gt_v1/output_img/19/19/0.jpg,500,500,data/legacy_gt_v1/output_img/19/19/0.npy,500x500x6,data/legacy_gt_v1/output_img/19/19/mask_1.npy,data/legacy_gt_v1/output_img/19/19/mask_2.npy,data/legacy_gt_v1/output_img/19/19/mask_3.npy,data/legacy_gt_v1/output_img/19/19/mask_4.npy,data/legacy_gt_v1/output_img/19/19/mask_5.npy,data/legacy_gt_v1/output_img/19/19/mask_key_point.npy,500x500,500x500,500x500,500x500,500x500,500x500,true,19,
1,legacy_gt_qc_v1,19/20,19,,20,,,data/legacy_gt_v1/output_img/19/20,data/legacy_gt_v1/output_img/19/20/0.jpg,500,500,data/legacy_gt_v1/output_img/19/20/0.npy,500x500x6,data/legacy_gt_v1/output_img/19/20/mask_1.npy,data/legacy_gt_v1/output_img/19/20/mask_2.npy,data/legacy_gt_v1/output_img/19/20/mask_3.npy,data/legacy_gt_v1/output_img/19/20/mask_4.npy,data/legacy_gt_v1/output_img/19/20/mask_5.npy,data/legacy_gt_v1/output_img/19/20/mask_key_point.npy,500x500,500x500,500x500,500x500,500x500,500x500,true,20,
1,legacy_gt_qc_v1,20/0,20,,0,,,data/legacy_gt_v1/output_img/20/0,data/legacy_gt_v1/output_img/20/0/0.jpg,500,500,data/legacy_gt_v1/output_img/20/0/0.npy,500x500x6,data/legacy_gt_v1/output_img/20/0/mask_1.npy,data/legacy_gt_v1/output_img/20/0/mask_2.npy,data/legacy_gt_v1/output_img/20/0/mask_3.npy,data/legacy_gt_v1/output_img/20/0/mask_4.npy,data/legacy_gt_v1/output_img/20/0/mask_5.npy,data/legacy_gt_v1/output_img/20/0/mask_key_point.npy,500x500,500x500,500x500,500x500,500x500,500x500,true,20/0,
1,legacy_gt_qc_v1,20/1,20,,1,,,data/legacy_gt_v1/output_img/20/1,data/legacy_gt_v1/output_img/20/1/0.jpg,500,500,data/legacy_gt_v1/output_img/20/1/0.npy,500x500x6,data/legacy_gt_v1/output_img/20/1/mask_1.npy,data/legacy_gt_v1/output_img/20/1/mask_2.npy,data/legacy_gt_v1/output_img/20/1/mask_3.npy,data/legacy_gt_v1/output_img/20/1/mask_4.npy,data/legacy_gt_v1/output_img/20/1/mask_5.npy,data/legacy_gt_v1/output_img/20/1/mask_key_point.npy,500x500,500x500,500x500,500x500,500x500,500x500,true,1,
1,legacy_gt_qc_v1,20/2,20,,2,,,data/legacy_gt_v1/output_img/20/2,data/legacy_gt_v1/output_img/20/2/0.jpg,500,500,data/legacy_gt_v1/output_img/20/2/0.npy,500x500x6,data/legacy_gt_v1/output_img/20/2/mask_1.npy,data/legacy_gt_v1/output_img/20/2/mask_2.npy,data/legacy_gt_v1/output_img/20/2/mask_3.npy,data/legacy_gt_v1/output_img/20/2/mask_4.npy,data/legacy_gt_v1/output_img/20/2/mask_5.npy,data/legacy_gt_v1/output_img/20/2/mask_key_point.npy,500x500,500x500,500x500,500x500,500x500,500x500,true,2,
1,legacy_gt_qc_v1,20/3,20,,3,,,data/legacy_gt_v1/output_img/20/3,data/legacy_gt_v1/output_img/20/3/0.jpg,500,500,data/legacy_gt_v1/output_img/20/3/0.npy,500x500x6,data/legacy_gt_v1/output_img/20/3/mask_1.npy,data/legacy_gt_v1/output_img/20/3/mask_2.npy,data/legacy_gt_v1/output_img/20/3/mask_3.npy,data/legacy_gt_v1/output_img/20/3/mask_4.npy,data/legacy_gt_v1/output_img/20/3/mask_5.npy,data/legacy_gt_v1/output_img/20/3/mask_key_point.npy,500x500,500x500,500x500,500x500,500x500,500x500,true,3,
1,legacy_gt_qc_v1,20/4,20,,4,,,data/legacy_gt_v1/output_img/20/4,data/legacy_gt_v1/output_img/20/4/0.jpg,500,500,data/legacy_gt_v1/output_img/20/4/0.npy,500x500x6,data/legacy_gt_v1/output_img/20/4/mask_1.npy,data/legacy_gt_v1/output_img/20/4/mask_2.npy,data/legacy_gt_v1/output_img/20/4/mask_3.npy,data/legacy_gt_v1/output_img/20/4/mask_4.npy,data/legacy_gt_v1/output_img/20/4/mask_5.npy,data/legacy_gt_v1/output_img/20/4/mask_key_point.npy,500x500,500x500,500x500,500x500,500x500,500x500,true,4,
1,legacy_gt_qc_v1,20/5,20,,5,,,data/legacy_gt_v1/output_img/20/5,data/legacy_gt_v1/output_img/20/5/0.jpg,500,500,data/legacy_gt_v1/output_img/20/5/0.npy,500x500x6,data/legacy_gt_v1/output_img/20/5/mask_1.npy,data/legacy_gt_v1/output_img/20/5/mask_2.npy,data/legacy_gt_v1/output_img/20/5/mask_3.npy,data/legacy_gt_v1/output_img/20/5/mask_4.npy,data/legacy_gt_v1/output_img/20/5/mask_5.npy,data/legacy_gt_v1/output_img/20/5/mask_key_point.npy,500x500,500x500,500x500,500x500,500x500,500x500,true,5,
1,legacy_gt_qc_v1,20/6,20,,6,,,data/legacy_gt_v1/output_img/20/6,data/legacy_gt_v1/output_img/20/6/0.jpg,500,500,data/legacy_gt_v1/output_img/20/6/0.npy,500x500x6,data/legacy_gt_v1/output_img/20/6/mask_1.npy,data/legacy_gt_v1/output_img/20/6/mask_2.npy,data/legacy_gt_v1/output_img/20/6/mask_3.npy,data/legacy_gt_v1/output_img/20/6/mask_4.npy,data/legacy_gt_v1/output_img/20/6/mask_5.npy,data/legacy_gt_v1/output_img/20/6/mask_key_point.npy,500x500,500x500,500x500,500x500,500x500,500x500,true,6,
1,legacy_gt_qc_v1,20/7,20,,7,,,data/legacy_gt_v1/output_img/20/7,data/legacy_gt_v1/output_img/20/7/0.jpg,500,500,data/legacy_gt_v1/output_img/20/7/0.npy,500x500x6,data/legacy_gt_v1/output_img/20/7/mask_1.npy,data/legacy_gt_v1/output_img/20/7/mask_2.npy,data/legacy_gt_v1/output_img/20/7/mask_3.npy,data/legacy_gt_v1/output_img/20/7/mask_4.npy,data/legacy_gt_v1/output_img/20/7/mask_5.npy,data/legacy_gt_v1/output_img/20/7/mask_key_point.npy,500x500,500x500,500x500,500x500,500x500,500x500,true,7,
1,legacy_gt_qc_v1,20/8,20,,8,,,data/legacy_gt_v1/output_img/20/8,data/legacy_gt_v1/output_img/20/8/0.jpg,500,500,data/legacy_gt_v1/output_img/20/8/0.npy,500x500x6,data/legacy_gt_v1/output_img/20/8/mask_1.npy,data/legacy_gt_v1/output_img/20/8/mask_2.npy,data/legacy_gt_v1/output_img/20/8/mask_3.npy,data/legacy_gt_v1/output_img/20/8/mask_4.npy,data/legacy_gt_v1/output_img/20/8/mask_5.npy,data/legacy_gt_v1/output_img/20/8/mask_key_point.npy,500x500,500x500,500x500,500x500,500x500,500x500,true,8,
1,legacy_gt_qc_v1,20/9,20,,9,,,data/legacy_gt_v1/output_img/20/9,data/legacy_gt_v1/output_img/20/9/0.jpg,500,500,data/legacy_gt_v1/output_img/20/9/0.npy,500x500x6,data/legacy_gt_v1/output_img/20/9/mask_1.npy,data/legacy_gt_v1/output_img/20/9/mask_2.npy,data/legacy_gt_v1/output_img/20/9/mask_3.npy,data/legacy_gt_v1/output_img/20/9/mask_4.npy,data/legacy_gt_v1/output_img/20/9/mask_5.npy,data/legacy_gt_v1/output_img/20/9/mask_key_point.npy,500x500,500x500,500x500,500x500,500x500,500x500,true,9,
1,legacy_gt_qc_v1,20/10,20,,10,,,data/legacy_gt_v1/output_img/20/10,data/legacy_gt_v1/output_img/20/10/0.jpg,500,500,data/legacy_gt_v1/output_img/20/10/0.npy,500x500x6,data/legacy_gt_v1/output_img/20/10/mask_1.npy,data/legacy_gt_v1/output_img/20/10/mask_2.npy,data/legacy_gt_v1/output_img/20/10/mask_3.npy,data/legacy_gt_v1/output_img/20/10/mask_4.npy,data/legacy_gt_v1/output_img/20/10/mask_5.npy,data/legacy_gt_v1/output_img/20/10/mask_key_point.npy,500x500,500x500,500x500,500x500,500x500,500x500,true,10,
1,legacy_gt_qc_v1,20/11,20,,11,,,data/legacy_gt_v1/output_img/20/11,data/legacy_gt_v1/output_img/20/11/0.jpg,500,500,data/legacy_gt_v1/output_img/20/11/0.npy,500x500x6,data/legacy_gt_v1/output_img/20/11/mask_1.npy,data/legacy_gt_v1/output_img/20/11/mask_2.npy,data/legacy_gt_v1/output_img/20/11/mask_3.npy,data/legacy_gt_v1/output_img/20/11/mask_4.npy,data/legacy_gt_v1/output_img/20/11/mask_5.npy,data/legacy_gt_v1/output_img/20/11/mask_key_point.npy,500x500,500x500,500x500,500x500,500x500,500x500,true,11,
1,legacy_gt_qc_v1,20/12,20,,12,,,data/legacy_gt_v1/output_img/20/12,data/legacy_gt_v1/output_img/20/12/0.jpg,500,500,data/legacy_gt_v1/output_img/20/12/0.npy,500x500x6,data/legacy_gt_v1/output_img/20/12/mask_1.npy,data/legacy_gt_v1/output_img/20/12/mask_2.npy,data/legacy_gt_v1/output_img/20/12/mask_3.npy,data/legacy_gt_v1/output_img/20/12/mask_4.npy,data/legacy_gt_v1/output_img/20/12/mask_5.npy,data/legacy_gt_v1/output_img/20/12/mask_key_point.npy,500x500,500x500,500x500,500x500,500x500,500x500,true,12,
1,legacy_gt_qc_v1,20/13,20,,13,,,data/legacy_gt_v1/output_img/20/13,data/legacy_gt_v1/output_img/20/13/0.jpg,500,500,data/legacy_gt_v1/output_img/20/13/0.npy,500x500x6,data/legacy_gt_v1/output_img/20/13/mask_1.npy,data/legacy_gt_v1/output_img/20/13/mask_2.npy,data/legacy_gt_v1/output_img/20/13/mask_3.npy,data/legacy_gt_v1/output_img/20/13/mask_4.npy,data/legacy_gt_v1/output_img/20/13/mask_5.npy,data/legacy_gt_v1/output_img/20/13/mask_key_point.npy,500x500,500x500,500x500,500x500,500x500,500x500,true,13,
1,legacy_gt_qc_v1,20/14,20,,14,,,data/legacy_gt_v1/output_img/20/14,data/legacy_gt_v1/output_img/20/14/0.jpg,500,500,data/legacy_gt_v1/output_img/20/14/0.npy,500x500x6,data/legacy_gt_v1/output_img/20/14/mask_1.npy,data/legacy_gt_v1/output_img/20/14/mask_2.npy,data/legacy_gt_v1/output_img/20/14/mask_3.npy,data/legacy_gt_v1/output_img/20/14/mask_4.npy,data/legacy_gt_v1/output_img/20/14/mask_5.npy,data/legacy_gt_v1/output_img/20/14/mask_key_point.npy,500x500,500x500,500x500,500x500,500x500,500x500,true,14,
1,legacy_gt_qc_v1,20/15,20,,15,,,data/legacy_gt_v1/output_img/20/15,data/legacy_gt_v1/output_img/20/15/0.jpg,500,500,data/legacy_gt_v1/output_img/20/15/0.npy,500x500x6,data/legacy_gt_v1/output_img/20/15/mask_1.npy,data/legacy_gt_v1/output_img/20/15/mask_2.npy,data/legacy_gt_v1/output_img/20/15/mask_3.npy,data/legacy_gt_v1/output_img/20/15/mask_4.npy,data/legacy_gt_v1/output_img/20/15/mask_5.npy,data/legacy_gt_v1/output_img/20/15/mask_key_point.npy,500x500,500x500,500x500,500x500,500x500,500x500,true,15,
1,legacy_gt_qc_v1,20/16,20,,16,,,data/legacy_gt_v1/output_img/20/16,data/legacy_gt_v1/output_img/20/16/0.jpg,500,500,data/legacy_gt_v1/output_img/20/16/0.npy,500x500x6,data/legacy_gt_v1/output_img/20/16/mask_1.npy,data/legacy_gt_v1/output_img/20/16/mask_2.npy,data/legacy_gt_v1/output_img/20/16/mask_3.npy,data/legacy_gt_v1/output_img/20/16/mask_4.npy,data/legacy_gt_v1/output_img/20/16/mask_5.npy,data/legacy_gt_v1/output_img/20/16/mask_key_point.npy,500x500,500x500,500x500,500x500,500x500,500x500,true,16,
1,legacy_gt_qc_v1,20/17,20,,17,,,data/legacy_gt_v1/output_img/20/17,data/legacy_gt_v1/output_img/20/17/0.jpg,500,500,data/legacy_gt_v1/output_img/20/17/0.npy,500x500x6,data/legacy_gt_v1/output_img/20/17/mask_1.npy,data/legacy_gt_v1/output_img/20/17/mask_2.npy,data/legacy_gt_v1/output_img/20/17/mask_3.npy,data/legacy_gt_v1/output_img/20/17/mask_4.npy,data/legacy_gt_v1/output_img/20/17/mask_5.npy,data/legacy_gt_v1/output_img/20/17/mask_key_point.npy,500x500,500x500,500x500,500x500,500x500,500x500,true,17,
1,legacy_gt_qc_v1,20/18,20,,18,,,data/legacy_gt_v1/output_img/20/18,data/legacy_gt_v1/output_img/20/18/0.jpg,500,500,data/legacy_gt_v1/output_img/20/18/0.npy,500x500x6,data/legacy_gt_v1/output_img/20/18/mask_1.npy,data/legacy_gt_v1/output_img/20/18/mask_2.npy,data/legacy_gt_v1/output_img/20/18/mask_3.npy,data/legacy_gt_v1/output_img/20/18/mask_4.npy,data/legacy_gt_v1/output_img/20/18/mask_5.npy,data/legacy_gt_v1/output_img/20/18/mask_key_point.npy,500x500,500x500,500x500,500x500,500x500,500x500,true,18,
1,legacy_gt_qc_v1,20/19,20,,19,,,data/legacy_gt_v1/output_img/20/19,data/legacy_gt_v1/output_img/20/19/0.jpg,500,500,data/legacy_gt_v1/output_img/20/19/0.npy,500x500x6,data/legacy_gt_v1/output_img/20/19/mask_1.npy,data/legacy_gt_v1/output_img/20/19/mask_2.npy,data/legacy_gt_v1/output_img/20/19/mask_3.npy,data/legacy_gt_v1/output_img/20/19/mask_4.npy,data/legacy_gt_v1/output_img/20/19/mask_5.npy,data/legacy_gt_v1/output_img/20/19/mask_key_point.npy,500x500,500x500,500x500,500x500,500x500,500x500,true,19,
1,legacy_gt_qc_v1,20/20,20,,20,,,data/legacy_gt_v1/output_img/20/20,data/legacy_gt_v1/output_img/20/20/0.jpg,500,500,data/legacy_gt_v1/output_img/20/20/0.npy,500x500x6,data/legacy_gt_v1/output_img/20/20/mask_1.npy,data/legacy_gt_v1/output_img/20/20/mask_2.npy,data/legacy_gt_v1/output_img/20/20/mask_3.npy,data/legacy_gt_v1/output_img/20/20/mask_4.npy,data/legacy_gt_v1/output_img/20/20/mask_5.npy,data/legacy_gt_v1/output_img/20/20/mask_key_point.npy,500x500,500x500,500x500,500x500,500x500,500x500,true,20,
1,legacy_gt_qc_v1,21/0,21,,0,,,data/legacy_gt_v1/output_img/21/0,data/legacy_gt_v1/output_img/21/0/0.jpg,500,500,data/legacy_gt_v1/output_img/21/0/0.npy,500x500x6,data/legacy_gt_v1/output_img/21/0/mask_1.npy,data/legacy_gt_v1/output_img/21/0/mask_2.npy,data/legacy_gt_v1/output_img/21/0/mask_3.npy,data/legacy_gt_v1/output_img/21/0/mask_4.npy,data/legacy_gt_v1/output_img/21/0/mask_5.npy,data/legacy_gt_v1/output_img/21/0/mask_key_point.npy,500x500,500x500,500x500,500x500,500x500,500x500,true,21/0,
1,legacy_gt_qc_v1,21/1,21,,1,,,data/legacy_gt_v1/output_img/21/1,data/legacy_gt_v1/output_img/21/1/0.jpg,500,500,data/legacy_gt_v1/output_img/21/1/0.npy,500x500x6,data/legacy_gt_v1/output_img/21/1/mask_1.npy,data/legacy_gt_v1/output_img/21/1/mask_2.npy,data/legacy_gt_v1/output_img/21/1/mask_3.npy,data/legacy_gt_v1/output_img/21/1/mask_4.npy,data/legacy_gt_v1/output_img/21/1/mask_5.npy,data/legacy_gt_v1/output_img/21/1/mask_key_point.npy,500x500,500x500,500x500,500x500,500x500,500x500,true,1,
1,legacy_gt_qc_v1,21/2,21,,2,,,data/legacy_gt_v1/output_img/21/2,data/legacy_gt_v1/output_img/21/2/0.jpg,500,500,data/legacy_gt_v1/output_img/21/2/0.npy,500x500x6,data/legacy_gt_v1/output_img/21/2/mask_1.npy,data/legacy_gt_v1/output_img/21/2/mask_2.npy,data/legacy_gt_v1/output_img/21/2/mask_3.npy,data/legacy_gt_v1/output_img/21/2/mask_4.npy,data/legacy_gt_v1/output_img/21/2/mask_5.npy,data/legacy_gt_v1/output_img/21/2/mask_key_point.npy,500x500,500x500,500x500,500x500,500x500,500x500,true,2,
1,legacy_gt_qc_v1,21/3,21,,3,,,data/legacy_gt_v1/output_img/21/3,data/legacy_gt_v1/output_img/21/3/0.jpg,500,500,data/legacy_gt_v1/output_img/21/3/0.npy,500x500x6,data/legacy_gt_v1/output_img/21/3/mask_1.npy,data/legacy_gt_v1/output_img/21/3/mask_2.npy,data/legacy_gt_v1/output_img/21/3/mask_3.npy,data/legacy_gt_v1/output_img/21/3/mask_4.npy,data/legacy_gt_v1/output_img/21/3/mask_5.npy,data/legacy_gt_v1/output_img/21/3/mask_key_point.npy,500x500,500x500,500x500,500x500,500x500,500x500,true,3,
1,legacy_gt_qc_v1,21/4,21,,4,,,data/legacy_gt_v1/output_img/21/4,data/legacy_gt_v1/output_img/21/4/0.jpg,500,500,data/legacy_gt_v1/output_img/21/4/0.npy,500x500x6,data/legacy_gt_v1/output_img/21/4/mask_1.npy,data/legacy_gt_v1/output_img/21/4/mask_2.npy,data/legacy_gt_v1/output_img/21/4/mask_3.npy,data/legacy_gt_v1/output_img/21/4/mask_4.npy,data/legacy_gt_v1/output_img/21/4/mask_5.npy,data/legacy_gt_v1/output_img/21/4/mask_key_point.npy,500x500,500x500,500x500,500x500,500x500,500x500,true,4,
1,legacy_gt_qc_v1,21/5,21,,5,,,data/legacy_gt_v1/output_img/21/5,data/legacy_gt_v1/output_img/21/5/0.jpg,500,500,data/legacy_gt_v1/output_img/21/5/0.npy,500x500x6,data/legacy_gt_v1/output_img/21/5/mask_1.npy,data/legacy_gt_v1/output_img/21/5/mask_2.npy,data/legacy_gt_v1/output_img/21/5/mask_3.npy,data/legacy_gt_v1/output_img/21/5/mask_4.npy,data/legacy_gt_v1/output_img/21/5/mask_5.npy,data/legacy_gt_v1/output_img/21/5/mask_key_point.npy,500x500,500x500,500x500,500x500,500x500,500x500,true,5,
1,legacy_gt_qc_v1,21/6,21,,6,,,data/legacy_gt_v1/output_img/21/6,data/legacy_gt_v1/output_img/21/6/0.jpg,500,500,data/legacy_gt_v1/output_img/21/6/0.npy,500x500x6,data/legacy_gt_v1/output_img/21/6/mask_1.npy,data/legacy_gt_v1/output_img/21/6/mask_2.npy,data/legacy_gt_v1/output_img/21/6/mask_3.npy,data/legacy_gt_v1/output_img/21/6/mask_4.npy,data/legacy_gt_v1/output_img/21/6/mask_5.npy,data/legacy_gt_v1/output_img/21/6/mask_key_point.npy,500x500,500x500,500x500,500x500,500x500,500x500,true,6,
1,legacy_gt_qc_v1,21/7,21,,7,,,data/legacy_gt_v1/output_img/21/7,data/legacy_gt_v1/output_img/21/7/0.jpg,500,500,data/legacy_gt_v1/output_img/21/7/0.npy,500x500x6,data/legacy_gt_v1/output_img/21/7/mask_1.npy,data/legacy_gt_v1/output_img/21/7/mask_2.npy,data/legacy_gt_v1/output_img/21/7/mask_3.npy,data/legacy_gt_v1/output_img/21/7/mask_4.npy,data/legacy_gt_v1/output_img/21/7/mask_5.npy,data/legacy_gt_v1/output_img/21/7/mask_key_point.npy,500x500,500x500,500x500,500x500,500x500,500x500,true,7,
1,legacy_gt_qc_v1,21/8,21,,8,,,data/legacy_gt_v1/output_img/21/8,data/legacy_gt_v1/output_img/21/8/0.jpg,500,500,data/legacy_gt_v1/output_img/21/8/0.npy,500x500x6,data/legacy_gt_v1/output_img/21/8/mask_1.npy,data/legacy_gt_v1/output_img/21/8/mask_2.npy,data/legacy_gt_v1/output_img/21/8/mask_3.npy,data/legacy_gt_v1/output_img/21/8/mask_4.npy,data/legacy_gt_v1/output_img/21/8/mask_5.npy,data/legacy_gt_v1/output_img/21/8/mask_key_point.npy,500x500,500x500,500x500,500x500,500x500,500x500,true,8,
1,legacy_gt_qc_v1,21/9,21,,9,,,data/legacy_gt_v1/output_img/21/9,data/legacy_gt_v1/output_img/21/9/0.jpg,500,500,data/legacy_gt_v1/output_img/21/9/0.npy,500x500x6,data/legacy_gt_v1/output_img/21/9/mask_1.npy,data/legacy_gt_v1/output_img/21/9/mask_2.npy,data/legacy_gt_v1/output_img/21/9/mask_3.npy,data/legacy_gt_v1/output_img/21/9/mask_4.npy,data/legacy_gt_v1/output_img/21/9/mask_5.npy,data/legacy_gt_v1/output_img/21/9/mask_key_point.npy,500x500,500x500,500x500,500x500,500x500,500x500,true,9,
1,legacy_gt_qc_v1,21/10,21,,10,,,data/legacy_gt_v1/output_img/21/10,data/legacy_gt_v1/output_img/21/10/0.jpg,500,500,data/legacy_gt_v1/output_img/21/10/0.npy,500x500x6,data/legacy_gt_v1/output_img/21/10/mask_1.npy,data/legacy_gt_v1/output_img/21/10/mask_2.npy,data/legacy_gt_v1/output_img/21/10/mask_3.npy,data/legacy_gt_v1/output_img/21/10/mask_4.npy,data/legacy_gt_v1/output_img/21/10/mask_5.npy,data/legacy_gt_v1/output_img/21/10/mask_key_point.npy,500x500,500x500,500x500,500x500,500x500,500x500,true,10,
1,legacy_gt_qc_v1,21/11,21,,11,,,data/legacy_gt_v1/output_img/21/11,data/legacy_gt_v1/output_img/21/11/0.jpg,500,500,data/legacy_gt_v1/output_img/21/11/0.npy,500x500x6,data/legacy_gt_v1/output_img/21/11/mask_1.npy,data/legacy_gt_v1/output_img/21/11/mask_2.npy,data/legacy_gt_v1/output_img/21/11/mask_3.npy,data/legacy_gt_v1/output_img/21/11/mask_4.npy,data/legacy_gt_v1/output_img/21/11/mask_5.npy,data/legacy_gt_v1/output_img/21/11/mask_key_point.npy,500x500,500x500,500x500,500x500,500x500,500x500,true,11,
1,legacy_gt_qc_v1,21/12,21,,12,,,data/legacy_gt_v1/output_img/21/12,data/legacy_gt_v1/output_img/21/12/0.jpg,500,500,data/legacy_gt_v1/output_img/21/12/0.npy,500x500x6,data/legacy_gt_v1/output_img/21/12/mask_1.npy,data/legacy_gt_v1/output_img/21/12/mask_2.npy,data/legacy_gt_v1/output_img/21/12/mask_3.npy,data/legacy_gt_v1/output_img/21/12/mask_4.npy,data/legacy_gt_v1/output_img/21/12/mask_5.npy,data/legacy_gt_v1/output_img/21/12/mask_key_point.npy,500x500,500x500,500x500,500x500,500x500,500x500,true,12,
1,legacy_gt_qc_v1,21/13,21,,13,,,data/legacy_gt_v1/output_img/21/13,data/legacy_gt_v1/output_img/21/13/0.jpg,500,500,data/legacy_gt_v1/output_img/21/13/0.npy,500x500x6,data/legacy_gt_v1/output_img/21/13/mask_1.npy,data/legacy_gt_v1/output_img/21/13/mask_2.npy,data/legacy_gt_v1/output_img/21/13/mask_3.npy,data/legacy_gt_v1/output_img/21/13/mask_4.npy,data/legacy_gt_v1/output_img/21/13/mask_5.npy,data/legacy_gt_v1/output_img/21/13/mask_key_point.npy,500x500,500x500,500x500,500x500,500x500,500x500,true,13,
1,legacy_gt_qc_v1,21/14,21,,14,,,data/legacy_gt_v1/output_img/21/14,data/legacy_gt_v1/output_img/21/14/0.jpg,500,500,data/legacy_gt_v1/output_img/21/14/0.npy,500x500x6,data/legacy_gt_v1/output_img/21/14/mask_1.npy,data/legacy_gt_v1/output_img/21/14/mask_2.npy,data/legacy_gt_v1/output_img/21/14/mask_3.npy,data/legacy_gt_v1/output_img/21/14/mask_4.npy,data/legacy_gt_v1/output_img/21/14/mask_5.npy,data/legacy_gt_v1/output_img/21/14/mask_key_point.npy,500x500,500x500,500x500,500x500,500x500,500x500,true,14,
1,legacy_gt_qc_v1,21/15,21,,15,,,data/legacy_gt_v1/output_img/21/15,data/legacy_gt_v1/output_img/21/15/0.jpg,500,500,data/legacy_gt_v1/output_img/21/15/0.npy,500x500x6,data/legacy_gt_v1/output_img/21/15/mask_1.npy,data/legacy_gt_v1/output_img/21/15/mask_2.npy,data/legacy_gt_v1/output_img/21/15/mask_3.npy,data/legacy_gt_v1/output_img/21/15/mask_4.npy,data/legacy_gt_v1/output_img/21/15/mask_5.npy,data/legacy_gt_v1/output_img/21/15/mask_key_point.npy,500x500,500x500,500x500,500x500,500x500,500x500,true,15,
1,legacy_gt_qc_v1,21/16,21,,16,,,data/legacy_gt_v1/output_img/21/16,data/legacy_gt_v1/output_img/21/16/0.jpg,500,500,data/legacy_gt_v1/output_img/21/16/0.npy,500x500x6,data/legacy_gt_v1/output_img/21/16/mask_1.npy,data/legacy_gt_v1/output_img/21/16/mask_2.npy,data/legacy_gt_v1/output_img/21/16/mask_3.npy,data/legacy_gt_v1/output_img/21/16/mask_4.npy,data/legacy_gt_v1/output_img/21/16/mask_5.npy,data/legacy_gt_v1/output_img/21/16/mask_key_point.npy,500x500,500x500,500x500,500x500,500x500,500x500,true,16,
1,legacy_gt_qc_v1,21/17,21,,17,,,data/legacy_gt_v1/output_img/21/17,data/legacy_gt_v1/output_img/21/17/0.jpg,500,500,data/legacy_gt_v1/output_img/21/17/0.npy,500x500x6,data/legacy_gt_v1/output_img/21/17/mask_1.npy,data/legacy_gt_v1/output_img/21/17/mask_2.npy,data/legacy_gt_v1/output_img/21/17/mask_3.npy,data/legacy_gt_v1/output_img/21/17/mask_4.npy,data/legacy_gt_v1/output_img/21/17/mask_5.npy,data/legacy_gt_v1/output_img/21/17/mask_key_point.npy,500x500,500x500,500x500,500x500,500x500,500x500,true,17,
1,legacy_gt_qc_v1,21/18,21,,18,,,data/legacy_gt_v1/output_img/21/18,data/legacy_gt_v1/output_img/21/18/0.jpg,500,500,data/legacy_gt_v1/output_img/21/18/0.npy,500x500x6,data/legacy_gt_v1/output_img/21/18/mask_1.npy,data/legacy_gt_v1/output_img/21/18/mask_2.npy,data/legacy_gt_v1/output_img/21/18/mask_3.npy,data/legacy_gt_v1/output_img/21/18/mask_4.npy,data/legacy_gt_v1/output_img/21/18/mask_5.npy,data/legacy_gt_v1/output_img/21/18/mask_key_point.npy,500x500,500x500,500x500,500x500,500x500,500x500,true,18,
1,legacy_gt_qc_v1,21/19,21,,19,,,data/legacy_gt_v1/output_img/21/19,data/legacy_gt_v1/output_img/21/19/0.jpg,500,500,data/legacy_gt_v1/output_img/21/19/0.npy,500x500x6,data/legacy_gt_v1/output_img/21/19/mask_1.npy,data/legacy_gt_v1/output_img/21/19/mask_2.npy,data/legacy_gt_v1/output_img/21/19/mask_3.npy,data/legacy_gt_v1/output_img/21/19/mask_4.npy,data/legacy_gt_v1/output_img/21/19/mask_5.npy,data/legacy_gt_v1/output_img/21/19/mask_key_point.npy,500x500,500x500,500x500,500x500,500x500,500x500,true,19,
1,legacy_gt_qc_v1,21/20,21,,20,,,data/legacy_gt_v1/output_img/21/20,data/legacy_gt_v1/output_img/21/20/0.jpg,500,500,data/legacy_gt_v1/output_img/21/20/0.npy,500x500x6,data/legacy_gt_v1/output_img/21/20/mask_1.npy,data/legacy_gt_v1/output_img/21/20/mask_2.npy,data/legacy_gt_v1/output_img/21/20/mask_3.npy,data/legacy_gt_v1/output_img/21/20/mask_4.npy,data/legacy_gt_v1/output_img/21/20/mask_5.npy,data/legacy_gt_v1/output_img/21/20/mask_key_point.npy,500x500,500x500,500x500,500x500,500x500,500x500,true,20,
1,legacy_gt_qc_v1,22/0,22,,0,,,data/legacy_gt_v1/output_img/22/0,data/legacy_gt_v1/output_img/22/0/0.jpg,500,500,data/legacy_gt_v1/output_img/22/0/0.npy,500x500x6,data/legacy_gt_v1/output_img/22/0/mask_1.npy,data/legacy_gt_v1/output_img/22/0/mask_2.npy,data/legacy_gt_v1/output_img/22/0/mask_3.npy,data/legacy_gt_v1/output_img/22/0/mask_4.npy,data/legacy_gt_v1/output_img/22/0/mask_5.npy,data/legacy_gt_v1/output_img/22/0/mask_key_point.npy,500x500,500x500,500x500,500x500,500x500,500x500,true,22/0,
1,legacy_gt_qc_v1,22/1,22,,1,,,data/legacy_gt_v1/output_img/22/1,data/legacy_gt_v1/output_img/22/1/0.jpg,500,500,data/legacy_gt_v1/output_img/22/1/0.npy,500x500x6,data/legacy_gt_v1/output_img/22/1/mask_1.npy,data/legacy_gt_v1/output_img/22/1/mask_2.npy,data/legacy_gt_v1/output_img/22/1/mask_3.npy,data/legacy_gt_v1/output_img/22/1/mask_4.npy,data/legacy_gt_v1/output_img/22/1/mask_5.npy,data/legacy_gt_v1/output_img/22/1/mask_key_point.npy,500x500,500x500,500x500,500x500,500x500,500x500,true,1,
1,legacy_gt_qc_v1,22/2,22,,2,,,data/legacy_gt_v1/output_img/22/2,data/legacy_gt_v1/output_img/22/2/0.jpg,500,500,data/legacy_gt_v1/output_img/22/2/0.npy,500x500x6,data/legacy_gt_v1/output_img/22/2/mask_1.npy,data/legacy_gt_v1/output_img/22/2/mask_2.npy,data/legacy_gt_v1/output_img/22/2/mask_3.npy,data/legacy_gt_v1/output_img/22/2/mask_4.npy,data/legacy_gt_v1/output_img/22/2/mask_5.npy,data/legacy_gt_v1/output_img/22/2/mask_key_point.npy,500x500,500x500,500x500,500x500,500x500,500x500,true,2,
1,legacy_gt_qc_v1,22/3,22,,3,,,data/legacy_gt_v1/output_img/22/3,data/legacy_gt_v1/output_img/22/3/0.jpg,500,500,data/legacy_gt_v1/output_img/22/3/0.npy,500x500x6,data/legacy_gt_v1/output_img/22/3/mask_1.npy,data/legacy_gt_v1/output_img/22/3/mask_2.npy,data/legacy_gt_v1/output_img/22/3/mask_3.npy,data/legacy_gt_v1/output_img/22/3/mask_4.npy,data/legacy_gt_v1/output_img/22/3/mask_5.npy,data/legacy_gt_v1/output_img/22/3/mask_key_point.npy,500x500,500x500,500x500,500x500,500x500,500x500,true,3,
1,legacy_gt_qc_v1,22/4,22,,4,,,data/legacy_gt_v1/output_img/22/4,data/legacy_gt_v1/output_img/22/4/0.jpg,500,500,data/legacy_gt_v1/output_img/22/4/0.npy,500x500x6,data/legacy_gt_v1/output_img/22/4/mask_1.npy,data/legacy_gt_v1/output_img/22/4/mask_2.npy,data/legacy_gt_v1/output_img/22/4/mask_3.npy,data/legacy_gt_v1/output_img/22/4/mask_4.npy,data/legacy_gt_v1/output_img/22/4/mask_5.npy,data/legacy_gt_v1/output_img/22/4/mask_key_point.npy,500x500,500x500,500x500,500x500,500x500,500x500,true,4,
1,legacy_gt_qc_v1,22/5,22,,5,,,data/legacy_gt_v1/output_img/22/5,data/legacy_gt_v1/output_img/22/5/0.jpg,500,500,data/legacy_gt_v1/output_img/22/5/0.npy,500x500x6,data/legacy_gt_v1/output_img/22/5/mask_1.npy,data/legacy_gt_v1/output_img/22/5/mask_2.npy,data/legacy_gt_v1/output_img/22/5/mask_3.npy,data/legacy_gt_v1/output_img/22/5/mask_4.npy,data/legacy_gt_v1/output_img/22/5/mask_5.npy,data/legacy_gt_v1/output_img/22/5/mask_key_point.npy,500x500,500x500,500x500,500x500,500x500,500x500,true,5,
1,legacy_gt_qc_v1,22/6,22,,6,,,data/legacy_gt_v1/output_img/22/6,data/legacy_gt_v1/output_img/22/6/0.jpg,500,500,data/legacy_gt_v1/output_img/22/6/0.npy,500x500x6,data/legacy_gt_v1/output_img/22/6/mask_1.npy,data/legacy_gt_v1/output_img/22/6/mask_2.npy,data/legacy_gt_v1/output_img/22/6/mask_3.npy,data/legacy_gt_v1/output_img/22/6/mask_4.npy,data/legacy_gt_v1/output_img/22/6/mask_5.npy,data/legacy_gt_v1/output_img/22/6/mask_key_point.npy,500x500,500x500,500x500,500x500,500x500,500x500,true,6,
1,legacy_gt_qc_v1,22/7,22,,7,,,data/legacy_gt_v1/output_img/22/7,data/legacy_gt_v1/output_img/22/7/0.jpg,500,500,data/legacy_gt_v1/output_img/22/7/0.npy,500x500x6,data/legacy_gt_v1/output_img/22/7/mask_1.npy,data/legacy_gt_v1/output_img/22/7/mask_2.npy,data/legacy_gt_v1/output_img/22/7/mask_3.npy,data/legacy_gt_v1/output_img/22/7/mask_4.npy,data/legacy_gt_v1/output_img/22/7/mask_5.npy,data/legacy_gt_v1/output_img/22/7/mask_key_point.npy,500x500,500x500,500x500,500x500,500x500,500x500,true,7,
1,legacy_gt_qc_v1,22/8,22,,8,,,data/legacy_gt_v1/output_img/22/8,data/legacy_gt_v1/output_img/22/8/0.jpg,500,500,data/legacy_gt_v1/output_img/22/8/0.npy,500x500x6,data/legacy_gt_v1/output_img/22/8/mask_1.npy,data/legacy_gt_v1/output_img/22/8/mask_2.npy,data/legacy_gt_v1/output_img/22/8/mask_3.npy,data/legacy_gt_v1/output_img/22/8/mask_4.npy,data/legacy_gt_v1/output_img/22/8/mask_5.npy,data/legacy_gt_v1/output_img/22/8/mask_key_point.npy,500x500,500x500,500x500,500x500,500x500,500x500,true,8,
1,legacy_gt_qc_v1,22/9,22,,9,,,data/legacy_gt_v1/output_img/22/9,data/legacy_gt_v1/output_img/22/9/0.jpg,500,500,data/legacy_gt_v1/output_img/22/9/0.npy,500x500x6,data/legacy_gt_v1/output_img/22/9/mask_1.npy,data/legacy_gt_v1/output_img/22/9/mask_2.npy,data/legacy_gt_v1/output_img/22/9/mask_3.npy,data/legacy_gt_v1/output_img/22/9/mask_4.npy,data/legacy_gt_v1/output_img/22/9/mask_5.npy,data/legacy_gt_v1/output_img/22/9/mask_key_point.npy,500x500,500x500,500x500,500x500,500x500,500x500,true,9,
1,legacy_gt_qc_v1,22/10,22,,10,,,data/legacy_gt_v1/output_img/22/10,data/legacy_gt_v1/output_img/22/10/0.jpg,500,500,data/legacy_gt_v1/output_img/22/10/0.npy,500x500x6,data/legacy_gt_v1/output_img/22/10/mask_1.npy,data/legacy_gt_v1/output_img/22/10/mask_2.npy,data/legacy_gt_v1/output_img/22/10/mask_3.npy,data/legacy_gt_v1/output_img/22/10/mask_4.npy,data/legacy_gt_v1/output_img/22/10/mask_5.npy,data/legacy_gt_v1/output_img/22/10/mask_key_point.npy,500x500,500x500,500x500,500x500,500x500,500x500,true,10,
1,legacy_gt_qc_v1,22/11,22,,11,,,data/legacy_gt_v1/output_img/22/11,data/legacy_gt_v1/output_img/22/11/0.jpg,500,500,data/legacy_gt_v1/output_img/22/11/0.npy,500x500x6,data/legacy_gt_v1/output_img/22/11/mask_1.npy,data/legacy_gt_v1/output_img/22/11/mask_2.npy,data/legacy_gt_v1/output_img/22/11/mask_3.npy,data/legacy_gt_v1/output_img/22/11/mask_4.npy,data/legacy_gt_v1/output_img/22/11/mask_5.npy,data/legacy_gt_v1/output_img/22/11/mask_key_point.npy,500x500,500x500,500x500,500x500,500x500,500x500,true,11,
1,legacy_gt_qc_v1,22/12,22,,12,,,data/legacy_gt_v1/output_img/22/12,data/legacy_gt_v1/output_img/22/12/0.jpg,500,500,data/legacy_gt_v1/output_img/22/12/0.npy,500x500x6,data/legacy_gt_v1/output_img/22/12/mask_1.npy,data/legacy_gt_v1/output_img/22/12/mask_2.npy,data/legacy_gt_v1/output_img/22/12/mask_3.npy,data/legacy_gt_v1/output_img/22/12/mask_4.npy,data/legacy_gt_v1/output_img/22/12/mask_5.npy,data/legacy_gt_v1/output_img/22/12/mask_key_point.npy,500x500,500x500,500x500,500x500,500x500,500x500,true,12,
1,legacy_gt_qc_v1,22/13,22,,13,,,data/legacy_gt_v1/output_img/22/13,data/legacy_gt_v1/output_img/22/13/0.jpg,500,500,data/legacy_gt_v1/output_img/22/13/0.npy,500x500x6,data/legacy_gt_v1/output_img/22/13/mask_1.npy,data/legacy_gt_v1/output_img/22/13/mask_2.npy,data/legacy_gt_v1/output_img/22/13/mask_3.npy,data/legacy_gt_v1/output_img/22/13/mask_4.npy,data/legacy_gt_v1/output_img/22/13/mask_5.npy,data/legacy_gt_v1/output_img/22/13/mask_key_point.npy,500x500,500x500,500x500,500x500,500x500,500x500,true,13,
1,legacy_gt_qc_v1,22/14,22,,14,,,data/legacy_gt_v1/output_img/22/14,data/legacy_gt_v1/output_img/22/14/0.jpg,500,500,data/legacy_gt_v1/output_img/22/14/0.npy,500x500x6,data/legacy_gt_v1/output_img/22/14/mask_1.npy,data/legacy_gt_v1/output_img/22/14/mask_2.npy,data/legacy_gt_v1/output_img/22/14/mask_3.npy,data/legacy_gt_v1/output_img/22/14/mask_4.npy,data/legacy_gt_v1/output_img/22/14/mask_5.npy,data/legacy_gt_v1/output_img/22/14/mask_key_point.npy,500x500,500x500,500x500,500x500,500x500,500x500,true,14,
1,legacy_gt_qc_v1,22/15,22,,15,,,data/legacy_gt_v1/output_img/22/15,data/legacy_gt_v1/output_img/22/15/0.jpg,500,500,data/legacy_gt_v1/output_img/22/15/0.npy,500x500x6,data/legacy_gt_v1/output_img/22/15/mask_1.npy,data/legacy_gt_v1/output_img/22/15/mask_2.npy,data/legacy_gt_v1/output_img/22/15/mask_3.npy,data/legacy_gt_v1/output_img/22/15/mask_4.npy,data/legacy_gt_v1/output_img/22/15/mask_5.npy,data/legacy_gt_v1/output_img/22/15/mask_key_point.npy,500x500,500x500,500x500,500x500,500x500,500x500,true,15,
1,legacy_gt_qc_v1,22/16,22,,16,,,data/legacy_gt_v1/output_img/22/16,data/legacy_gt_v1/output_img/22/16/0.jpg,500,500,data/legacy_gt_v1/output_img/22/16/0.npy,500x500x6,data/legacy_gt_v1/output_img/22/16/mask_1.npy,data/legacy_gt_v1/output_img/22/16/mask_2.npy,data/legacy_gt_v1/output_img/22/16/mask_3.npy,data/legacy_gt_v1/output_img/22/16/mask_4.npy,data/legacy_gt_v1/output_img/22/16/mask_5.npy,data/legacy_gt_v1/output_img/22/16/mask_key_point.npy,500x500,500x500,500x500,500x500,500x500,500x500,true,16,
1,legacy_gt_qc_v1,22/17,22,,17,,,data/legacy_gt_v1/output_img/22/17,data/legacy_gt_v1/output_img/22/17/0.jpg,500,500,data/legacy_gt_v1/output_img/22/17/0.npy,500x500x6,data/legacy_gt_v1/output_img/22/17/mask_1.npy,data/legacy_gt_v1/output_img/22/17/mask_2.npy,data/legacy_gt_v1/output_img/22/17/mask_3.npy,data/legacy_gt_v1/output_img/22/17/mask_4.npy,data/legacy_gt_v1/output_img/22/17/mask_5.npy,data/legacy_gt_v1/output_img/22/17/mask_key_point.npy,500x500,500x500,500x500,500x500,500x500,500x500,true,17,
1,legacy_gt_qc_v1,22/18,22,,18,,,data/legacy_gt_v1/output_img/22/18,data/legacy_gt_v1/output_img/22/18/0.jpg,500,500,data/legacy_gt_v1/output_img/22/18/0.npy,500x500x6,data/legacy_gt_v1/output_img/22/18/mask_1.npy,data/legacy_gt_v1/output_img/22/18/mask_2.npy,data/legacy_gt_v1/output_img/22/18/mask_3.npy,data/legacy_gt_v1/output_img/22/18/mask_4.npy,data/legacy_gt_v1/output_img/22/18/mask_5.npy,data/legacy_gt_v1/output_img/22/18/mask_key_point.npy,500x500,500x500,500x500,500x500,500x500,500x500,true,18,
1,legacy_gt_qc_v1,22/19,22,,19,,,data/legacy_gt_v1/output_img/22/19,data/legacy_gt_v1/output_img/22/19/0.jpg,500,500,data/legacy_gt_v1/output_img/22/19/0.npy,500x500x6,data/legacy_gt_v1/output_img/22/19/mask_1.npy,data/legacy_gt_v1/output_img/22/19/mask_2.npy,data/legacy_gt_v1/output_img/22/19/mask_3.npy,data/legacy_gt_v1/output_img/22/19/mask_4.npy,data/legacy_gt_v1/output_img/22/19/mask_5.npy,data/legacy_gt_v1/output_img/22/19/mask_key_point.npy,500x500,500x500,500x500,500x500,500x500,500x500,true,19,
1,legacy_gt_qc_v1,22/20,22,,20,,,data/legacy_gt_v1/output_img/22/20,data/legacy_gt_v1/output_img/22/20/0.jpg,500,500,data/legacy_gt_v1/output_img/22/20/0.npy,500x500x6,data/legacy_gt_v1/output_img/22/20/mask_1.npy,data/legacy_gt_v1/output_img/22/20/mask_2.npy,data/legacy_gt_v1/output_img/22/20/mask_3.npy,data/legacy_gt_v1/output_img/22/20/mask_4.npy,data/legacy_gt_v1/output_img/22/20/mask_5.npy,data/legacy_gt_v1/output_img/22/20/mask_key_point.npy,500x500,500x500,500x500,500x500,500x500,500x500,true,20,
1,legacy_gt_qc_v1,23/0,23,,0,,,data/legacy_gt_v1/output_img/23/0,data/legacy_gt_v1/output_img/23/0/0.jpg,500,500,data/legacy_gt_v1/output_img/23/0/0.npy,500x500x6,data/legacy_gt_v1/output_img/23/0/mask_1.npy,data/legacy_gt_v1/output_img/23/0/mask_2.npy,data/legacy_gt_v1/output_img/23/0/mask_3.npy,data/legacy_gt_v1/output_img/23/0/mask_4.npy,data/legacy_gt_v1/output_img/23/0/mask_5.npy,data/legacy_gt_v1/output_img/23/0/mask_key_point.npy,500x500,500x500,500x500,500x500,500x500,500x500,true,23/0,
1,legacy_gt_qc_v1,23/1,23,,1,,,data/legacy_gt_v1/output_img/23/1,data/legacy_gt_v1/output_img/23/1/0.jpg,500,500,data/legacy_gt_v1/output_img/23/1/0.npy,500x500x6,data/legacy_gt_v1/output_img/23/1/mask_1.npy,data/legacy_gt_v1/output_img/23/1/mask_2.npy,data/legacy_gt_v1/output_img/23/1/mask_3.npy,data/legacy_gt_v1/output_img/23/1/mask_4.npy,data/legacy_gt_v1/output_img/23/1/mask_5.npy,data/legacy_gt_v1/output_img/23/1/mask_key_point.npy,500x500,500x500,500x500,500x500,500x500,500x500,true,1,
1,legacy_gt_qc_v1,23/2,23,,2,,,data/legacy_gt_v1/output_img/23/2,data/legacy_gt_v1/output_img/23/2/0.jpg,500,500,data/legacy_gt_v1/output_img/23/2/0.npy,500x500x6,data/legacy_gt_v1/output_img/23/2/mask_1.npy,data/legacy_gt_v1/output_img/23/2/mask_2.npy,data/legacy_gt_v1/output_img/23/2/mask_3.npy,data/legacy_gt_v1/output_img/23/2/mask_4.npy,data/legacy_gt_v1/output_img/23/2/mask_5.npy,data/legacy_gt_v1/output_img/23/2/mask_key_point.npy,500x500,500x500,500x500,500x500,500x500,500x500,true,2,
1,legacy_gt_qc_v1,23/3,23,,3,,,data/legacy_gt_v1/output_img/23/3,data/legacy_gt_v1/output_img/23/3/0.jpg,500,500,data/legacy_gt_v1/output_img/23/3/0.npy,500x500x6,data/legacy_gt_v1/output_img/23/3/mask_1.npy,data/legacy_gt_v1/output_img/23/3/mask_2.npy,data/legacy_gt_v1/output_img/23/3/mask_3.npy,data/legacy_gt_v1/output_img/23/3/mask_4.npy,data/legacy_gt_v1/output_img/23/3/mask_5.npy,data/legacy_gt_v1/output_img/23/3/mask_key_point.npy,500x500,500x500,500x500,500x500,500x500,500x500,true,3,
1,legacy_gt_qc_v1,23/4,23,,4,,,data/legacy_gt_v1/output_img/23/4,data/legacy_gt_v1/output_img/23/4/0.jpg,500,500,data/legacy_gt_v1/output_img/23/4/0.npy,500x500x6,data/legacy_gt_v1/output_img/23/4/mask_1.npy,data/legacy_gt_v1/output_img/23/4/mask_2.npy,data/legacy_gt_v1/output_img/23/4/mask_3.npy,data/legacy_gt_v1/output_img/23/4/mask_4.npy,data/legacy_gt_v1/output_img/23/4/mask_5.npy,data/legacy_gt_v1/output_img/23/4/mask_key_point.npy,500x500,500x500,500x500,500x500,500x500,500x500,true,4,
1,legacy_gt_qc_v1,23/5,23,,5,,,data/legacy_gt_v1/output_img/23/5,data/legacy_gt_v1/output_img/23/5/0.jpg,500,500,data/legacy_gt_v1/output_img/23/5/0.npy,500x500x6,data/legacy_gt_v1/output_img/23/5/mask_1.npy,data/legacy_gt_v1/output_img/23/5/mask_2.npy,data/legacy_gt_v1/output_img/23/5/mask_3.npy,data/legacy_gt_v1/output_img/23/5/mask_4.npy,data/legacy_gt_v1/output_img/23/5/mask_5.npy,data/legacy_gt_v1/output_img/23/5/mask_key_point.npy,500x500,500x500,500x500,500x500,500x500,500x500,true,5,
1,legacy_gt_qc_v1,23/6,23,,6,,,data/legacy_gt_v1/output_img/23/6,data/legacy_gt_v1/output_img/23/6/0.jpg,500,500,data/legacy_gt_v1/output_img/23/6/0.npy,500x500x6,data/legacy_gt_v1/output_img/23/6/mask_1.npy,data/legacy_gt_v1/output_img/23/6/mask_2.npy,data/legacy_gt_v1/output_img/23/6/mask_3.npy,data/legacy_gt_v1/output_img/23/6/mask_4.npy,data/legacy_gt_v1/output_img/23/6/mask_5.npy,data/legacy_gt_v1/output_img/23/6/mask_key_point.npy,500x500,500x500,500x500,500x500,500x500,500x500,true,6,
1,legacy_gt_qc_v1,23/7,23,,7,,,data/legacy_gt_v1/output_img/23/7,data/legacy_gt_v1/output_img/23/7/0.jpg,500,500,data/legacy_gt_v1/output_img/23/7/0.npy,500x500x6,data/legacy_gt_v1/output_img/23/7/mask_1.npy,data/legacy_gt_v1/output_img/23/7/mask_2.npy,data/legacy_gt_v1/output_img/23/7/mask_3.npy,data/legacy_gt_v1/output_img/23/7/mask_4.npy,data/legacy_gt_v1/output_img/23/7/mask_5.npy,data/legacy_gt_v1/output_img/23/7/mask_key_point.npy,500x500,500x500,500x500,500x500,500x500,500x500,true,7,
1,legacy_gt_qc_v1,23/8,23,,8,,,data/legacy_gt_v1/output_img/23/8,data/legacy_gt_v1/output_img/23/8/0.jpg,500,500,data/legacy_gt_v1/output_img/23/8/0.npy,500x500x6,data/legacy_gt_v1/output_img/23/8/mask_1.npy,data/legacy_gt_v1/output_img/23/8/mask_2.npy,data/legacy_gt_v1/output_img/23/8/mask_3.npy,data/legacy_gt_v1/output_img/23/8/mask_4.npy,data/legacy_gt_v1/output_img/23/8/mask_5.npy,data/legacy_gt_v1/output_img/23/8/mask_key_point.npy,500x500,500x500,500x500,500x500,500x500,500x500,true,8,
1,legacy_gt_qc_v1,23/9,23,,9,,,data/legacy_gt_v1/output_img/23/9,data/legacy_gt_v1/output_img/23/9/0.jpg,500,500,data/legacy_gt_v1/output_img/23/9/0.npy,500x500x6,data/legacy_gt_v1/output_img/23/9/mask_1.npy,data/legacy_gt_v1/output_img/23/9/mask_2.npy,data/legacy_gt_v1/output_img/23/9/mask_3.npy,data/legacy_gt_v1/output_img/23/9/mask_4.npy,data/legacy_gt_v1/output_img/23/9/mask_5.npy,data/legacy_gt_v1/output_img/23/9/mask_key_point.npy,500x500,500x500,500x500,500x500,500x500,500x500,true,9,
1,legacy_gt_qc_v1,23/10,23,,10,,,data/legacy_gt_v1/output_img/23/10,data/legacy_gt_v1/output_img/23/10/0.jpg,500,500,data/legacy_gt_v1/output_img/23/10/0.npy,500x500x6,data/legacy_gt_v1/output_img/23/10/mask_1.npy,data/legacy_gt_v1/output_img/23/10/mask_2.npy,data/legacy_gt_v1/output_img/23/10/mask_3.npy,data/legacy_gt_v1/output_img/23/10/mask_4.npy,data/legacy_gt_v1/output_img/23/10/mask_5.npy,data/legacy_gt_v1/output_img/23/10/mask_key_point.npy,500x500,500x500,500x500,500x500,500x500,500x500,true,10,
1,legacy_gt_qc_v1,23/11,23,,11,,,data/legacy_gt_v1/output_img/23/11,data/legacy_gt_v1/output_img/23/11/0.jpg,500,500,data/legacy_gt_v1/output_img/23/11/0.npy,500x500x6,data/legacy_gt_v1/output_img/23/11/mask_1.npy,data/legacy_gt_v1/output_img/23/11/mask_2.npy,data/legacy_gt_v1/output_img/23/11/mask_3.npy,data/legacy_gt_v1/output_img/23/11/mask_4.npy,data/legacy_gt_v1/output_img/23/11/mask_5.npy,data/legacy_gt_v1/output_img/23/11/mask_key_point.npy,500x500,500x500,500x500,500x500,500x500,500x500,true,11,
1,legacy_gt_qc_v1,23/12,23,,12,,,data/legacy_gt_v1/output_img/23/12,data/legacy_gt_v1/output_img/23/12/0.jpg,500,500,data/legacy_gt_v1/output_img/23/12/0.npy,500x500x6,data/legacy_gt_v1/output_img/23/12/mask_1.npy,data/legacy_gt_v1/output_img/23/12/mask_2.npy,data/legacy_gt_v1/output_img/23/12/mask_3.npy,data/legacy_gt_v1/output_img/23/12/mask_4.npy,data/legacy_gt_v1/output_img/23/12/mask_5.npy,data/legacy_gt_v1/output_img/23/12/mask_key_point.npy,500x500,500x500,500x500,500x500,500x500,500x500,true,12,
1,legacy_gt_qc_v1,23/13,23,,13,,,data/legacy_gt_v1/output_img/23/13,data/legacy_gt_v1/output_img/23/13/0.jpg,500,500,data/legacy_gt_v1/output_img/23/13/0.npy,500x500x6,data/legacy_gt_v1/output_img/23/13/mask_1.npy,data/legacy_gt_v1/output_img/23/13/mask_2.npy,data/legacy_gt_v1/output_img/23/13/mask_3.npy,data/legacy_gt_v1/output_img/23/13/mask_4.npy,data/legacy_gt_v1/output_img/23/13/mask_5.npy,data/legacy_gt_v1/output_img/23/13/mask_key_point.npy,500x500,500x500,500x500,500x500,500x500,500x500,true,13,
1,legacy_gt_qc_v1,23/14,23,,14,,,data/legacy_gt_v1/output_img/23/14,data/legacy_gt_v1/output_img/23/14/0.jpg,500,500,data/legacy_gt_v1/output_img/23/14/0.npy,500x500x6,data/legacy_gt_v1/output_img/23/14/mask_1.npy,data/legacy_gt_v1/output_img/23/14/mask_2.npy,data/legacy_gt_v1/output_img/23/14/mask_3.npy,data/legacy_gt_v1/output_img/23/14/mask_4.npy,data/legacy_gt_v1/output_img/23/14/mask_5.npy,data/legacy_gt_v1/output_img/23/14/mask_key_point.npy,500x500,500x500,500x500,500x500,500x500,500x500,true,14,
1,legacy_gt_qc_v1,23/15,23,,15,,,data/legacy_gt_v1/output_img/23/15,data/legacy_gt_v1/output_img/23/15/0.jpg,500,500,data/legacy_gt_v1/output_img/23/15/0.npy,500x500x6,data/legacy_gt_v1/output_img/23/15/mask_1.npy,data/legacy_gt_v1/output_img/23/15/mask_2.npy,data/legacy_gt_v1/output_img/23/15/mask_3.npy,data/legacy_gt_v1/output_img/23/15/mask_4.npy,data/legacy_gt_v1/output_img/23/15/mask_5.npy,data/legacy_gt_v1/output_img/23/15/mask_key_point.npy,500x500,500x500,500x500,500x500,500x500,500x500,true,15,
1,legacy_gt_qc_v1,23/16,23,,16,,,data/legacy_gt_v1/output_img/23/16,data/legacy_gt_v1/output_img/23/16/0.jpg,500,500,data/legacy_gt_v1/output_img/23/16/0.npy,500x500x6,data/legacy_gt_v1/output_img/23/16/mask_1.npy,data/legacy_gt_v1/output_img/23/16/mask_2.npy,data/legacy_gt_v1/output_img/23/16/mask_3.npy,data/legacy_gt_v1/output_img/23/16/mask_4.npy,data/legacy_gt_v1/output_img/23/16/mask_5.npy,data/legacy_gt_v1/output_img/23/16/mask_key_point.npy,500x500,500x500,500x500,500x500,500x500,500x500,true,16,
1,legacy_gt_qc_v1,23/17,23,,17,,,data/legacy_gt_v1/output_img/23/17,data/legacy_gt_v1/output_img/23/17/0.jpg,500,500,data/legacy_gt_v1/output_img/23/17/0.npy,500x500x6,data/legacy_gt_v1/output_img/23/17/mask_1.npy,data/legacy_gt_v1/output_img/23/17/mask_2.npy,data/legacy_gt_v1/output_img/23/17/mask_3.npy,data/legacy_gt_v1/output_img/23/17/mask_4.npy,data/legacy_gt_v1/output_img/23/17/mask_5.npy,data/legacy_gt_v1/output_img/23/17/mask_key_point.npy,500x500,500x500,500x500,500x500,500x500,500x500,true,17,
1,legacy_gt_qc_v1,23/18,23,,18,,,data/legacy_gt_v1/output_img/23/18,data/legacy_gt_v1/output_img/23/18/0.jpg,500,500,data/legacy_gt_v1/output_img/23/18/0.npy,500x500x6,data/legacy_gt_v1/output_img/23/18/mask_1.npy,data/legacy_gt_v1/output_img/23/18/mask_2.npy,data/legacy_gt_v1/output_img/23/18/mask_3.npy,data/legacy_gt_v1/output_img/23/18/mask_4.npy,data/legacy_gt_v1/output_img/23/18/mask_5.npy,data/legacy_gt_v1/output_img/23/18/mask_key_point.npy,500x500,500x500,500x500,500x500,500x500,500x500,true,18,
1,legacy_gt_qc_v1,23/19,23,,19,,,data/legacy_gt_v1/output_img/23/19,data/legacy_gt_v1/output_img/23/19/0.jpg,500,500,data/legacy_gt_v1/output_img/23/19/0.npy,500x500x6,data/legacy_gt_v1/output_img/23/19/mask_1.npy,data/legacy_gt_v1/output_img/23/19/mask_2.npy,data/legacy_gt_v1/output_img/23/19/mask_3.npy,data/legacy_gt_v1/output_img/23/19/mask_4.npy,data/legacy_gt_v1/output_img/23/19/mask_5.npy,data/legacy_gt_v1/output_img/23/19/mask_key_point.npy,500x500,500x500,500x500,500x500,500x500,500x500,true,19,
1,legacy_gt_qc_v1,23/20,23,,20,,,data/legacy_gt_v1/output_img/23/20,data/legacy_gt_v1/output_img/23/20/0.jpg,500,500,data/legacy_gt_v1/output_img/23/20/0.npy,500x500x6,data/legacy_gt_v1/output_img/23/20/mask_1.npy,data/legacy_gt_v1/output_img/23/20/mask_2.npy,data/legacy_gt_v1/output_img/23/20/mask_3.npy,data/legacy_gt_v1/output_img/23/20/mask_4.npy,data/legacy_gt_v1/output_img/23/20/mask_5.npy,data/legacy_gt_v1/output_img/23/20/mask_key_point.npy,500x500,500x500,500x500,500x500,500x500,500x500,true,20,
1,legacy_gt_qc_v1,24/0,24,,0,,,data/legacy_gt_v1/output_img/24/0,data/legacy_gt_v1/output_img/24/0/0.jpg,500,500,data/legacy_gt_v1/output_img/24/0/0.npy,500x500x6,data/legacy_gt_v1/output_img/24/0/mask_1.npy,data/legacy_gt_v1/output_img/24/0/mask_2.npy,data/legacy_gt_v1/output_img/24/0/mask_3.npy,data/legacy_gt_v1/output_img/24/0/mask_4.npy,data/legacy_gt_v1/output_img/24/0/mask_5.npy,data/legacy_gt_v1/output_img/24/0/mask_key_point.npy,500x500,500x500,500x500,500x500,500x500,500x500,true,24/0,
1,legacy_gt_qc_v1,24/1,24,,1,,,data/legacy_gt_v1/output_img/24/1,data/legacy_gt_v1/output_img/24/1/0.jpg,500,500,data/legacy_gt_v1/output_img/24/1/0.npy,500x500x6,data/legacy_gt_v1/output_img/24/1/mask_1.npy,data/legacy_gt_v1/output_img/24/1/mask_2.npy,data/legacy_gt_v1/output_img/24/1/mask_3.npy,data/legacy_gt_v1/output_img/24/1/mask_4.npy,data/legacy_gt_v1/output_img/24/1/mask_5.npy,data/legacy_gt_v1/output_img/24/1/mask_key_point.npy,500x500,500x500,500x500,500x500,500x500,500x500,true,1,
1,legacy_gt_qc_v1,24/2,24,,2,,,data/legacy_gt_v1/output_img/24/2,data/legacy_gt_v1/output_img/24/2/0.jpg,500,500,data/legacy_gt_v1/output_img/24/2/0.npy,500x500x6,data/legacy_gt_v1/output_img/24/2/mask_1.npy,data/legacy_gt_v1/output_img/24/2/mask_2.npy,data/legacy_gt_v1/output_img/24/2/mask_3.npy,data/legacy_gt_v1/output_img/24/2/mask_4.npy,data/legacy_gt_v1/output_img/24/2/mask_5.npy,data/legacy_gt_v1/output_img/24/2/mask_key_point.npy,500x500,500x500,500x500,500x500,500x500,500x500,true,2,
1,legacy_gt_qc_v1,24/3,24,,3,,,data/legacy_gt_v1/output_img/24/3,data/legacy_gt_v1/output_img/24/3/0.jpg,500,500,data/legacy_gt_v1/output_img/24/3/0.npy,500x500x6,data/legacy_gt_v1/output_img/24/3/mask_1.npy,data/legacy_gt_v1/output_img/24/3/mask_2.npy,data/legacy_gt_v1/output_img/24/3/mask_3.npy,data/legacy_gt_v1/output_img/24/3/mask_4.npy,data/legacy_gt_v1/output_img/24/3/mask_5.npy,data/legacy_gt_v1/output_img/24/3/mask_key_point.npy,500x500,500x500,500x500,500x500,500x500,500x500,true,3,
1,legacy_gt_qc_v1,24/4,24,,4,,,data/legacy_gt_v1/output_img/24/4,data/legacy_gt_v1/output_img/24/4/0.jpg,500,500,data/legacy_gt_v1/output_img/24/4/0.npy,500x500x6,data/legacy_gt_v1/output_img/24/4/mask_1.npy,data/legacy_gt_v1/output_img/24/4/mask_2.npy,data/legacy_gt_v1/output_img/24/4/mask_3.npy,data/legacy_gt_v1/output_img/24/4/mask_4.npy,data/legacy_gt_v1/output_img/24/4/mask_5.npy,data/legacy_gt_v1/output_img/24/4/mask_key_point.npy,500x500,500x500,500x500,500x500,500x500,500x500,true,4,
1,legacy_gt_qc_v1,24/5,24,,5,,,data/legacy_gt_v1/output_img/24/5,data/legacy_gt_v1/output_img/24/5/0.jpg,500,500,data/legacy_gt_v1/output_img/24/5/0.npy,500x500x6,data/legacy_gt_v1/output_img/24/5/mask_1.npy,data/legacy_gt_v1/output_img/24/5/mask_2.npy,data/legacy_gt_v1/output_img/24/5/mask_3.npy,data/legacy_gt_v1/output_img/24/5/mask_4.npy,data/legacy_gt_v1/output_img/24/5/mask_5.npy,data/legacy_gt_v1/output_img/24/5/mask_key_point.npy,500x500,500x500,500x500,500x500,500x500,500x500,true,5,
1,legacy_gt_qc_v1,24/6,24,,6,,,data/legacy_gt_v1/output_img/24/6,data/legacy_gt_v1/output_img/24/6/0.jpg,500,500,data/legacy_gt_v1/output_img/24/6/0.npy,500x500x6,data/legacy_gt_v1/output_img/24/6/mask_1.npy,data/legacy_gt_v1/output_img/24/6/mask_2.npy,data/legacy_gt_v1/output_img/24/6/mask_3.npy,data/legacy_gt_v1/output_img/24/6/mask_4.npy,data/legacy_gt_v1/output_img/24/6/mask_5.npy,data/legacy_gt_v1/output_img/24/6/mask_key_point.npy,500x500,500x500,500x500,500x500,500x500,500x500,true,6,
1,legacy_gt_qc_v1,24/7,24,,7,,,data/legacy_gt_v1/output_img/24/7,data/legacy_gt_v1/output_img/24/7/0.jpg,500,500,data/legacy_gt_v1/output_img/24/7/0.npy,500x500x6,data/legacy_gt_v1/output_img/24/7/mask_1.npy,data/legacy_gt_v1/output_img/24/7/mask_2.npy,data/legacy_gt_v1/output_img/24/7/mask_3.npy,data/legacy_gt_v1/output_img/24/7/mask_4.npy,data/legacy_gt_v1/output_img/24/7/mask_5.npy,data/legacy_gt_v1/output_img/24/7/mask_key_point.npy,500x500,500x500,500x500,500x500,500x500,500x500,true,7,
1,legacy_gt_qc_v1,24/8,24,,8,,,data/legacy_gt_v1/output_img/24/8,data/legacy_gt_v1/output_img/24/8/0.jpg,500,500,data/legacy_gt_v1/output_img/24/8/0.npy,500x500x6,data/legacy_gt_v1/output_img/24/8/mask_1.npy,data/legacy_gt_v1/output_img/24/8/mask_2.npy,data/legacy_gt_v1/output_img/24/8/mask_3.npy,data/legacy_gt_v1/output_img/24/8/mask_4.npy,data/legacy_gt_v1/output_img/24/8/mask_5.npy,data/legacy_gt_v1/output_img/24/8/mask_key_point.npy,500x500,500x500,500x500,500x500,500x500,500x500,true,8,
1,legacy_gt_qc_v1,24/9,24,,9,,,data/legacy_gt_v1/output_img/24/9,data/legacy_gt_v1/output_img/24/9/0.jpg,500,500,data/legacy_gt_v1/output_img/24/9/0.npy,500x500x6,data/legacy_gt_v1/output_img/24/9/mask_1.npy,data/legacy_gt_v1/output_img/24/9/mask_2.npy,data/legacy_gt_v1/output_img/24/9/mask_3.npy,data/legacy_gt_v1/output_img/24/9/mask_4.npy,data/legacy_gt_v1/output_img/24/9/mask_5.npy,data/legacy_gt_v1/output_img/24/9/mask_key_point.npy,500x500,500x500,500x500,500x500,500x500,500x500,true,9,
1,legacy_gt_qc_v1,24/10,24,,10,,,data/legacy_gt_v1/output_img/24/10,data/legacy_gt_v1/output_img/24/10/0.jpg,500,500,data/legacy_gt_v1/output_img/24/10/0.npy,500x500x6,data/legacy_gt_v1/output_img/24/10/mask_1.npy,data/legacy_gt_v1/output_img/24/10/mask_2.npy,data/legacy_gt_v1/output_img/24/10/mask_3.npy,data/legacy_gt_v1/output_img/24/10/mask_4.npy,data/legacy_gt_v1/output_img/24/10/mask_5.npy,data/legacy_gt_v1/output_img/24/10/mask_key_point.npy,500x500,500x500,500x500,500x500,500x500,500x500,true,10,
1,legacy_gt_qc_v1,24/11,24,,11,,,data/legacy_gt_v1/output_img/24/11,data/legacy_gt_v1/output_img/24/11/0.jpg,500,500,data/legacy_gt_v1/output_img/24/11/0.npy,500x500x6,data/legacy_gt_v1/output_img/24/11/mask_1.npy,data/legacy_gt_v1/output_img/24/11/mask_2.npy,data/legacy_gt_v1/output_img/24/11/mask_3.npy,data/legacy_gt_v1/output_img/24/11/mask_4.npy,data/legacy_gt_v1/output_img/24/11/mask_5.npy,data/legacy_gt_v1/output_img/24/11/mask_key_point.npy,500x500,500x500,500x500,500x500,500x500,500x500,true,11,
1,legacy_gt_qc_v1,24/12,24,,12,,,data/legacy_gt_v1/output_img/24/12,data/legacy_gt_v1/output_img/24/12/0.jpg,500,500,data/legacy_gt_v1/output_img/24/12/0.npy,500x500x6,data/legacy_gt_v1/output_img/24/12/mask_1.npy,data/legacy_gt_v1/output_img/24/12/mask_2.npy,data/legacy_gt_v1/output_img/24/12/mask_3.npy,data/legacy_gt_v1/output_img/24/12/mask_4.npy,data/legacy_gt_v1/output_img/24/12/mask_5.npy,data/legacy_gt_v1/output_img/24/12/mask_key_point.npy,500x500,500x500,500x500,500x500,500x500,500x500,true,12,
1,legacy_gt_qc_v1,24/13,24,,13,,,data/legacy_gt_v1/output_img/24/13,data/legacy_gt_v1/output_img/24/13/0.jpg,500,500,data/legacy_gt_v1/output_img/24/13/0.npy,500x500x6,data/legacy_gt_v1/output_img/24/13/mask_1.npy,data/legacy_gt_v1/output_img/24/13/mask_2.npy,data/legacy_gt_v1/output_img/24/13/mask_3.npy,data/legacy_gt_v1/output_img/24/13/mask_4.npy,data/legacy_gt_v1/output_img/24/13/mask_5.npy,data/legacy_gt_v1/output_img/24/13/mask_key_point.npy,500x500,500x500,500x500,500x500,500x500,500x500,true,13,
1,legacy_gt_qc_v1,24/14,24,,14,,,data/legacy_gt_v1/output_img/24/14,data/legacy_gt_v1/output_img/24/14/0.jpg,500,500,data/legacy_gt_v1/output_img/24/14/0.npy,500x500x6,data/legacy_gt_v1/output_img/24/14/mask_1.npy,data/legacy_gt_v1/output_img/24/14/mask_2.npy,data/legacy_gt_v1/output_img/24/14/mask_3.npy,data/legacy_gt_v1/output_img/24/14/mask_4.npy,data/legacy_gt_v1/output_img/24/14/mask_5.npy,data/legacy_gt_v1/output_img/24/14/mask_key_point.npy,500x500,500x500,500x500,500x500,500x500,500x500,true,14,
1,legacy_gt_qc_v1,24/15,24,,15,,,data/legacy_gt_v1/output_img/24/15,data/legacy_gt_v1/output_img/24/15/0.jpg,500,500,data/legacy_gt_v1/output_img/24/15/0.npy,500x500x6,data/legacy_gt_v1/output_img/24/15/mask_1.npy,data/legacy_gt_v1/output_img/24/15/mask_2.npy,data/legacy_gt_v1/output_img/24/15/mask_3.npy,data/legacy_gt_v1/output_img/24/15/mask_4.npy,data/legacy_gt_v1/output_img/24/15/mask_5.npy,data/legacy_gt_v1/output_img/24/15/mask_key_point.npy,500x500,500x500,500x500,500x500,500x500,500x500,true,15,
1,legacy_gt_qc_v1,24/16,24,,16,,,data/legacy_gt_v1/output_img/24/16,data/legacy_gt_v1/output_img/24/16/0.jpg,500,500,data/legacy_gt_v1/output_img/24/16/0.npy,500x500x6,data/legacy_gt_v1/output_img/24/16/mask_1.npy,data/legacy_gt_v1/output_img/24/16/mask_2.npy,data/legacy_gt_v1/output_img/24/16/mask_3.npy,data/legacy_gt_v1/output_img/24/16/mask_4.npy,data/legacy_gt_v1/output_img/24/16/mask_5.npy,data/legacy_gt_v1/output_img/24/16/mask_key_point.npy,500x500,500x500,500x500,500x500,500x500,500x500,true,16,
1,legacy_gt_qc_v1,24/17,24,,17,,,data/legacy_gt_v1/output_img/24/17,data/legacy_gt_v1/output_img/24/17/0.jpg,500,500,data/legacy_gt_v1/output_img/24/17/0.npy,500x500x6,data/legacy_gt_v1/output_img/24/17/mask_1.npy,data/legacy_gt_v1/output_img/24/17/mask_2.npy,data/legacy_gt_v1/output_img/24/17/mask_3.npy,data/legacy_gt_v1/output_img/24/17/mask_4.npy,data/legacy_gt_v1/output_img/24/17/mask_5.npy,data/legacy_gt_v1/output_img/24/17/mask_key_point.npy,500x500,500x500,500x500,500x500,500x500,500x500,true,17,
1,legacy_gt_qc_v1,24/18,24,,18,,,data/legacy_gt_v1/output_img/24/18,data/legacy_gt_v1/output_img/24/18/0.jpg,500,500,data/legacy_gt_v1/output_img/24/18/0.npy,500x500x6,data/legacy_gt_v1/output_img/24/18/mask_1.npy,data/legacy_gt_v1/output_img/24/18/mask_2.npy,data/legacy_gt_v1/output_img/24/18/mask_3.npy,data/legacy_gt_v1/output_img/24/18/mask_4.npy,data/legacy_gt_v1/output_img/24/18/mask_5.npy,data/legacy_gt_v1/output_img/24/18/mask_key_point.npy,500x500,500x500,500x500,500x500,500x500,500x500,true,18,
1,legacy_gt_qc_v1,24/19,24,,19,,,data/legacy_gt_v1/output_img/24/19,data/legacy_gt_v1/output_img/24/19/0.jpg,500,500,data/legacy_gt_v1/output_img/24/19/0.npy,500x500x6,data/legacy_gt_v1/output_img/24/19/mask_1.npy,data/legacy_gt_v1/output_img/24/19/mask_2.npy,data/legacy_gt_v1/output_img/24/19/mask_3.npy,data/legacy_gt_v1/output_img/24/19/mask_4.npy,data/legacy_gt_v1/output_img/24/19/mask_5.npy,data/legacy_gt_v1/output_img/24/19/mask_key_point.npy,500x500,500x500,500x500,500x500,500x500,500x500,true,19,
1,legacy_gt_qc_v1,24/20,24,,20,,,data/legacy_gt_v1/output_img/24/20,data/legacy_gt_v1/output_img/24/20/0.jpg,500,500,data/legacy_gt_v1/output_img/24/20/0.npy,500x500x6,data/legacy_gt_v1/output_img/24/20/mask_1.npy,data/legacy_gt_v1/output_img/24/20/mask_2.npy,data/legacy_gt_v1/output_img/24/20/mask_3.npy,data/legacy_gt_v1/output_img/24/20/mask_4.npy,data/legacy_gt_v1/output_img/24/20/mask_5.npy,data/legacy_gt_v1/output_img/24/20/mask_key_point.npy,500x500,500x500,500x500,500x500,500x500,500x500,true,20,
1,legacy_gt_qc_v1,25/0,25,,0,,,data/legacy_gt_v1/output_img/25/0,data/legacy_gt_v1/output_img/25/0/0.jpg,500,500,data/legacy_gt_v1/output_img/25/0/0.npy,500x500x6,data/legacy_gt_v1/output_img/25/0/mask_1.npy,data/legacy_gt_v1/output_img/25/0/mask_2.npy,data/legacy_gt_v1/output_img/25/0/mask_3.npy,data/legacy_gt_v1/output_img/25/0/mask_4.npy,data/legacy_gt_v1/output_img/25/0/mask_5.npy,data/legacy_gt_v1/output_img/25/0/mask_key_point.npy,500x500,500x500,500x500,500x500,500x500,500x500,true,25/0,
1,legacy_gt_qc_v1,25/1,25,,1,,,data/legacy_gt_v1/output_img/25/1,data/legacy_gt_v1/output_img/25/1/0.jpg,500,500,data/legacy_gt_v1/output_img/25/1/0.npy,500x500x6,data/legacy_gt_v1/output_img/25/1/mask_1.npy,data/legacy_gt_v1/output_img/25/1/mask_2.npy,data/legacy_gt_v1/output_img/25/1/mask_3.npy,data/legacy_gt_v1/output_img/25/1/mask_4.npy,data/legacy_gt_v1/output_img/25/1/mask_5.npy,data/legacy_gt_v1/output_img/25/1/mask_key_point.npy,500x500,500x500,500x500,500x500,500x500,500x500,true,1,
1,legacy_gt_qc_v1,25/2,25,,2,,,data/legacy_gt_v1/output_img/25/2,data/legacy_gt_v1/output_img/25/2/0.jpg,500,500,data/legacy_gt_v1/output_img/25/2/0.npy,500x500x6,data/legacy_gt_v1/output_img/25/2/mask_1.npy,data/legacy_gt_v1/output_img/25/2/mask_2.npy,data/legacy_gt_v1/output_img/25/2/mask_3.npy,data/legacy_gt_v1/output_img/25/2/mask_4.npy,data/legacy_gt_v1/output_img/25/2/mask_5.npy,data/legacy_gt_v1/output_img/25/2/mask_key_point.npy,500x500,500x500,500x500,500x500,500x500,500x500,true,2,
1,legacy_gt_qc_v1,25/3,25,,3,,,data/legacy_gt_v1/output_img/25/3,data/legacy_gt_v1/output_img/25/3/0.jpg,500,500,data/legacy_gt_v1/output_img/25/3/0.npy,500x500x6,data/legacy_gt_v1/output_img/25/3/mask_1.npy,data/legacy_gt_v1/output_img/25/3/mask_2.npy,data/legacy_gt_v1/output_img/25/3/mask_3.npy,data/legacy_gt_v1/output_img/25/3/mask_4.npy,data/legacy_gt_v1/output_img/25/3/mask_5.npy,data/legacy_gt_v1/output_img/25/3/mask_key_point.npy,500x500,500x500,500x500,500x500,500x500,500x500,true,3,
1,legacy_gt_qc_v1,25/4,25,,4,,,data/legacy_gt_v1/output_img/25/4,data/legacy_gt_v1/output_img/25/4/0.jpg,500,500,data/legacy_gt_v1/output_img/25/4/0.npy,500x500x6,data/legacy_gt_v1/output_img/25/4/mask_1.npy,data/legacy_gt_v1/output_img/25/4/mask_2.npy,data/legacy_gt_v1/output_img/25/4/mask_3.npy,data/legacy_gt_v1/output_img/25/4/mask_4.npy,data/legacy_gt_v1/output_img/25/4/mask_5.npy,data/legacy_gt_v1/output_img/25/4/mask_key_point.npy,500x500,500x500,500x500,500x500,500x500,500x500,true,4,
1,legacy_gt_qc_v1,25/5,25,,5,,,data/legacy_gt_v1/output_img/25/5,data/legacy_gt_v1/output_img/25/5/0.jpg,500,500,data/legacy_gt_v1/output_img/25/5/0.npy,500x500x6,data/legacy_gt_v1/output_img/25/5/mask_1.npy,data/legacy_gt_v1/output_img/25/5/mask_2.npy,data/legacy_gt_v1/output_img/25/5/mask_3.npy,data/legacy_gt_v1/output_img/25/5/mask_4.npy,data/legacy_gt_v1/output_img/25/5/mask_5.npy,data/legacy_gt_v1/output_img/25/5/mask_key_point.npy,500x500,500x500,500x500,500x500,500x500,500x500,true,5,
1,legacy_gt_qc_v1,25/6,25,,6,,,data/legacy_gt_v1/output_img/25/6,data/legacy_gt_v1/output_img/25/6/0.jpg,500,500,data/legacy_gt_v1/output_img/25/6/0.npy,500x500x6,data/legacy_gt_v1/output_img/25/6/mask_1.npy,data/legacy_gt_v1/output_img/25/6/mask_2.npy,data/legacy_gt_v1/output_img/25/6/mask_3.npy,data/legacy_gt_v1/output_img/25/6/mask_4.npy,data/legacy_gt_v1/output_img/25/6/mask_5.npy,data/legacy_gt_v1/output_img/25/6/mask_key_point.npy,500x500,500x500,500x500,500x500,500x500,500x500,true,6,
1,legacy_gt_qc_v1,25/7,25,,7,,,data/legacy_gt_v1/output_img/25/7,data/legacy_gt_v1/output_img/25/7/0.jpg,500,500,data/legacy_gt_v1/output_img/25/7/0.npy,500x500x6,data/legacy_gt_v1/output_img/25/7/mask_1.npy,data/legacy_gt_v1/output_img/25/7/mask_2.npy,data/legacy_gt_v1/output_img/25/7/mask_3.npy,data/legacy_gt_v1/output_img/25/7/mask_4.npy,data/legacy_gt_v1/output_img/25/7/mask_5.npy,data/legacy_gt_v1/output_img/25/7/mask_key_point.npy,500x500,500x500,500x500,500x500,500x500,500x500,true,7,
1,legacy_gt_qc_v1,25/8,25,,8,,,data/legacy_gt_v1/output_img/25/8,data/legacy_gt_v1/output_img/25/8/0.jpg,500,500,data/legacy_gt_v1/output_img/25/8/0.npy,500x500x6,data/legacy_gt_v1/output_img/25/8/mask_1.npy,data/legacy_gt_v1/output_img/25/8/mask_2.npy,data/legacy_gt_v1/output_img/25/8/mask_3.npy,data/legacy_gt_v1/output_img/25/8/mask_4.npy,data/legacy_gt_v1/output_img/25/8/mask_5.npy,data/legacy_gt_v1/output_img/25/8/mask_key_point.npy,500x500,500x500,500x500,500x500,500x500,500x500,true,8,
1,legacy_gt_qc_v1,25/9,25,,9,,,data/legacy_gt_v1/output_img/25/9,data/legacy_gt_v1/output_img/25/9/0.jpg,500,500,data/legacy_gt_v1/output_img/25/9/0.npy,500x500x6,data/legacy_gt_v1/output_img/25/9/mask_1.npy,data/legacy_gt_v1/output_img/25/9/mask_2.npy,data/legacy_gt_v1/output_img/25/9/mask_3.npy,data/legacy_gt_v1/output_img/25/9/mask_4.npy,data/legacy_gt_v1/output_img/25/9/mask_5.npy,data/legacy_gt_v1/output_img/25/9/mask_key_point.npy,500x500,500x500,500x500,500x500,500x500,500x500,true,9,
1,legacy_gt_qc_v1,25/10,25,,10,,,data/legacy_gt_v1/output_img/25/10,data/legacy_gt_v1/output_img/25/10/0.jpg,500,500,data/legacy_gt_v1/output_img/25/10/0.npy,500x500x6,data/legacy_gt_v1/output_img/25/10/mask_1.npy,data/legacy_gt_v1/output_img/25/10/mask_2.npy,data/legacy_gt_v1/output_img/25/10/mask_3.npy,data/legacy_gt_v1/output_img/25/10/mask_4.npy,data/legacy_gt_v1/output_img/25/10/mask_5.npy,data/legacy_gt_v1/output_img/25/10/mask_key_point.npy,500x500,500x500,500x500,500x500,500x500,500x500,true,10,
1,legacy_gt_qc_v1,25/11,25,,11,,,data/legacy_gt_v1/output_img/25/11,data/legacy_gt_v1/output_img/25/11/0.jpg,500,500,data/legacy_gt_v1/output_img/25/11/0.npy,500x500x6,data/legacy_gt_v1/output_img/25/11/mask_1.npy,data/legacy_gt_v1/output_img/25/11/mask_2.npy,data/legacy_gt_v1/output_img/25/11/mask_3.npy,data/legacy_gt_v1/output_img/25/11/mask_4.npy,data/legacy_gt_v1/output_img/25/11/mask_5.npy,data/legacy_gt_v1/output_img/25/11/mask_key_point.npy,500x500,500x500,500x500,500x500,500x500,500x500,true,11,
1,legacy_gt_qc_v1,25/12,25,,12,,,data/legacy_gt_v1/output_img/25/12,data/legacy_gt_v1/output_img/25/12/0.jpg,500,500,data/legacy_gt_v1/output_img/25/12/0.npy,500x500x6,data/legacy_gt_v1/output_img/25/12/mask_1.npy,data/legacy_gt_v1/output_img/25/12/mask_2.npy,data/legacy_gt_v1/output_img/25/12/mask_3.npy,data/legacy_gt_v1/output_img/25/12/mask_4.npy,data/legacy_gt_v1/output_img/25/12/mask_5.npy,data/legacy_gt_v1/output_img/25/12/mask_key_point.npy,500x500,500x500,500x500,500x500,500x500,500x500,true,12,
1,legacy_gt_qc_v1,25/13,25,,13,,,data/legacy_gt_v1/output_img/25/13,data/legacy_gt_v1/output_img/25/13/0.jpg,500,500,data/legacy_gt_v1/output_img/25/13/0.npy,500x500x6,data/legacy_gt_v1/output_img/25/13/mask_1.npy,data/legacy_gt_v1/output_img/25/13/mask_2.npy,data/legacy_gt_v1/output_img/25/13/mask_3.npy,data/legacy_gt_v1/output_img/25/13/mask_4.npy,data/legacy_gt_v1/output_img/25/13/mask_5.npy,data/legacy_gt_v1/output_img/25/13/mask_key_point.npy,500x500,500x500,500x500,500x500,500x500,500x500,true,13,
1,legacy_gt_qc_v1,25/14,25,,14,,,data/legacy_gt_v1/output_img/25/14,data/legacy_gt_v1/output_img/25/14/0.jpg,500,500,data/legacy_gt_v1/output_img/25/14/0.npy,500x500x6,data/legacy_gt_v1/output_img/25/14/mask_1.npy,data/legacy_gt_v1/output_img/25/14/mask_2.npy,data/legacy_gt_v1/output_img/25/14/mask_3.npy,data/legacy_gt_v1/output_img/25/14/mask_4.npy,data/legacy_gt_v1/output_img/25/14/mask_5.npy,data/legacy_gt_v1/output_img/25/14/mask_key_point.npy,500x500,500x500,500x500,500x500,500x500,500x500,true,14,
1,legacy_gt_qc_v1,25/15,25,,15,,,data/legacy_gt_v1/output_img/25/15,data/legacy_gt_v1/output_img/25/15/0.jpg,500,500,data/legacy_gt_v1/output_img/25/15/0.npy,500x500x6,data/legacy_gt_v1/output_img/25/15/mask_1.npy,data/legacy_gt_v1/output_img/25/15/mask_2.npy,data/legacy_gt_v1/output_img/25/15/mask_3.npy,data/legacy_gt_v1/output_img/25/15/mask_4.npy,data/legacy_gt_v1/output_img/25/15/mask_5.npy,data/legacy_gt_v1/output_img/25/15/mask_key_point.npy,500x500,500x500,500x500,500x500,500x500,500x500,true,15,
1,legacy_gt_qc_v1,25/16,25,,16,,,data/legacy_gt_v1/output_img/25/16,data/legacy_gt_v1/output_img/25/16/0.jpg,500,500,data/legacy_gt_v1/output_img/25/16/0.npy,500x500x6,data/legacy_gt_v1/output_img/25/16/mask_1.npy,data/legacy_gt_v1/output_img/25/16/mask_2.npy,data/legacy_gt_v1/output_img/25/16/mask_3.npy,data/legacy_gt_v1/output_img/25/16/mask_4.npy,data/legacy_gt_v1/output_img/25/16/mask_5.npy,data/legacy_gt_v1/output_img/25/16/mask_key_point.npy,500x500,500x500,500x500,500x500,500x500,500x500,true,16,
1,legacy_gt_qc_v1,25/17,25,,17,,,data/legacy_gt_v1/output_img/25/17,data/legacy_gt_v1/output_img/25/17/0.jpg,500,500,data/legacy_gt_v1/output_img/25/17/0.npy,500x500x6,data/legacy_gt_v1/output_img/25/17/mask_1.npy,data/legacy_gt_v1/output_img/25/17/mask_2.npy,data/legacy_gt_v1/output_img/25/17/mask_3.npy,data/legacy_gt_v1/output_img/25/17/mask_4.npy,data/legacy_gt_v1/output_img/25/17/mask_5.npy,data/legacy_gt_v1/output_img/25/17/mask_key_point.npy,500x500,500x500,500x500,500x500,500x500,500x500,true,17,
1,legacy_gt_qc_v1,25/18,25,,18,,,data/legacy_gt_v1/output_img/25/18,data/legacy_gt_v1/output_img/25/18/0.jpg,500,500,data/legacy_gt_v1/output_img/25/18/0.npy,500x500x6,data/legacy_gt_v1/output_img/25/18/mask_1.npy,data/legacy_gt_v1/output_img/25/18/mask_2.npy,data/legacy_gt_v1/output_img/25/18/mask_3.npy,data/legacy_gt_v1/output_img/25/18/mask_4.npy,data/legacy_gt_v1/output_img/25/18/mask_5.npy,data/legacy_gt_v1/output_img/25/18/mask_key_point.npy,500x500,500x500,500x500,500x500,500x500,500x500,true,18,
1,legacy_gt_qc_v1,25/19,25,,19,,,data/legacy_gt_v1/output_img/25/19,data/legacy_gt_v1/output_img/25/19/0.jpg,500,500,data/legacy_gt_v1/output_img/25/19/0.npy,500x500x6,data/legacy_gt_v1/output_img/25/19/mask_1.npy,data/legacy_gt_v1/output_img/25/19/mask_2.npy,data/legacy_gt_v1/output_img/25/19/mask_3.npy,data/legacy_gt_v1/output_img/25/19/mask_4.npy,data/legacy_gt_v1/output_img/25/19/mask_5.npy,data/legacy_gt_v1/output_img/25/19/mask_key_point.npy,500x500,500x500,500x500,500x500,500x500,500x500,true,19,
1,legacy_gt_qc_v1,25/20,25,,20,,,data/legacy_gt_v1/output_img/25/20,data/legacy_gt_v1/output_img/25/20/0.jpg,500,500,data/legacy_gt_v1/output_img/25/20/0.npy,500x500x6,data/legacy_gt_v1/output_img/25/20/mask_1.npy,data/legacy_gt_v1/output_img/25/20/mask_2.npy,data/legacy_gt_v1/output_img/25/20/mask_3.npy,data/legacy_gt_v1/output_img/25/20/mask_4.npy,data/legacy_gt_v1/output_img/25/20/mask_5.npy,data/legacy_gt_v1/output_img/25/20/mask_key_point.npy,500x500,500x500,500x500,500x500,500x500,500x500,true,20,
1,legacy_gt_qc_v1,26/0,26,,0,,,data/legacy_gt_v1/output_img/26/0,data/legacy_gt_v1/output_img/26/0/0.jpg,500,500,data/legacy_gt_v1/output_img/26/0/0.npy,500x500x6,data/legacy_gt_v1/output_img/26/0/mask_1.npy,data/legacy_gt_v1/output_img/26/0/mask_2.npy,data/legacy_gt_v1/output_img/26/0/mask_3.npy,data/legacy_gt_v1/output_img/26/0/mask_4.npy,data/legacy_gt_v1/output_img/26/0/mask_5.npy,data/legacy_gt_v1/output_img/26/0/mask_key_point.npy,500x500,500x500,500x500,500x500,500x500,500x500,true,26/0,
1,legacy_gt_qc_v1,26/1,26,,1,,,data/legacy_gt_v1/output_img/26/1,data/legacy_gt_v1/output_img/26/1/0.jpg,500,500,data/legacy_gt_v1/output_img/26/1/0.npy,500x500x6,data/legacy_gt_v1/output_img/26/1/mask_1.npy,data/legacy_gt_v1/output_img/26/1/mask_2.npy,data/legacy_gt_v1/output_img/26/1/mask_3.npy,data/legacy_gt_v1/output_img/26/1/mask_4.npy,data/legacy_gt_v1/output_img/26/1/mask_5.npy,data/legacy_gt_v1/output_img/26/1/mask_key_point.npy,500x500,500x500,500x500,500x500,500x500,500x500,true,1,
1,legacy_gt_qc_v1,26/2,26,,2,,,data/legacy_gt_v1/output_img/26/2,data/legacy_gt_v1/output_img/26/2/0.jpg,500,500,data/legacy_gt_v1/output_img/26/2/0.npy,500x500x6,data/legacy_gt_v1/output_img/26/2/mask_1.npy,data/legacy_gt_v1/output_img/26/2/mask_2.npy,data/legacy_gt_v1/output_img/26/2/mask_3.npy,data/legacy_gt_v1/output_img/26/2/mask_4.npy,data/legacy_gt_v1/output_img/26/2/mask_5.npy,data/legacy_gt_v1/output_img/26/2/mask_key_point.npy,500x500,500x500,500x500,500x500,500x500,500x500,true,2,
1,legacy_gt_qc_v1,26/3,26,,3,,,data/legacy_gt_v1/output_img/26/3,data/legacy_gt_v1/output_img/26/3/0.jpg,500,500,data/legacy_gt_v1/output_img/26/3/0.npy,500x500x6,data/legacy_gt_v1/output_img/26/3/mask_1.npy,data/legacy_gt_v1/output_img/26/3/mask_2.npy,data/legacy_gt_v1/output_img/26/3/mask_3.npy,data/legacy_gt_v1/output_img/26/3/mask_4.npy,data/legacy_gt_v1/output_img/26/3/mask_5.npy,data/legacy_gt_v1/output_img/26/3/mask_key_point.npy,500x500,500x500,500x500,500x500,500x500,500x500,true,3,
1,legacy_gt_qc_v1,26/4,26,,4,,,data/legacy_gt_v1/output_img/26/4,data/legacy_gt_v1/output_img/26/4/0.jpg,500,500,data/legacy_gt_v1/output_img/26/4/0.npy,500x500x6,data/legacy_gt_v1/output_img/26/4/mask_1.npy,data/legacy_gt_v1/output_img/26/4/mask_2.npy,data/legacy_gt_v1/output_img/26/4/mask_3.npy,data/legacy_gt_v1/output_img/26/4/mask_4.npy,data/legacy_gt_v1/output_img/26/4/mask_5.npy,data/legacy_gt_v1/output_img/26/4/mask_key_point.npy,500x500,500x500,500x500,500x500,500x500,500x500,true,4,
1,legacy_gt_qc_v1,26/5,26,,5,,,data/legacy_gt_v1/output_img/26/5,data/legacy_gt_v1/output_img/26/5/0.jpg,500,500,data/legacy_gt_v1/output_img/26/5/0.npy,500x500x6,data/legacy_gt_v1/output_img/26/5/mask_1.npy,data/legacy_gt_v1/output_img/26/5/mask_2.npy,data/legacy_gt_v1/output_img/26/5/mask_3.npy,data/legacy_gt_v1/output_img/26/5/mask_4.npy,data/legacy_gt_v1/output_img/26/5/mask_5.npy,data/legacy_gt_v1/output_img/26/5/mask_key_point.npy,500x500,500x500,500x500,500x500,500x500,500x500,true,5,
1,legacy_gt_qc_v1,26/6,26,,6,,,data/legacy_gt_v1/output_img/26/6,data/legacy_gt_v1/output_img/26/6/0.jpg,500,500,data/legacy_gt_v1/output_img/26/6/0.npy,500x500x6,data/legacy_gt_v1/output_img/26/6/mask_1.npy,data/legacy_gt_v1/output_img/26/6/mask_2.npy,data/legacy_gt_v1/output_img/26/6/mask_3.npy,data/legacy_gt_v1/output_img/26/6/mask_4.npy,data/legacy_gt_v1/output_img/26/6/mask_5.npy,data/legacy_gt_v1/output_img/26/6/mask_key_point.npy,500x500,500x500,500x500,500x500,500x500,500x500,true,6,
1,legacy_gt_qc_v1,26/7,26,,7,,,data/legacy_gt_v1/output_img/26/7,data/legacy_gt_v1/output_img/26/7/0.jpg,500,500,data/legacy_gt_v1/output_img/26/7/0.npy,500x500x6,data/legacy_gt_v1/output_img/26/7/mask_1.npy,data/legacy_gt_v1/output_img/26/7/mask_2.npy,data/legacy_gt_v1/output_img/26/7/mask_3.npy,data/legacy_gt_v1/output_img/26/7/mask_4.npy,data/legacy_gt_v1/output_img/26/7/mask_5.npy,data/legacy_gt_v1/output_img/26/7/mask_key_point.npy,500x500,500x500,500x500,500x500,500x500,500x500,true,7,
1,legacy_gt_qc_v1,26/8,26,,8,,,data/legacy_gt_v1/output_img/26/8,data/legacy_gt_v1/output_img/26/8/0.jpg,500,500,data/legacy_gt_v1/output_img/26/8/0.npy,500x500x6,data/legacy_gt_v1/output_img/26/8/mask_1.npy,data/legacy_gt_v1/output_img/26/8/mask_2.npy,data/legacy_gt_v1/output_img/26/8/mask_3.npy,data/legacy_gt_v1/output_img/26/8/mask_4.npy,data/legacy_gt_v1/output_img/26/8/mask_5.npy,data/legacy_gt_v1/output_img/26/8/mask_key_point.npy,500x500,500x500,500x500,500x500,500x500,500x500,true,8,
1,legacy_gt_qc_v1,26/9,26,,9,,,data/legacy_gt_v1/output_img/26/9,data/legacy_gt_v1/output_img/26/9/0.jpg,500,500,data/legacy_gt_v1/output_img/26/9/0.npy,500x500x6,data/legacy_gt_v1/output_img/26/9/mask_1.npy,data/legacy_gt_v1/output_img/26/9/mask_2.npy,data/legacy_gt_v1/output_img/26/9/mask_3.npy,data/legacy_gt_v1/output_img/26/9/mask_4.npy,data/legacy_gt_v1/output_img/26/9/mask_5.npy,data/legacy_gt_v1/output_img/26/9/mask_key_point.npy,500x500,500x500,500x500,500x500,500x500,500x500,true,9,
1,legacy_gt_qc_v1,26/10,26,,10,,,data/legacy_gt_v1/output_img/26/10,data/legacy_gt_v1/output_img/26/10/0.jpg,500,500,data/legacy_gt_v1/output_img/26/10/0.npy,500x500x6,data/legacy_gt_v1/output_img/26/10/mask_1.npy,data/legacy_gt_v1/output_img/26/10/mask_2.npy,data/legacy_gt_v1/output_img/26/10/mask_3.npy,data/legacy_gt_v1/output_img/26/10/mask_4.npy,data/legacy_gt_v1/output_img/26/10/mask_5.npy,data/legacy_gt_v1/output_img/26/10/mask_key_point.npy,500x500,500x500,500x500,500x500,500x500,500x500,true,10,
1,legacy_gt_qc_v1,26/11,26,,11,,,data/legacy_gt_v1/output_img/26/11,data/legacy_gt_v1/output_img/26/11/0.jpg,500,500,data/legacy_gt_v1/output_img/26/11/0.npy,500x500x6,data/legacy_gt_v1/output_img/26/11/mask_1.npy,data/legacy_gt_v1/output_img/26/11/mask_2.npy,data/legacy_gt_v1/output_img/26/11/mask_3.npy,data/legacy_gt_v1/output_img/26/11/mask_4.npy,data/legacy_gt_v1/output_img/26/11/mask_5.npy,data/legacy_gt_v1/output_img/26/11/mask_key_point.npy,500x500,500x500,500x500,500x500,500x500,500x500,true,11,
1,legacy_gt_qc_v1,26/12,26,,12,,,data/legacy_gt_v1/output_img/26/12,data/legacy_gt_v1/output_img/26/12/0.jpg,500,500,data/legacy_gt_v1/output_img/26/12/0.npy,500x500x6,data/legacy_gt_v1/output_img/26/12/mask_1.npy,data/legacy_gt_v1/output_img/26/12/mask_2.npy,data/legacy_gt_v1/output_img/26/12/mask_3.npy,data/legacy_gt_v1/output_img/26/12/mask_4.npy,data/legacy_gt_v1/output_img/26/12/mask_5.npy,data/legacy_gt_v1/output_img/26/12/mask_key_point.npy,500x500,500x500,500x500,500x500,500x500,500x500,true,12,
1,legacy_gt_qc_v1,26/13,26,,13,,,data/legacy_gt_v1/output_img/26/13,data/legacy_gt_v1/output_img/26/13/0.jpg,500,500,data/legacy_gt_v1/output_img/26/13/0.npy,500x500x6,data/legacy_gt_v1/output_img/26/13/mask_1.npy,data/legacy_gt_v1/output_img/26/13/mask_2.npy,data/legacy_gt_v1/output_img/26/13/mask_3.npy,data/legacy_gt_v1/output_img/26/13/mask_4.npy,data/legacy_gt_v1/output_img/26/13/mask_5.npy,data/legacy_gt_v1/output_img/26/13/mask_key_point.npy,500x500,500x500,500x500,500x500,500x500,500x500,true,13,
1,legacy_gt_qc_v1,26/14,26,,14,,,data/legacy_gt_v1/output_img/26/14,data/legacy_gt_v1/output_img/26/14/0.jpg,500,500,data/legacy_gt_v1/output_img/26/14/0.npy,500x500x6,data/legacy_gt_v1/output_img/26/14/mask_1.npy,data/legacy_gt_v1/output_img/26/14/mask_2.npy,data/legacy_gt_v1/output_img/26/14/mask_3.npy,data/legacy_gt_v1/output_img/26/14/mask_4.npy,data/legacy_gt_v1/output_img/26/14/mask_5.npy,data/legacy_gt_v1/output_img/26/14/mask_key_point.npy,500x500,500x500,500x500,500x500,500x500,500x500,true,14,
1,legacy_gt_qc_v1,26/15,26,,15,,,data/legacy_gt_v1/output_img/26/15,data/legacy_gt_v1/output_img/26/15/0.jpg,500,500,data/legacy_gt_v1/output_img/26/15/0.npy,500x500x6,data/legacy_gt_v1/output_img/26/15/mask_1.npy,data/legacy_gt_v1/output_img/26/15/mask_2.npy,data/legacy_gt_v1/output_img/26/15/mask_3.npy,data/legacy_gt_v1/output_img/26/15/mask_4.npy,data/legacy_gt_v1/output_img/26/15/mask_5.npy,data/legacy_gt_v1/output_img/26/15/mask_key_point.npy,500x500,500x500,500x500,500x500,500x500,500x500,true,15,
1,legacy_gt_qc_v1,26/16,26,,16,,,data/legacy_gt_v1/output_img/26/16,data/legacy_gt_v1/output_img/26/16/0.jpg,500,500,data/legacy_gt_v1/output_img/26/16/0.npy,500x500x6,data/legacy_gt_v1/output_img/26/16/mask_1.npy,data/legacy_gt_v1/output_img/26/16/mask_2.npy,data/legacy_gt_v1/output_img/26/16/mask_3.npy,data/legacy_gt_v1/output_img/26/16/mask_4.npy,data/legacy_gt_v1/output_img/26/16/mask_5.npy,data/legacy_gt_v1/output_img/26/16/mask_key_point.npy,500x500,500x500,500x500,500x500,500x500,500x500,true,16,
1,legacy_gt_qc_v1,26/17,26,,17,,,data/legacy_gt_v1/output_img/26/17,data/legacy_gt_v1/output_img/26/17/0.jpg,500,500,data/legacy_gt_v1/output_img/26/17/0.npy,500x500x6,data/legacy_gt_v1/output_img/26/17/mask_1.npy,data/legacy_gt_v1/output_img/26/17/mask_2.npy,data/legacy_gt_v1/output_img/26/17/mask_3.npy,data/legacy_gt_v1/output_img/26/17/mask_4.npy,data/legacy_gt_v1/output_img/26/17/mask_5.npy,data/legacy_gt_v1/output_img/26/17/mask_key_point.npy,500x500,500x500,500x500,500x500,500x500,500x500,true,17,
1,legacy_gt_qc_v1,26/18,26,,18,,,data/legacy_gt_v1/output_img/26/18,data/legacy_gt_v1/output_img/26/18/0.jpg,500,500,data/legacy_gt_v1/output_img/26/18/0.npy,500x500x6,data/legacy_gt_v1/output_img/26/18/mask_1.npy,data/legacy_gt_v1/output_img/26/18/mask_2.npy,data/legacy_gt_v1/output_img/26/18/mask_3.npy,data/legacy_gt_v1/output_img/26/18/mask_4.npy,data/legacy_gt_v1/output_img/26/18/mask_5.npy,data/legacy_gt_v1/output_img/26/18/mask_key_point.npy,500x500,500x500,500x500,500x500,500x500,500x500,true,18,
1,legacy_gt_qc_v1,26/19,26,,19,,,data/legacy_gt_v1/output_img/26/19,data/legacy_gt_v1/output_img/26/19/0.jpg,500,500,data/legacy_gt_v1/output_img/26/19/0.npy,500x500x6,data/legacy_gt_v1/output_img/26/19/mask_1.npy,data/legacy_gt_v1/output_img/26/19/mask_2.npy,data/legacy_gt_v1/output_img/26/19/mask_3.npy,data/legacy_gt_v1/output_img/26/19/mask_4.npy,data/legacy_gt_v1/output_img/26/19/mask_5.npy,data/legacy_gt_v1/output_img/26/19/mask_key_point.npy,500x500,500x500,500x500,500x500,500x500,500x500,true,19,
1,legacy_gt_qc_v1,26/20,26,,20,,,data/legacy_gt_v1/output_img/26/20,data/legacy_gt_v1/output_img/26/20/0.jpg,500,500,data/legacy_gt_v1/output_img/26/20/0.npy,500x500x6,data/legacy_gt_v1/output_img/26/20/mask_1.npy,data/legacy_gt_v1/output_img/26/20/mask_2.npy,data/legacy_gt_v1/output_img/26/20/mask_3.npy,data/legacy_gt_v1/output_img/26/20/mask_4.npy,data/legacy_gt_v1/output_img/26/20/mask_5.npy,data/legacy_gt_v1/output_img/26/20/mask_key_point.npy,500x500,500x500,500x500,500x500,500x500,500x500,true,20,
1,legacy_gt_qc_v1,27/0,27,,0,,,data/legacy_gt_v1/output_img/27/0,data/legacy_gt_v1/output_img/27/0/0.jpg,500,500,data/legacy_gt_v1/output_img/27/0/0.npy,500x500x6,data/legacy_gt_v1/output_img/27/0/mask_1.npy,data/legacy_gt_v1/output_img/27/0/mask_2.npy,data/legacy_gt_v1/output_img/27/0/mask_3.npy,data/legacy_gt_v1/output_img/27/0/mask_4.npy,data/legacy_gt_v1/output_img/27/0/mask_5.npy,data/legacy_gt_v1/output_img/27/0/mask_key_point.npy,500x500,500x500,500x500,500x500,500x500,500x500,true,27/0,
1,legacy_gt_qc_v1,27/1,27,,1,,,data/legacy_gt_v1/output_img/27/1,data/legacy_gt_v1/output_img/27/1/0.jpg,500,500,data/legacy_gt_v1/output_img/27/1/0.npy,500x500x6,data/legacy_gt_v1/output_img/27/1/mask_1.npy,data/legacy_gt_v1/output_img/27/1/mask_2.npy,data/legacy_gt_v1/output_img/27/1/mask_3.npy,data/legacy_gt_v1/output_img/27/1/mask_4.npy,data/legacy_gt_v1/output_img/27/1/mask_5.npy,data/legacy_gt_v1/output_img/27/1/mask_key_point.npy,500x500,500x500,500x500,500x500,500x500,500x500,true,1,
1,legacy_gt_qc_v1,27/2,27,,2,,,data/legacy_gt_v1/output_img/27/2,data/legacy_gt_v1/output_img/27/2/0.jpg,500,500,data/legacy_gt_v1/output_img/27/2/0.npy,500x500x6,data/legacy_gt_v1/output_img/27/2/mask_1.npy,data/legacy_gt_v1/output_img/27/2/mask_2.npy,data/legacy_gt_v1/output_img/27/2/mask_3.npy,data/legacy_gt_v1/output_img/27/2/mask_4.npy,data/legacy_gt_v1/output_img/27/2/mask_5.npy,data/legacy_gt_v1/output_img/27/2/mask_key_point.npy,500x500,500x500,500x500,500x500,500x500,500x500,true,2,
1,legacy_gt_qc_v1,27/3,27,,3,,,data/legacy_gt_v1/output_img/27/3,data/legacy_gt_v1/output_img/27/3/0.jpg,500,500,data/legacy_gt_v1/output_img/27/3/0.npy,500x500x6,data/legacy_gt_v1/output_img/27/3/mask_1.npy,data/legacy_gt_v1/output_img/27/3/mask_2.npy,data/legacy_gt_v1/output_img/27/3/mask_3.npy,data/legacy_gt_v1/output_img/27/3/mask_4.npy,data/legacy_gt_v1/output_img/27/3/mask_5.npy,data/legacy_gt_v1/output_img/27/3/mask_key_point.npy,500x500,500x500,500x500,500x500,500x500,500x500,true,3,
1,legacy_gt_qc_v1,27/4,27,,4,,,data/legacy_gt_v1/output_img/27/4,data/legacy_gt_v1/output_img/27/4/0.jpg,500,500,data/legacy_gt_v1/output_img/27/4/0.npy,500x500x6,data/legacy_gt_v1/output_img/27/4/mask_1.npy,data/legacy_gt_v1/output_img/27/4/mask_2.npy,data/legacy_gt_v1/output_img/27/4/mask_3.npy,data/legacy_gt_v1/output_img/27/4/mask_4.npy,data/legacy_gt_v1/output_img/27/4/mask_5.npy,data/legacy_gt_v1/output_img/27/4/mask_key_point.npy,500x500,500x500,500x500,500x500,500x500,500x500,true,4,
1,legacy_gt_qc_v1,27/5,27,,5,,,data/legacy_gt_v1/output_img/27/5,data/legacy_gt_v1/output_img/27/5/0.jpg,500,500,data/legacy_gt_v1/output_img/27/5/0.npy,500x500x6,data/legacy_gt_v1/output_img/27/5/mask_1.npy,data/legacy_gt_v1/output_img/27/5/mask_2.npy,data/legacy_gt_v1/output_img/27/5/mask_3.npy,data/legacy_gt_v1/output_img/27/5/mask_4.npy,data/legacy_gt_v1/output_img/27/5/mask_5.npy,data/legacy_gt_v1/output_img/27/5/mask_key_point.npy,500x500,500x500,500x500,500x500,500x500,500x500,true,5,
1,legacy_gt_qc_v1,27/6,27,,6,,,data/legacy_gt_v1/output_img/27/6,data/legacy_gt_v1/output_img/27/6/0.jpg,500,500,data/legacy_gt_v1/output_img/27/6/0.npy,500x500x6,data/legacy_gt_v1/output_img/27/6/mask_1.npy,data/legacy_gt_v1/output_img/27/6/mask_2.npy,data/legacy_gt_v1/output_img/27/6/mask_3.npy,data/legacy_gt_v1/output_img/27/6/mask_4.npy,data/legacy_gt_v1/output_img/27/6/mask_5.npy,data/legacy_gt_v1/output_img/27/6/mask_key_point.npy,500x500,500x500,500x500,500x500,500x500,500x500,true,6,
1,legacy_gt_qc_v1,27/7,27,,7,,,data/legacy_gt_v1/output_img/27/7,data/legacy_gt_v1/output_img/27/7/0.jpg,500,500,data/legacy_gt_v1/output_img/27/7/0.npy,500x500x6,data/legacy_gt_v1/output_img/27/7/mask_1.npy,data/legacy_gt_v1/output_img/27/7/mask_2.npy,data/legacy_gt_v1/output_img/27/7/mask_3.npy,data/legacy_gt_v1/output_img/27/7/mask_4.npy,data/legacy_gt_v1/output_img/27/7/mask_5.npy,data/legacy_gt_v1/output_img/27/7/mask_key_point.npy,500x500,500x500,500x500,500x500,500x500,500x500,true,7,
1,legacy_gt_qc_v1,27/8,27,,8,,,data/legacy_gt_v1/output_img/27/8,data/legacy_gt_v1/output_img/27/8/0.jpg,500,500,data/legacy_gt_v1/output_img/27/8/0.npy,500x500x6,data/legacy_gt_v1/output_img/27/8/mask_1.npy,data/legacy_gt_v1/output_img/27/8/mask_2.npy,data/legacy_gt_v1/output_img/27/8/mask_3.npy,data/legacy_gt_v1/output_img/27/8/mask_4.npy,data/legacy_gt_v1/output_img/27/8/mask_5.npy,data/legacy_gt_v1/output_img/27/8/mask_key_point.npy,500x500,500x500,500x500,500x500,500x500,500x500,true,8,
1,legacy_gt_qc_v1,27/9,27,,9,,,data/legacy_gt_v1/output_img/27/9,data/legacy_gt_v1/output_img/27/9/0.jpg,500,500,data/legacy_gt_v1/output_img/27/9/0.npy,500x500x6,data/legacy_gt_v1/output_img/27/9/mask_1.npy,data/legacy_gt_v1/output_img/27/9/mask_2.npy,data/legacy_gt_v1/output_img/27/9/mask_3.npy,data/legacy_gt_v1/output_img/27/9/mask_4.npy,data/legacy_gt_v1/output_img/27/9/mask_5.npy,data/legacy_gt_v1/output_img/27/9/mask_key_point.npy,500x500,500x500,500x500,500x500,500x500,500x500,true,9,
1,legacy_gt_qc_v1,27/10,27,,10,,,data/legacy_gt_v1/output_img/27/10,data/legacy_gt_v1/output_img/27/10/0.jpg,500,500,data/legacy_gt_v1/output_img/27/10/0.npy,500x500x6,data/legacy_gt_v1/output_img/27/10/mask_1.npy,data/legacy_gt_v1/output_img/27/10/mask_2.npy,data/legacy_gt_v1/output_img/27/10/mask_3.npy,data/legacy_gt_v1/output_img/27/10/mask_4.npy,data/legacy_gt_v1/output_img/27/10/mask_5.npy,data/legacy_gt_v1/output_img/27/10/mask_key_point.npy,500x500,500x500,500x500,500x500,500x500,500x500,true,10,
1,legacy_gt_qc_v1,27/11,27,,11,,,data/legacy_gt_v1/output_img/27/11,data/legacy_gt_v1/output_img/27/11/0.jpg,500,500,data/legacy_gt_v1/output_img/27/11/0.npy,500x500x6,data/legacy_gt_v1/output_img/27/11/mask_1.npy,data/legacy_gt_v1/output_img/27/11/mask_2.npy,data/legacy_gt_v1/output_img/27/11/mask_3.npy,data/legacy_gt_v1/output_img/27/11/mask_4.npy,data/legacy_gt_v1/output_img/27/11/mask_5.npy,data/legacy_gt_v1/output_img/27/11/mask_key_point.npy,500x500,500x500,500x500,500x500,500x500,500x500,true,11,
1,legacy_gt_qc_v1,27/13,27,,13,,,data/legacy_gt_v1/output_img/27/13,data/legacy_gt_v1/output_img/27/13/0.jpg,500,500,data/legacy_gt_v1/output_img/27/13/0.npy,500x500x6,data/legacy_gt_v1/output_img/27/13/mask_1.npy,data/legacy_gt_v1/output_img/27/13/mask_2.npy,data/legacy_gt_v1/output_img/27/13/mask_3.npy,data/legacy_gt_v1/output_img/27/13/mask_4.npy,data/legacy_gt_v1/output_img/27/13/mask_5.npy,data/legacy_gt_v1/output_img/27/13/mask_key_point.npy,500x500,500x500,500x500,500x500,500x500,500x500,true,13,
1,legacy_gt_qc_v1,27/14,27,,14,,,data/legacy_gt_v1/output_img/27/14,data/legacy_gt_v1/output_img/27/14/0.jpg,500,500,data/legacy_gt_v1/output_img/27/14/0.npy,500x500x6,data/legacy_gt_v1/output_img/27/14/mask_1.npy,data/legacy_gt_v1/output_img/27/14/mask_2.npy,data/legacy_gt_v1/output_img/27/14/mask_3.npy,data/legacy_gt_v1/output_img/27/14/mask_4.npy,data/legacy_gt_v1/output_img/27/14/mask_5.npy,data/legacy_gt_v1/output_img/27/14/mask_key_point.npy,500x500,500x500,500x500,500x500,500x500,500x500,true,14,
1,legacy_gt_qc_v1,27/15,27,,15,,,data/legacy_gt_v1/output_img/27/15,data/legacy_gt_v1/output_img/27/15/0.jpg,500,500,data/legacy_gt_v1/output_img/27/15/0.npy,500x500x6,data/legacy_gt_v1/output_img/27/15/mask_1.npy,data/legacy_gt_v1/output_img/27/15/mask_2.npy,data/legacy_gt_v1/output_img/27/15/mask_3.npy,data/legacy_gt_v1/output_img/27/15/mask_4.npy,data/legacy_gt_v1/output_img/27/15/mask_5.npy,data/legacy_gt_v1/output_img/27/15/mask_key_point.npy,500x500,500x500,500x500,500x500,500x500,500x500,true,15,
1,legacy_gt_qc_v1,27/16,27,,16,,,data/legacy_gt_v1/output_img/27/16,data/legacy_gt_v1/output_img/27/16/0.jpg,500,500,data/legacy_gt_v1/output_img/27/16/0.npy,500x500x6,data/legacy_gt_v1/output_img/27/16/mask_1.npy,data/legacy_gt_v1/output_img/27/16/mask_2.npy,data/legacy_gt_v1/output_img/27/16/mask_3.npy,data/legacy_gt_v1/output_img/27/16/mask_4.npy,data/legacy_gt_v1/output_img/27/16/mask_5.npy,data/legacy_gt_v1/output_img/27/16/mask_key_point.npy,500x500,500x500,500x500,500x500,500x500,500x500,true,16,
1,legacy_gt_qc_v1,27/17,27,,17,,,data/legacy_gt_v1/output_img/27/17,data/legacy_gt_v1/output_img/27/17/0.jpg,500,500,data/legacy_gt_v1/output_img/27/17/0.npy,500x500x6,data/legacy_gt_v1/output_img/27/17/mask_1.npy,data/legacy_gt_v1/output_img/27/17/mask_2.npy,data/legacy_gt_v1/output_img/27/17/mask_3.npy,data/legacy_gt_v1/output_img/27/17/mask_4.npy,data/legacy_gt_v1/output_img/27/17/mask_5.npy,data/legacy_gt_v1/output_img/27/17/mask_key_point.npy,500x500,500x500,500x500,500x500,500x500,500x500,true,17,
1,legacy_gt_qc_v1,27/18,27,,18,,,data/legacy_gt_v1/output_img/27/18,data/legacy_gt_v1/output_img/27/18/0.jpg,500,500,data/legacy_gt_v1/output_img/27/18/0.npy,500x500x6,data/legacy_gt_v1/output_img/27/18/mask_1.npy,data/legacy_gt_v1/output_img/27/18/mask_2.npy,data/legacy_gt_v1/output_img/27/18/mask_3.npy,data/legacy_gt_v1/output_img/27/18/mask_4.npy,data/legacy_gt_v1/output_img/27/18/mask_5.npy,data/legacy_gt_v1/output_img/27/18/mask_key_point.npy,500x500,500x500,500x500,500x500,500x500,500x500,true,18,
1,legacy_gt_qc_v1,27/19,27,,19,,,data/legacy_gt_v1/output_img/27/19,data/legacy_gt_v1/output_img/27/19/0.jpg,500,500,data/legacy_gt_v1/output_img/27/19/0.npy,500x500x6,data/legacy_gt_v1/output_img/27/19/mask_1.npy,data/legacy_gt_v1/output_img/27/19/mask_2.npy,data/legacy_gt_v1/output_img/27/19/mask_3.npy,data/legacy_gt_v1/output_img/27/19/mask_4.npy,data/legacy_gt_v1/output_img/27/19/mask_5.npy,data/legacy_gt_v1/output_img/27/19/mask_key_point.npy,500x500,500x500,500x500,500x500,500x500,500x500,true,19,
1,legacy_gt_qc_v1,27/20,27,,20,,,data/legacy_gt_v1/output_img/27/20,data/legacy_gt_v1/output_img/27/20/0.jpg,500,500,data/legacy_gt_v1/output_img/27/20/0.npy,500x500x6,data/legacy_gt_v1/output_img/27/20/mask_1.npy,data/legacy_gt_v1/output_img/27/20/mask_2.npy,data/legacy_gt_v1/output_img/27/20/mask_3.npy,data/legacy_gt_v1/output_img/27/20/mask_4.npy,data/legacy_gt_v1/output_img/27/20/mask_5.npy,data/legacy_gt_v1/output_img/27/20/mask_key_point.npy,500x500,500x500,500x500,500x500,500x500,500x500,true,20,
1,legacy_gt_qc_v1,28/0,28,,0,,,data/legacy_gt_v1/output_img/28/0,data/legacy_gt_v1/output_img/28/0/0.jpg,500,500,data/legacy_gt_v1/output_img/28/0/0.npy,500x500x6,data/legacy_gt_v1/output_img/28/0/mask_1.npy,data/legacy_gt_v1/output_img/28/0/mask_2.npy,data/legacy_gt_v1/output_img/28/0/mask_3.npy,data/legacy_gt_v1/output_img/28/0/mask_4.npy,data/legacy_gt_v1/output_img/28/0/mask_5.npy,data/legacy_gt_v1/output_img/28/0/mask_key_point.npy,500x500,500x500,500x500,500x500,500x500,500x500,true,28/0,
1,legacy_gt_qc_v1,28/1,28,,1,,,data/legacy_gt_v1/output_img/28/1,data/legacy_gt_v1/output_img/28/1/0.jpg,500,500,data/legacy_gt_v1/output_img/28/1/0.npy,500x500x6,data/legacy_gt_v1/output_img/28/1/mask_1.npy,data/legacy_gt_v1/output_img/28/1/mask_2.npy,data/legacy_gt_v1/output_img/28/1/mask_3.npy,data/legacy_gt_v1/output_img/28/1/mask_4.npy,data/legacy_gt_v1/output_img/28/1/mask_5.npy,data/legacy_gt_v1/output_img/28/1/mask_key_point.npy,500x500,500x500,500x500,500x500,500x500,500x500,true,1,
1,legacy_gt_qc_v1,28/2,28,,2,,,data/legacy_gt_v1/output_img/28/2,data/legacy_gt_v1/output_img/28/2/0.jpg,500,500,data/legacy_gt_v1/output_img/28/2/0.npy,500x500x6,data/legacy_gt_v1/output_img/28/2/mask_1.npy,data/legacy_gt_v1/output_img/28/2/mask_2.npy,data/legacy_gt_v1/output_img/28/2/mask_3.npy,data/legacy_gt_v1/output_img/28/2/mask_4.npy,data/legacy_gt_v1/output_img/28/2/mask_5.npy,data/legacy_gt_v1/output_img/28/2/mask_key_point.npy,500x500,500x500,500x500,500x500,500x500,500x500,true,2,
1,legacy_gt_qc_v1,28/3,28,,3,,,data/legacy_gt_v1/output_img/28/3,data/legacy_gt_v1/output_img/28/3/0.jpg,500,500,data/legacy_gt_v1/output_img/28/3/0.npy,500x500x6,data/legacy_gt_v1/output_img/28/3/mask_1.npy,data/legacy_gt_v1/output_img/28/3/mask_2.npy,data/legacy_gt_v1/output_img/28/3/mask_3.npy,data/legacy_gt_v1/output_img/28/3/mask_4.npy,data/legacy_gt_v1/output_img/28/3/mask_5.npy,data/legacy_gt_v1/output_img/28/3/mask_key_point.npy,500x500,500x500,500x500,500x500,500x500,500x500,true,3,
1,legacy_gt_qc_v1,28/4,28,,4,,,data/legacy_gt_v1/output_img/28/4,data/legacy_gt_v1/output_img/28/4/0.jpg,500,500,data/legacy_gt_v1/output_img/28/4/0.npy,500x500x6,data/legacy_gt_v1/output_img/28/4/mask_1.npy,data/legacy_gt_v1/output_img/28/4/mask_2.npy,data/legacy_gt_v1/output_img/28/4/mask_3.npy,data/legacy_gt_v1/output_img/28/4/mask_4.npy,data/legacy_gt_v1/output_img/28/4/mask_5.npy,data/legacy_gt_v1/output_img/28/4/mask_key_point.npy,500x500,500x500,500x500,500x500,500x500,500x500,true,4,
1,legacy_gt_qc_v1,28/5,28,,5,,,data/legacy_gt_v1/output_img/28/5,data/legacy_gt_v1/output_img/28/5/0.jpg,500,500,data/legacy_gt_v1/output_img/28/5/0.npy,500x500x6,data/legacy_gt_v1/output_img/28/5/mask_1.npy,data/legacy_gt_v1/output_img/28/5/mask_2.npy,data/legacy_gt_v1/output_img/28/5/mask_3.npy,data/legacy_gt_v1/output_img/28/5/mask_4.npy,data/legacy_gt_v1/output_img/28/5/mask_5.npy,data/legacy_gt_v1/output_img/28/5/mask_key_point.npy,500x500,500x500,500x500,500x500,500x500,500x500,true,5,
1,legacy_gt_qc_v1,28/6,28,,6,,,data/legacy_gt_v1/output_img/28/6,data/legacy_gt_v1/output_img/28/6/0.jpg,500,500,data/legacy_gt_v1/output_img/28/6/0.npy,500x500x6,data/legacy_gt_v1/output_img/28/6/mask_1.npy,data/legacy_gt_v1/output_img/28/6/mask_2.npy,data/legacy_gt_v1/output_img/28/6/mask_3.npy,data/legacy_gt_v1/output_img/28/6/mask_4.npy,data/legacy_gt_v1/output_img/28/6/mask_5.npy,data/legacy_gt_v1/output_img/28/6/mask_key_point.npy,500x500,500x500,500x500,500x500,500x500,500x500,true,6,
1,legacy_gt_qc_v1,28/7,28,,7,,,data/legacy_gt_v1/output_img/28/7,data/legacy_gt_v1/output_img/28/7/0.jpg,500,500,data/legacy_gt_v1/output_img/28/7/0.npy,500x500x6,data/legacy_gt_v1/output_img/28/7/mask_1.npy,data/legacy_gt_v1/output_img/28/7/mask_2.npy,data/legacy_gt_v1/output_img/28/7/mask_3.npy,data/legacy_gt_v1/output_img/28/7/mask_4.npy,data/legacy_gt_v1/output_img/28/7/mask_5.npy,data/legacy_gt_v1/output_img/28/7/mask_key_point.npy,500x500,500x500,500x500,500x500,500x500,500x500,true,7,
1,legacy_gt_qc_v1,28/8,28,,8,,,data/legacy_gt_v1/output_img/28/8,data/legacy_gt_v1/output_img/28/8/0.jpg,500,500,data/legacy_gt_v1/output_img/28/8/0.npy,500x500x6,data/legacy_gt_v1/output_img/28/8/mask_1.npy,data/legacy_gt_v1/output_img/28/8/mask_2.npy,data/legacy_gt_v1/output_img/28/8/mask_3.npy,data/legacy_gt_v1/output_img/28/8/mask_4.npy,data/legacy_gt_v1/output_img/28/8/mask_5.npy,data/legacy_gt_v1/output_img/28/8/mask_key_point.npy,500x500,500x500,500x500,500x500,500x500,500x500,true,8,
1,legacy_gt_qc_v1,28/9,28,,9,,,data/legacy_gt_v1/output_img/28/9,data/legacy_gt_v1/output_img/28/9/0.jpg,500,500,data/legacy_gt_v1/output_img/28/9/0.npy,500x500x6,data/legacy_gt_v1/output_img/28/9/mask_1.npy,data/legacy_gt_v1/output_img/28/9/mask_2.npy,data/legacy_gt_v1/output_img/28/9/mask_3.npy,data/legacy_gt_v1/output_img/28/9/mask_4.npy,data/legacy_gt_v1/output_img/28/9/mask_5.npy,data/legacy_gt_v1/output_img/28/9/mask_key_point.npy,500x500,500x500,500x500,500x500,500x500,500x500,true,9,
1,legacy_gt_qc_v1,28/10,28,,10,,,data/legacy_gt_v1/output_img/28/10,data/legacy_gt_v1/output_img/28/10/0.jpg,500,500,data/legacy_gt_v1/output_img/28/10/0.npy,500x500x6,data/legacy_gt_v1/output_img/28/10/mask_1.npy,data/legacy_gt_v1/output_img/28/10/mask_2.npy,data/legacy_gt_v1/output_img/28/10/mask_3.npy,data/legacy_gt_v1/output_img/28/10/mask_4.npy,data/legacy_gt_v1/output_img/28/10/mask_5.npy,data/legacy_gt_v1/output_img/28/10/mask_key_point.npy,500x500,500x500,500x500,500x500,500x500,500x500,true,10,
1,legacy_gt_qc_v1,28/11,28,,11,,,data/legacy_gt_v1/output_img/28/11,data/legacy_gt_v1/output_img/28/11/0.jpg,500,500,data/legacy_gt_v1/output_img/28/11/0.npy,500x500x6,data/legacy_gt_v1/output_img/28/11/mask_1.npy,data/legacy_gt_v1/output_img/28/11/mask_2.npy,data/legacy_gt_v1/output_img/28/11/mask_3.npy,data/legacy_gt_v1/output_img/28/11/mask_4.npy,data/legacy_gt_v1/output_img/28/11/mask_5.npy,data/legacy_gt_v1/output_img/28/11/mask_key_point.npy,500x500,500x500,500x500,500x500,500x500,500x500,true,11,
1,legacy_gt_qc_v1,28/13,28,,13,,,data/legacy_gt_v1/output_img/28/13,data/legacy_gt_v1/output_img/28/13/0.jpg,500,500,data/legacy_gt_v1/output_img/28/13/0.npy,500x500x6,data/legacy_gt_v1/output_img/28/13/mask_1.npy,data/legacy_gt_v1/output_img/28/13/mask_2.npy,data/legacy_gt_v1/output_img/28/13/mask_3.npy,data/legacy_gt_v1/output_img/28/13/mask_4.npy,data/legacy_gt_v1/output_img/28/13/mask_5.npy,data/legacy_gt_v1/output_img/28/13/mask_key_point.npy,500x500,500x500,500x500,500x500,500x500,500x500,true,13,
1,legacy_gt_qc_v1,28/14,28,,14,,,data/legacy_gt_v1/output_img/28/14,data/legacy_gt_v1/output_img/28/14/0.jpg,500,500,data/legacy_gt_v1/output_img/28/14/0.npy,500x500x6,data/legacy_gt_v1/output_img/28/14/mask_1.npy,data/legacy_gt_v1/output_img/28/14/mask_2.npy,data/legacy_gt_v1/output_img/28/14/mask_3.npy,data/legacy_gt_v1/output_img/28/14/mask_4.npy,data/legacy_gt_v1/output_img/28/14/mask_5.npy,data/legacy_gt_v1/output_img/28/14/mask_key_point.npy,500x500,500x500,500x500,500x500,500x500,500x500,true,14,
1,legacy_gt_qc_v1,28/15,28,,15,,,data/legacy_gt_v1/output_img/28/15,data/legacy_gt_v1/output_img/28/15/0.jpg,500,500,data/legacy_gt_v1/output_img/28/15/0.npy,500x500x6,data/legacy_gt_v1/output_img/28/15/mask_1.npy,data/legacy_gt_v1/output_img/28/15/mask_2.npy,data/legacy_gt_v1/output_img/28/15/mask_3.npy,data/legacy_gt_v1/output_img/28/15/mask_4.npy,data/legacy_gt_v1/output_img/28/15/mask_5.npy,data/legacy_gt_v1/output_img/28/15/mask_key_point.npy,500x500,500x500,500x500,500x500,500x500,500x500,true,15,
1,legacy_gt_qc_v1,28/16,28,,16,,,data/legacy_gt_v1/output_img/28/16,data/legacy_gt_v1/output_img/28/16/0.jpg,500,500,data/legacy_gt_v1/output_img/28/16/0.npy,500x500x6,data/legacy_gt_v1/output_img/28/16/mask_1.npy,data/legacy_gt_v1/output_img/28/16/mask_2.npy,data/legacy_gt_v1/output_img/28/16/mask_3.npy,data/legacy_gt_v1/output_img/28/16/mask_4.npy,data/legacy_gt_v1/output_img/28/16/mask_5.npy,data/legacy_gt_v1/output_img/28/16/mask_key_point.npy,500x500,500x500,500x500,500x500,500x500,500x500,true,16,
1,legacy_gt_qc_v1,28/17,28,,17,,,data/legacy_gt_v1/output_img/28/17,data/legacy_gt_v1/output_img/28/17/0.jpg,500,500,data/legacy_gt_v1/output_img/28/17/0.npy,500x500x6,data/legacy_gt_v1/output_img/28/17/mask_1.npy,data/legacy_gt_v1/output_img/28/17/mask_2.npy,data/legacy_gt_v1/output_img/28/17/mask_3.npy,data/legacy_gt_v1/output_img/28/17/mask_4.npy,data/legacy_gt_v1/output_img/28/17/mask_5.npy,data/legacy_gt_v1/output_img/28/17/mask_key_point.npy,500x500,500x500,500x500,500x500,500x500,500x500,true,17,
1,legacy_gt_qc_v1,28/18,28,,18,,,data/legacy_gt_v1/output_img/28/18,data/legacy_gt_v1/output_img/28/18/0.jpg,500,500,data/legacy_gt_v1/output_img/28/18/0.npy,500x500x6,data/legacy_gt_v1/output_img/28/18/mask_1.npy,data/legacy_gt_v1/output_img/28/18/mask_2.npy,data/legacy_gt_v1/output_img/28/18/mask_3.npy,data/legacy_gt_v1/output_img/28/18/mask_4.npy,data/legacy_gt_v1/output_img/28/18/mask_5.npy,data/legacy_gt_v1/output_img/28/18/mask_key_point.npy,500x500,500x500,500x500,500x500,500x500,500x500,true,18,
1,legacy_gt_qc_v1,28/19,28,,19,,,data/legacy_gt_v1/output_img/28/19,data/legacy_gt_v1/output_img/28/19/0.jpg,500,500,data/legacy_gt_v1/output_img/28/19/0.npy,500x500x6,data/legacy_gt_v1/output_img/28/19/mask_1.npy,data/legacy_gt_v1/output_img/28/19/mask_2.npy,data/legacy_gt_v1/output_img/28/19/mask_3.npy,data/legacy_gt_v1/output_img/28/19/mask_4.npy,data/legacy_gt_v1/output_img/28/19/mask_5.npy,data/legacy_gt_v1/output_img/28/19/mask_key_point.npy,500x500,500x500,500x500,500x500,500x500,500x500,true,19,
1,legacy_gt_qc_v1,28/20,28,,20,,,data/legacy_gt_v1/output_img/28/20,data/legacy_gt_v1/output_img/28/20/0.jpg,500,500,data/legacy_gt_v1/output_img/28/20/0.npy,500x500x6,data/legacy_gt_v1/output_img/28/20/mask_1.npy,data/legacy_gt_v1/output_img/28/20/mask_2.npy,data/legacy_gt_v1/output_img/28/20/mask_3.npy,data/legacy_gt_v1/output_img/28/20/mask_4.npy,data/legacy_gt_v1/output_img/28/20/mask_5.npy,data/legacy_gt_v1/output_img/28/20/mask_key_point.npy,500x500,500x500,500x500,500x500,500x500,500x500,true,20,
1,legacy_gt_qc_v1,29/0,29,,0,,,data/legacy_gt_v1/output_img/29/0,data/legacy_gt_v1/output_img/29/0/0.jpg,500,500,data/legacy_gt_v1/output_img/29/0/0.npy,500x500x6,data/legacy_gt_v1/output_img/29/0/mask_1.npy,data/legacy_gt_v1/output_img/29/0/mask_2.npy,data/legacy_gt_v1/output_img/29/0/mask_3.npy,data/legacy_gt_v1/output_img/29/0/mask_4.npy,data/legacy_gt_v1/output_img/29/0/mask_5.npy,data/legacy_gt_v1/output_img/29/0/mask_key_point.npy,500x500,500x500,500x500,500x500,500x500,500x500,true,29/0,
1,legacy_gt_qc_v1,29/1,29,,1,,,data/legacy_gt_v1/output_img/29/1,data/legacy_gt_v1/output_img/29/1/0.jpg,500,500,data/legacy_gt_v1/output_img/29/1/0.npy,500x500x6,data/legacy_gt_v1/output_img/29/1/mask_1.npy,data/legacy_gt_v1/output_img/29/1/mask_2.npy,data/legacy_gt_v1/output_img/29/1/mask_3.npy,data/legacy_gt_v1/output_img/29/1/mask_4.npy,data/legacy_gt_v1/output_img/29/1/mask_5.npy,data/legacy_gt_v1/output_img/29/1/mask_key_point.npy,500x500,500x500,500x500,500x500,500x500,500x500,true,1,
1,legacy_gt_qc_v1,29/2,29,,2,,,data/legacy_gt_v1/output_img/29/2,data/legacy_gt_v1/output_img/29/2/0.jpg,500,500,data/legacy_gt_v1/output_img/29/2/0.npy,500x500x6,data/legacy_gt_v1/output_img/29/2/mask_1.npy,data/legacy_gt_v1/output_img/29/2/mask_2.npy,data/legacy_gt_v1/output_img/29/2/mask_3.npy,data/legacy_gt_v1/output_img/29/2/mask_4.npy,data/legacy_gt_v1/output_img/29/2/mask_5.npy,data/legacy_gt_v1/output_img/29/2/mask_key_point.npy,500x500,500x500,500x500,500x500,500x500,500x500,true,2,
1,legacy_gt_qc_v1,29/3,29,,3,,,data/legacy_gt_v1/output_img/29/3,data/legacy_gt_v1/output_img/29/3/0.jpg,500,500,data/legacy_gt_v1/output_img/29/3/0.npy,500x500x6,data/legacy_gt_v1/output_img/29/3/mask_1.npy,data/legacy_gt_v1/output_img/29/3/mask_2.npy,data/legacy_gt_v1/output_img/29/3/mask_3.npy,data/legacy_gt_v1/output_img/29/3/mask_4.npy,data/legacy_gt_v1/output_img/29/3/mask_5.npy,data/legacy_gt_v1/output_img/29/3/mask_key_point.npy,500x500,500x500,500x500,500x500,500x500,500x500,true,3,
1,legacy_gt_qc_v1,29/4,29,,4,,,data/legacy_gt_v1/output_img/29/4,data/legacy_gt_v1/output_img/29/4/0.jpg,500,500,data/legacy_gt_v1/output_img/29/4/0.npy,500x500x6,data/legacy_gt_v1/output_img/29/4/mask_1.npy,data/legacy_gt_v1/output_img/29/4/mask_2.npy,data/legacy_gt_v1/output_img/29/4/mask_3.npy,data/legacy_gt_v1/output_img/29/4/mask_4.npy,data/legacy_gt_v1/output_img/29/4/mask_5.npy,data/legacy_gt_v1/output_img/29/4/mask_key_point.npy,500x500,500x500,500x500,500x500,500x500,500x500,true,4,
1,legacy_gt_qc_v1,29/5,29,,5,,,data/legacy_gt_v1/output_img/29/5,data/legacy_gt_v1/output_img/29/5/0.jpg,500,500,data/legacy_gt_v1/output_img/29/5/0.npy,500x500x6,data/legacy_gt_v1/output_img/29/5/mask_1.npy,data/legacy_gt_v1/output_img/29/5/mask_2.npy,data/legacy_gt_v1/output_img/29/5/mask_3.npy,data/legacy_gt_v1/output_img/29/5/mask_4.npy,data/legacy_gt_v1/output_img/29/5/mask_5.npy,data/legacy_gt_v1/output_img/29/5/mask_key_point.npy,500x500,500x500,500x500,500x500,500x500,500x500,true,5,
1,legacy_gt_qc_v1,29/6,29,,6,,,data/legacy_gt_v1/output_img/29/6,data/legacy_gt_v1/output_img/29/6/0.jpg,500,500,data/legacy_gt_v1/output_img/29/6/0.npy,500x500x6,data/legacy_gt_v1/output_img/29/6/mask_1.npy,data/legacy_gt_v1/output_img/29/6/mask_2.npy,data/legacy_gt_v1/output_img/29/6/mask_3.npy,data/legacy_gt_v1/output_img/29/6/mask_4.npy,data/legacy_gt_v1/output_img/29/6/mask_5.npy,data/legacy_gt_v1/output_img/29/6/mask_key_point.npy,500x500,500x500,500x500,500x500,500x500,500x500,true,6,
1,legacy_gt_qc_v1,29/7,29,,7,,,data/legacy_gt_v1/output_img/29/7,data/legacy_gt_v1/output_img/29/7/0.jpg,500,500,data/legacy_gt_v1/output_img/29/7/0.npy,500x500x6,data/legacy_gt_v1/output_img/29/7/mask_1.npy,data/legacy_gt_v1/output_img/29/7/mask_2.npy,data/legacy_gt_v1/output_img/29/7/mask_3.npy,data/legacy_gt_v1/output_img/29/7/mask_4.npy,data/legacy_gt_v1/output_img/29/7/mask_5.npy,data/legacy_gt_v1/output_img/29/7/mask_key_point.npy,500x500,500x500,500x500,500x500,500x500,500x500,true,7,
1,legacy_gt_qc_v1,29/8,29,,8,,,data/legacy_gt_v1/output_img/29/8,data/legacy_gt_v1/output_img/29/8/0.jpg,500,500,data/legacy_gt_v1/output_img/29/8/0.npy,500x500x6,data/legacy_gt_v1/output_img/29/8/mask_1.npy,data/legacy_gt_v1/output_img/29/8/mask_2.npy,data/legacy_gt_v1/output_img/29/8/mask_3.npy,data/legacy_gt_v1/output_img/29/8/mask_4.npy,data/legacy_gt_v1/output_img/29/8/mask_5.npy,data/legacy_gt_v1/output_img/29/8/mask_key_point.npy,500x500,500x500,500x500,500x500,500x500,500x500,true,8,
1,legacy_gt_qc_v1,29/9,29,,9,,,data/legacy_gt_v1/output_img/29/9,data/legacy_gt_v1/output_img/29/9/0.jpg,500,500,data/legacy_gt_v1/output_img/29/9/0.npy,500x500x6,data/legacy_gt_v1/output_img/29/9/mask_1.npy,data/legacy_gt_v1/output_img/29/9/mask_2.npy,data/legacy_gt_v1/output_img/29/9/mask_3.npy,data/legacy_gt_v1/output_img/29/9/mask_4.npy,data/legacy_gt_v1/output_img/29/9/mask_5.npy,data/legacy_gt_v1/output_img/29/9/mask_key_point.npy,500x500,500x500,500x500,500x500,500x500,500x500,true,9,
1,legacy_gt_qc_v1,29/10,29,,10,,,data/legacy_gt_v1/output_img/29/10,data/legacy_gt_v1/output_img/29/10/0.jpg,500,500,data/legacy_gt_v1/output_img/29/10/0.npy,500x500x6,data/legacy_gt_v1/output_img/29/10/mask_1.npy,data/legacy_gt_v1/output_img/29/10/mask_2.npy,data/legacy_gt_v1/output_img/29/10/mask_3.npy,data/legacy_gt_v1/output_img/29/10/mask_4.npy,data/legacy_gt_v1/output_img/29/10/mask_5.npy,data/legacy_gt_v1/output_img/29/10/mask_key_point.npy,500x500,500x500,500x500,500x500,500x500,500x500,true,10,
1,legacy_gt_qc_v1,29/11,29,,11,,,data/legacy_gt_v1/output_img/29/11,data/legacy_gt_v1/output_img/29/11/0.jpg,500,500,data/legacy_gt_v1/output_img/29/11/0.npy,500x500x6,data/legacy_gt_v1/output_img/29/11/mask_1.npy,data/legacy_gt_v1/output_img/29/11/mask_2.npy,data/legacy_gt_v1/output_img/29/11/mask_3.npy,data/legacy_gt_v1/output_img/29/11/mask_4.npy,data/legacy_gt_v1/output_img/29/11/mask_5.npy,data/legacy_gt_v1/output_img/29/11/mask_key_point.npy,500x500,500x500,500x500,500x500,500x500,500x500,true,11,
1,legacy_gt_qc_v1,29/14,29,,14,,,data/legacy_gt_v1/output_img/29/14,data/legacy_gt_v1/output_img/29/14/0.jpg,500,500,data/legacy_gt_v1/output_img/29/14/0.npy,500x500x6,data/legacy_gt_v1/output_img/29/14/mask_1.npy,data/legacy_gt_v1/output_img/29/14/mask_2.npy,data/legacy_gt_v1/output_img/29/14/mask_3.npy,data/legacy_gt_v1/output_img/29/14/mask_4.npy,data/legacy_gt_v1/output_img/29/14/mask_5.npy,data/legacy_gt_v1/output_img/29/14/mask_key_point.npy,500x500,500x500,500x500,500x500,500x500,500x500,true,14,
1,legacy_gt_qc_v1,29/15,29,,15,,,data/legacy_gt_v1/output_img/29/15,data/legacy_gt_v1/output_img/29/15/0.jpg,500,500,data/legacy_gt_v1/output_img/29/15/0.npy,500x500x6,data/legacy_gt_v1/output_img/29/15/mask_1.npy,data/legacy_gt_v1/output_img/29/15/mask_2.npy,data/legacy_gt_v1/output_img/29/15/mask_3.npy,data/legacy_gt_v1/output_img/29/15/mask_4.npy,data/legacy_gt_v1/output_img/29/15/mask_5.npy,data/legacy_gt_v1/output_img/29/15/mask_key_point.npy,500x500,500x500,500x500,500x500,500x500,500x500,true,15,
1,legacy_gt_qc_v1,29/16,29,,16,,,data/legacy_gt_v1/output_img/29/16,data/legacy_gt_v1/output_img/29/16/0.jpg,500,500,data/legacy_gt_v1/output_img/29/16/0.npy,500x500x6,data/legacy_gt_v1/output_img/29/16/mask_1.npy,data/legacy_gt_v1/output_img/29/16/mask_2.npy,data/legacy_gt_v1/output_img/29/16/mask_3.npy,data/legacy_gt_v1/output_img/29/16/mask_4.npy,data/legacy_gt_v1/output_img/29/16/mask_5.npy,data/legacy_gt_v1/output_img/29/16/mask_key_point.npy,500x500,500x500,500x500,500x500,500x500,500x500,true,16,
1,legacy_gt_qc_v1,29/17,29,,17,,,data/legacy_gt_v1/output_img/29/17,data/legacy_gt_v1/output_img/29/17/0.jpg,500,500,data/legacy_gt_v1/output_img/29/17/0.npy,500x500x6,data/legacy_gt_v1/output_img/29/17/mask_1.npy,data/legacy_gt_v1/output_img/29/17/mask_2.npy,data/legacy_gt_v1/output_img/29/17/mask_3.npy,data/legacy_gt_v1/output_img/29/17/mask_4.npy,data/legacy_gt_v1/output_img/29/17/mask_5.npy,data/legacy_gt_v1/output_img/29/17/mask_key_point.npy,500x500,500x500,500x500,500x500,500x500,500x500,true,17,
1,legacy_gt_qc_v1,29/18,29,,18,,,data/legacy_gt_v1/output_img/29/18,data/legacy_gt_v1/output_img/29/18/0.jpg,500,500,data/legacy_gt_v1/output_img/29/18/0.npy,500x500x6,data/legacy_gt_v1/output_img/29/18/mask_1.npy,data/legacy_gt_v1/output_img/29/18/mask_2.npy,data/legacy_gt_v1/output_img/29/18/mask_3.npy,data/legacy_gt_v1/output_img/29/18/mask_4.npy,data/legacy_gt_v1/output_img/29/18/mask_5.npy,data/legacy_gt_v1/output_img/29/18/mask_key_point.npy,500x500,500x500,500x500,500x500,500x500,500x500,true,18,
1,legacy_gt_qc_v1,29/19,29,,19,,,data/legacy_gt_v1/output_img/29/19,data/legacy_gt_v1/output_img/29/19/0.jpg,500,500,data/legacy_gt_v1/output_img/29/19/0.npy,500x500x6,data/legacy_gt_v1/output_img/29/19/mask_1.npy,data/legacy_gt_v1/output_img/29/19/mask_2.npy,data/legacy_gt_v1/output_img/29/19/mask_3.npy,data/legacy_gt_v1/output_img/29/19/mask_4.npy,data/legacy_gt_v1/output_img/29/19/mask_5.npy,data/legacy_gt_v1/output_img/29/19/mask_key_point.npy,500x500,500x500,500x500,500x500,500x500,500x500,true,19,
1,legacy_gt_qc_v1,29/20,29,,20,,,data/legacy_gt_v1/output_img/29/20,data/legacy_gt_v1/output_img/29/20/0.jpg,500,500,data/legacy_gt_v1/output_img/29/20/0.npy,500x500x6,data/legacy_gt_v1/output_img/29/20/mask_1.npy,data/legacy_gt_v1/output_img/29/20/mask_2.npy,data/legacy_gt_v1/output_img/29/20/mask_3.npy,data/legacy_gt_v1/output_img/29/20/mask_4.npy,data/legacy_gt_v1/output_img/29/20/mask_5.npy,data/legacy_gt_v1/output_img/29/20/mask_key_point.npy,500x500,500x500,500x500,500x500,500x500,500x500,true,20,
1,legacy_gt_qc_v1,30/0,30,,0,,,data/legacy_gt_v1/output_img/30/0,data/legacy_gt_v1/output_img/30/0/0.jpg,500,500,data/legacy_gt_v1/output_img/30/0/0.npy,500x500x6,data/legacy_gt_v1/output_img/30/0/mask_1.npy,data/legacy_gt_v1/output_img/30/0/mask_2.npy,data/legacy_gt_v1/output_img/30/0/mask_3.npy,data/legacy_gt_v1/output_img/30/0/mask_4.npy,data/legacy_gt_v1/output_img/30/0/mask_5.npy,data/legacy_gt_v1/output_img/30/0/mask_key_point.npy,500x500,500x500,500x500,500x500,500x500,500x500,true,30/0,
1,legacy_gt_qc_v1,30/1,30,,1,,,data/legacy_gt_v1/output_img/30/1,data/legacy_gt_v1/output_img/30/1/0.jpg,500,500,data/legacy_gt_v1/output_img/30/1/0.npy,500x500x6,data/legacy_gt_v1/output_img/30/1/mask_1.npy,data/legacy_gt_v1/output_img/30/1/mask_2.npy,data/legacy_gt_v1/output_img/30/1/mask_3.npy,data/legacy_gt_v1/output_img/30/1/mask_4.npy,data/legacy_gt_v1/output_img/30/1/mask_5.npy,data/legacy_gt_v1/output_img/30/1/mask_key_point.npy,500x500,500x500,500x500,500x500,500x500,500x500,true,1,
1,legacy_gt_qc_v1,30/2,30,,2,,,data/legacy_gt_v1/output_img/30/2,data/legacy_gt_v1/output_img/30/2/0.jpg,500,500,data/legacy_gt_v1/output_img/30/2/0.npy,500x500x6,data/legacy_gt_v1/output_img/30/2/mask_1.npy,data/legacy_gt_v1/output_img/30/2/mask_2.npy,data/legacy_gt_v1/output_img/30/2/mask_3.npy,data/legacy_gt_v1/output_img/30/2/mask_4.npy,data/legacy_gt_v1/output_img/30/2/mask_5.npy,data/legacy_gt_v1/output_img/30/2/mask_key_point.npy,500x500,500x500,500x500,500x500,500x500,500x500,true,2,
1,legacy_gt_qc_v1,30/4,30,,4,,,data/legacy_gt_v1/output_img/30/4,data/legacy_gt_v1/output_img/30/4/0.jpg,500,500,data/legacy_gt_v1/output_img/30/4/0.npy,500x500x6,data/legacy_gt_v1/output_img/30/4/mask_1.npy,data/legacy_gt_v1/output_img/30/4/mask_2.npy,data/legacy_gt_v1/output_img/30/4/mask_3.npy,data/legacy_gt_v1/output_img/30/4/mask_4.npy,data/legacy_gt_v1/output_img/30/4/mask_5.npy,data/legacy_gt_v1/output_img/30/4/mask_key_point.npy,500x500,500x500,500x500,500x500,500x500,500x500,true,4,
1,legacy_gt_qc_v1,30/5,30,,5,,,data/legacy_gt_v1/output_img/30/5,data/legacy_gt_v1/output_img/30/5/0.jpg,500,500,data/legacy_gt_v1/output_img/30/5/0.npy,500x500x6,data/legacy_gt_v1/output_img/30/5/mask_1.npy,data/legacy_gt_v1/output_img/30/5/mask_2.npy,data/legacy_gt_v1/output_img/30/5/mask_3.npy,data/legacy_gt_v1/output_img/30/5/mask_4.npy,data/legacy_gt_v1/output_img/30/5/mask_5.npy,data/legacy_gt_v1/output_img/30/5/mask_key_point.npy,500x500,500x500,500x500,500x500,500x500,500x500,true,5,
1,legacy_gt_qc_v1,30/6,30,,6,,,data/legacy_gt_v1/output_img/30/6,data/legacy_gt_v1/output_img/30/6/0.jpg,500,500,data/legacy_gt_v1/output_img/30/6/0.npy,500x500x6,data/legacy_gt_v1/output_img/30/6/mask_1.npy,data/legacy_gt_v1/output_img/30/6/mask_2.npy,data/legacy_gt_v1/output_img/30/6/mask_3.npy,data/legacy_gt_v1/output_img/30/6/mask_4.npy,data/legacy_gt_v1/output_img/30/6/mask_5.npy,data/legacy_gt_v1/output_img/30/6/mask_key_point.npy,500x500,500x500,500x500,500x500,500x500,500x500,true,6,
1,legacy_gt_qc_v1,30/7,30,,7,,,data/legacy_gt_v1/output_img/30/7,data/legacy_gt_v1/output_img/30/7/0.jpg,500,500,data/legacy_gt_v1/output_img/30/7/0.npy,500x500x6,data/legacy_gt_v1/output_img/30/7/mask_1.npy,data/legacy_gt_v1/output_img/30/7/mask_2.npy,data/legacy_gt_v1/output_img/30/7/mask_3.npy,data/legacy_gt_v1/output_img/30/7/mask_4.npy,data/legacy_gt_v1/output_img/30/7/mask_5.npy,data/legacy_gt_v1/output_img/30/7/mask_key_point.npy,500x500,500x500,500x500,500x500,500x500,500x500,true,7,
1,legacy_gt_qc_v1,30/8,30,,8,,,data/legacy_gt_v1/output_img/30/8,data/legacy_gt_v1/output_img/30/8/0.jpg,500,500,data/legacy_gt_v1/output_img/30/8/0.npy,500x500x6,data/legacy_gt_v1/output_img/30/8/mask_1.npy,data/legacy_gt_v1/output_img/30/8/mask_2.npy,data/legacy_gt_v1/output_img/30/8/mask_3.npy,data/legacy_gt_v1/output_img/30/8/mask_4.npy,data/legacy_gt_v1/output_img/30/8/mask_5.npy,data/legacy_gt_v1/output_img/30/8/mask_key_point.npy,500x500,500x500,500x500,500x500,500x500,500x500,true,8,
1,legacy_gt_qc_v1,30/9,30,,9,,,data/legacy_gt_v1/output_img/30/9,data/legacy_gt_v1/output_img/30/9/0.jpg,500,500,data/legacy_gt_v1/output_img/30/9/0.npy,500x500x6,data/legacy_gt_v1/output_img/30/9/mask_1.npy,data/legacy_gt_v1/output_img/30/9/mask_2.npy,data/legacy_gt_v1/output_img/30/9/mask_3.npy,data/legacy_gt_v1/output_img/30/9/mask_4.npy,data/legacy_gt_v1/output_img/30/9/mask_5.npy,data/legacy_gt_v1/output_img/30/9/mask_key_point.npy,500x500,500x500,500x500,500x500,500x500,500x500,true,9,
1,legacy_gt_qc_v1,30/10,30,,10,,,data/legacy_gt_v1/output_img/30/10,data/legacy_gt_v1/output_img/30/10/0.jpg,500,500,data/legacy_gt_v1/output_img/30/10/0.npy,500x500x6,data/legacy_gt_v1/output_img/30/10/mask_1.npy,data/legacy_gt_v1/output_img/30/10/mask_2.npy,data/legacy_gt_v1/output_img/30/10/mask_3.npy,data/legacy_gt_v1/output_img/30/10/mask_4.npy,data/legacy_gt_v1/output_img/30/10/mask_5.npy,data/legacy_gt_v1/output_img/30/10/mask_key_point.npy,500x500,500x500,500x500,500x500,500x500,500x500,true,10,
1,legacy_gt_qc_v1,30/14,30,,14,,,data/legacy_gt_v1/output_img/30/14,data/legacy_gt_v1/output_img/30/14/0.jpg,500,500,data/legacy_gt_v1/output_img/30/14/0.npy,500x500x6,data/legacy_gt_v1/output_img/30/14/mask_1.npy,data/legacy_gt_v1/output_img/30/14/mask_2.npy,data/legacy_gt_v1/output_img/30/14/mask_3.npy,data/legacy_gt_v1/output_img/30/14/mask_4.npy,data/legacy_gt_v1/output_img/30/14/mask_5.npy,data/legacy_gt_v1/output_img/30/14/mask_key_point.npy,500x500,500x500,500x500,500x500,500x500,500x500,true,14,
1,legacy_gt_qc_v1,30/15,30,,15,,,data/legacy_gt_v1/output_img/30/15,data/legacy_gt_v1/output_img/30/15/0.jpg,500,500,data/legacy_gt_v1/output_img/30/15/0.npy,500x500x6,data/legacy_gt_v1/output_img/30/15/mask_1.npy,data/legacy_gt_v1/output_img/30/15/mask_2.npy,data/legacy_gt_v1/output_img/30/15/mask_3.npy,data/legacy_gt_v1/output_img/30/15/mask_4.npy,data/legacy_gt_v1/output_img/30/15/mask_5.npy,data/legacy_gt_v1/output_img/30/15/mask_key_point.npy,500x500,500x500,500x500,500x500,500x500,500x500,true,15,
1,legacy_gt_qc_v1,30/16,30,,16,,,data/legacy_gt_v1/output_img/30/16,data/legacy_gt_v1/output_img/30/16/0.jpg,500,500,data/legacy_gt_v1/output_img/30/16/0.npy,500x500x6,data/legacy_gt_v1/output_img/30/16/mask_1.npy,data/legacy_gt_v1/output_img/30/16/mask_2.npy,data/legacy_gt_v1/output_img/30/16/mask_3.npy,data/legacy_gt_v1/output_img/30/16/mask_4.npy,data/legacy_gt_v1/output_img/30/16/mask_5.npy,data/legacy_gt_v1/output_img/30/16/mask_key_point.npy,500x500,500x500,500x500,500x500,500x500,500x500,true,16,
1,legacy_gt_qc_v1,30/17,30,,17,,,data/legacy_gt_v1/output_img/30/17,data/legacy_gt_v1/output_img/30/17/0.jpg,500,500,data/legacy_gt_v1/output_img/30/17/0.npy,500x500x6,data/legacy_gt_v1/output_img/30/17/mask_1.npy,data/legacy_gt_v1/output_img/30/17/mask_2.npy,data/legacy_gt_v1/output_img/30/17/mask_3.npy,data/legacy_gt_v1/output_img/30/17/mask_4.npy,data/legacy_gt_v1/output_img/30/17/mask_5.npy,data/legacy_gt_v1/output_img/30/17/mask_key_point.npy,500x500,500x500,500x500,500x500,500x500,500x500,true,17,
1,legacy_gt_qc_v1,30/18,30,,18,,,data/legacy_gt_v1/output_img/30/18,data/legacy_gt_v1/output_img/30/18/0.jpg,500,500,data/legacy_gt_v1/output_img/30/18/0.npy,500x500x6,data/legacy_gt_v1/output_img/30/18/mask_1.npy,data/legacy_gt_v1/output_img/30/18/mask_2.npy,data/legacy_gt_v1/output_img/30/18/mask_3.npy,data/legacy_gt_v1/output_img/30/18/mask_4.npy,data/legacy_gt_v1/output_img/30/18/mask_5.npy,data/legacy_gt_v1/output_img/30/18/mask_key_point.npy,500x500,500x500,500x500,500x500,500x500,500x500,true,18,
1,legacy_gt_qc_v1,30/19,30,,19,,,data/legacy_gt_v1/output_img/30/19,data/legacy_gt_v1/output_img/30/19/0.jpg,500,500,data/legacy_gt_v1/output_img/30/19/0.npy,500x500x6,data/legacy_gt_v1/output_img/30/19/mask_1.npy,data/legacy_gt_v1/output_img/30/19/mask_2.npy,data/legacy_gt_v1/output_img/30/19/mask_3.npy,data/legacy_gt_v1/output_img/30/19/mask_4.npy,data/legacy_gt_v1/output_img/30/19/mask_5.npy,data/legacy_gt_v1/output_img/30/19/mask_key_point.npy,500x500,500x500,500x500,500x500,500x500,500x500,true,19,
1,legacy_gt_qc_v1,30/20,30,,20,,,data/legacy_gt_v1/output_img/30/20,data/legacy_gt_v1/output_img/30/20/0.jpg,500,500,data/legacy_gt_v1/output_img/30/20/0.npy,500x500x6,data/legacy_gt_v1/output_img/30/20/mask_1.npy,data/legacy_gt_v1/output_img/30/20/mask_2.npy,data/legacy_gt_v1/output_img/30/20/mask_3.npy,data/legacy_gt_v1/output_img/30/20/mask_4.npy,data/legacy_gt_v1/output_img/30/20/mask_5.npy,data/legacy_gt_v1/output_img/30/20/mask_key_point.npy,500x500,500x500,500x500,500x500,500x500,500x500,true,20,
1,legacy_gt_qc_v1,31/0,31,,0,,,data/legacy_gt_v1/output_img/31/0,data/legacy_gt_v1/output_img/31/0/0.jpg,500,500,data/legacy_gt_v1/output_img/31/0/0.npy,500x500x6,data/legacy_gt_v1/output_img/31/0/mask_1.npy,data/legacy_gt_v1/output_img/31/0/mask_2.npy,data/legacy_gt_v1/output_img/31/0/mask_3.npy,data/legacy_gt_v1/output_img/31/0/mask_4.npy,data/legacy_gt_v1/output_img/31/0/mask_5.npy,data/legacy_gt_v1/output_img/31/0/mask_key_point.npy,500x500,500x500,500x500,500x500,500x500,500x500,true,31/0,
1,legacy_gt_qc_v1,31/1,31,,1,,,data/legacy_gt_v1/output_img/31/1,data/legacy_gt_v1/output_img/31/1/0.jpg,500,500,data/legacy_gt_v1/output_img/31/1/0.npy,500x500x6,data/legacy_gt_v1/output_img/31/1/mask_1.npy,data/legacy_gt_v1/output_img/31/1/mask_2.npy,data/legacy_gt_v1/output_img/31/1/mask_3.npy,data/legacy_gt_v1/output_img/31/1/mask_4.npy,data/legacy_gt_v1/output_img/31/1/mask_5.npy,data/legacy_gt_v1/output_img/31/1/mask_key_point.npy,500x500,500x500,500x500,500x500,500x500,500x500,true,1,
1,legacy_gt_qc_v1,31/2,31,,2,,,data/legacy_gt_v1/output_img/31/2,data/legacy_gt_v1/output_img/31/2/0.jpg,500,500,data/legacy_gt_v1/output_img/31/2/0.npy,500x500x6,data/legacy_gt_v1/output_img/31/2/mask_1.npy,data/legacy_gt_v1/output_img/31/2/mask_2.npy,data/legacy_gt_v1/output_img/31/2/mask_3.npy,data/legacy_gt_v1/output_img/31/2/mask_4.npy,data/legacy_gt_v1/output_img/31/2/mask_5.npy,data/legacy_gt_v1/output_img/31/2/mask_key_point.npy,500x500,500x500,500x500,500x500,500x500,500x500,true,2,
1,legacy_gt_qc_v1,31/4,31,,4,,,data/legacy_gt_v1/output_img/31/4,data/legacy_gt_v1/output_img/31/4/0.jpg,500,500,data/legacy_gt_v1/output_img/31/4/0.npy,500x500x6,data/legacy_gt_v1/output_img/31/4/mask_1.npy,data/legacy_gt_v1/output_img/31/4/mask_2.npy,data/legacy_gt_v1/output_img/31/4/mask_3.npy,data/legacy_gt_v1/output_img/31/4/mask_4.npy,data/legacy_gt_v1/output_img/31/4/mask_5.npy,data/legacy_gt_v1/output_img/31/4/mask_key_point.npy,500x500,500x500,500x500,500x500,500x500,500x500,true,4,
1,legacy_gt_qc_v1,31/5,31,,5,,,data/legacy_gt_v1/output_img/31/5,data/legacy_gt_v1/output_img/31/5/0.jpg,500,500,data/legacy_gt_v1/output_img/31/5/0.npy,500x500x6,data/legacy_gt_v1/output_img/31/5/mask_1.npy,data/legacy_gt_v1/output_img/31/5/mask_2.npy,data/legacy_gt_v1/output_img/31/5/mask_3.npy,data/legacy_gt_v1/output_img/31/5/mask_4.npy,data/legacy_gt_v1/output_img/31/5/mask_5.npy,data/legacy_gt_v1/output_img/31/5/mask_key_point.npy,500x500,500x500,500x500,500x500,500x500,500x500,true,5,
1,legacy_gt_qc_v1,31/6,31,,6,,,data/legacy_gt_v1/output_img/31/6,data/legacy_gt_v1/output_img/31/6/0.jpg,500,500,data/legacy_gt_v1/output_img/31/6/0.npy,500x500x6,data/legacy_gt_v1/output_img/31/6/mask_1.npy,data/legacy_gt_v1/output_img/31/6/mask_2.npy,data/legacy_gt_v1/output_img/31/6/mask_3.npy,data/legacy_gt_v1/output_img/31/6/mask_4.npy,data/legacy_gt_v1/output_img/31/6/mask_5.npy,data/legacy_gt_v1/output_img/31/6/mask_key_point.npy,500x500,500x500,500x500,500x500,500x500,500x500,true,6,
1,legacy_gt_qc_v1,31/7,31,,7,,,data/legacy_gt_v1/output_img/31/7,data/legacy_gt_v1/output_img/31/7/0.jpg,500,500,data/legacy_gt_v1/output_img/31/7/0.npy,500x500x6,data/legacy_gt_v1/output_img/31/7/mask_1.npy,data/legacy_gt_v1/output_img/31/7/mask_2.npy,data/legacy_gt_v1/output_img/31/7/mask_3.npy,data/legacy_gt_v1/output_img/31/7/mask_4.npy,data/legacy_gt_v1/output_img/31/7/mask_5.npy,data/legacy_gt_v1/output_img/31/7/mask_key_point.npy,500x500,500x500,500x500,500x500,500x500,500x500,true,7,
1,legacy_gt_qc_v1,31/8,31,,8,,,data/legacy_gt_v1/output_img/31/8,data/legacy_gt_v1/output_img/31/8/0.jpg,500,500,data/legacy_gt_v1/output_img/31/8/0.npy,500x500x6,data/legacy_gt_v1/output_img/31/8/mask_1.npy,data/legacy_gt_v1/output_img/31/8/mask_2.npy,data/legacy_gt_v1/output_img/31/8/mask_3.npy,data/legacy_gt_v1/output_img/31/8/mask_4.npy,data/legacy_gt_v1/output_img/31/8/mask_5.npy,data/legacy_gt_v1/output_img/31/8/mask_key_point.npy,500x500,500x500,500x500,500x500,500x500,500x500,true,8,
1,legacy_gt_qc_v1,31/9,31,,9,,,data/legacy_gt_v1/output_img/31/9,data/legacy_gt_v1/output_img/31/9/0.jpg,500,500,data/legacy_gt_v1/output_img/31/9/0.npy,500x500x6,data/legacy_gt_v1/output_img/31/9/mask_1.npy,data/legacy_gt_v1/output_img/31/9/mask_2.npy,data/legacy_gt_v1/output_img/31/9/mask_3.npy,data/legacy_gt_v1/output_img/31/9/mask_4.npy,data/legacy_gt_v1/output_img/31/9/mask_5.npy,data/legacy_gt_v1/output_img/31/9/mask_key_point.npy,500x500,500x500,500x500,500x500,500x500,500x500,true,9,
1,legacy_gt_qc_v1,31/10,31,,10,,,data/legacy_gt_v1/output_img/31/10,data/legacy_gt_v1/output_img/31/10/0.jpg,500,500,data/legacy_gt_v1/output_img/31/10/0.npy,500x500x6,data/legacy_gt_v1/output_img/31/10/mask_1.npy,data/legacy_gt_v1/output_img/31/10/mask_2.npy,data/legacy_gt_v1/output_img/31/10/mask_3.npy,data/legacy_gt_v1/output_img/31/10/mask_4.npy,data/legacy_gt_v1/output_img/31/10/mask_5.npy,data/legacy_gt_v1/output_img/31/10/mask_key_point.npy,500x500,500x500,500x500,500x500,500x500,500x500,true,10,
1,legacy_gt_qc_v1,31/14,31,,14,,,data/legacy_gt_v1/output_img/31/14,data/legacy_gt_v1/output_img/31/14/0.jpg,500,500,data/legacy_gt_v1/output_img/31/14/0.npy,500x500x6,data/legacy_gt_v1/output_img/31/14/mask_1.npy,data/legacy_gt_v1/output_img/31/14/mask_2.npy,data/legacy_gt_v1/output_img/31/14/mask_3.npy,data/legacy_gt_v1/output_img/31/14/mask_4.npy,data/legacy_gt_v1/output_img/31/14/mask_5.npy,data/legacy_gt_v1/output_img/31/14/mask_key_point.npy,500x500,500x500,500x500,500x500,500x500,500x500,true,14,
1,legacy_gt_qc_v1,31/15,31,,15,,,data/legacy_gt_v1/output_img/31/15,data/legacy_gt_v1/output_img/31/15/0.jpg,500,500,data/legacy_gt_v1/output_img/31/15/0.npy,500x500x6,data/legacy_gt_v1/output_img/31/15/mask_1.npy,data/legacy_gt_v1/output_img/31/15/mask_2.npy,data/legacy_gt_v1/output_img/31/15/mask_3.npy,data/legacy_gt_v1/output_img/31/15/mask_4.npy,data/legacy_gt_v1/output_img/31/15/mask_5.npy,data/legacy_gt_v1/output_img/31/15/mask_key_point.npy,500x500,500x500,500x500,500x500,500x500,500x500,true,15,
1,legacy_gt_qc_v1,31/16,31,,16,,,data/legacy_gt_v1/output_img/31/16,data/legacy_gt_v1/output_img/31/16/0.jpg,500,500,data/legacy_gt_v1/output_img/31/16/0.npy,500x500x6,data/legacy_gt_v1/output_img/31/16/mask_1.npy,data/legacy_gt_v1/output_img/31/16/mask_2.npy,data/legacy_gt_v1/output_img/31/16/mask_3.npy,data/legacy_gt_v1/output_img/31/16/mask_4.npy,data/legacy_gt_v1/output_img/31/16/mask_5.npy,data/legacy_gt_v1/output_img/31/16/mask_key_point.npy,500x500,500x500,500x500,500x500,500x500,500x500,true,16,
1,legacy_gt_qc_v1,31/17,31,,17,,,data/legacy_gt_v1/output_img/31/17,data/legacy_gt_v1/output_img/31/17/0.jpg,500,500,data/legacy_gt_v1/output_img/31/17/0.npy,500x500x6,data/legacy_gt_v1/output_img/31/17/mask_1.npy,data/legacy_gt_v1/output_img/31/17/mask_2.npy,data/legacy_gt_v1/output_img/31/17/mask_3.npy,data/legacy_gt_v1/output_img/31/17/mask_4.npy,data/legacy_gt_v1/output_img/31/17/mask_5.npy,data/legacy_gt_v1/output_img/31/17/mask_key_point.npy,500x500,500x500,500x500,500x500,500x500,500x500,true,17,
1,legacy_gt_qc_v1,31/18,31,,18,,,data/legacy_gt_v1/output_img/31/18,data/legacy_gt_v1/output_img/31/18/0.jpg,500,500,data/legacy_gt_v1/output_img/31/18/0.npy,500x500x6,data/legacy_gt_v1/output_img/31/18/mask_1.npy,data/legacy_gt_v1/output_img/31/18/mask_2.npy,data/legacy_gt_v1/output_img/31/18/mask_3.npy,data/legacy_gt_v1/output_img/31/18/mask_4.npy,data/legacy_gt_v1/output_img/31/18/mask_5.npy,data/legacy_gt_v1/output_img/31/18/mask_key_point.npy,500x500,500x500,500x500,500x500,500x500,500x500,true,18,
1,legacy_gt_qc_v1,31/19,31,,19,,,data/legacy_gt_v1/output_img/31/19,data/legacy_gt_v1/output_img/31/19/0.jpg,500,500,data/legacy_gt_v1/output_img/31/19/0.npy,500x500x6,data/legacy_gt_v1/output_img/31/19/mask_1.npy,data/legacy_gt_v1/output_img/31/19/mask_2.npy,data/legacy_gt_v1/output_img/31/19/mask_3.npy,data/legacy_gt_v1/output_img/31/19/mask_4.npy,data/legacy_gt_v1/output_img/31/19/mask_5.npy,data/legacy_gt_v1/output_img/31/19/mask_key_point.npy,500x500,500x500,500x500,500x500,500x500,500x500,true,19,
1,legacy_gt_qc_v1,31/20,31,,20,,,data/legacy_gt_v1/output_img/31/20,data/legacy_gt_v1/output_img/31/20/0.jpg,500,500,data/legacy_gt_v1/output_img/31/20/0.npy,500x500x6,data/legacy_gt_v1/output_img/31/20/mask_1.npy,data/legacy_gt_v1/output_img/31/20/mask_2.npy,data/legacy_gt_v1/output_img/31/20/mask_3.npy,data/legacy_gt_v1/output_img/31/20/mask_4.npy,data/legacy_gt_v1/output_img/31/20/mask_5.npy,data/legacy_gt_v1/output_img/31/20/mask_key_point.npy,500x500,500x500,500x500,500x500,500x500,500x500,true,20,
1,legacy_gt_qc_v1,32/0,32,,0,,,data/legacy_gt_v1/output_img/32/0,data/legacy_gt_v1/output_img/32/0/0.jpg,500,500,data/legacy_gt_v1/output_img/32/0/0.npy,500x500x6,data/legacy_gt_v1/output_img/32/0/mask_1.npy,data/legacy_gt_v1/output_img/32/0/mask_2.npy,data/legacy_gt_v1/output_img/32/0/mask_3.npy,data/legacy_gt_v1/output_img/32/0/mask_4.npy,data/legacy_gt_v1/output_img/32/0/mask_5.npy,data/legacy_gt_v1/output_img/32/0/mask_key_point.npy,500x500,500x500,500x500,500x500,500x500,500x500,true,32/0,
1,legacy_gt_qc_v1,32/1,32,,1,,,data/legacy_gt_v1/output_img/32/1,data/legacy_gt_v1/output_img/32/1/0.jpg,500,500,data/legacy_gt_v1/output_img/32/1/0.npy,500x500x6,data/legacy_gt_v1/output_img/32/1/mask_1.npy,data/legacy_gt_v1/output_img/32/1/mask_2.npy,data/legacy_gt_v1/output_img/32/1/mask_3.npy,data/legacy_gt_v1/output_img/32/1/mask_4.npy,data/legacy_gt_v1/output_img/32/1/mask_5.npy,data/legacy_gt_v1/output_img/32/1/mask_key_point.npy,500x500,500x500,500x500,500x500,500x500,500x500,true,1,
1,legacy_gt_qc_v1,32/2,32,,2,,,data/legacy_gt_v1/output_img/32/2,data/legacy_gt_v1/output_img/32/2/0.jpg,500,500,data/legacy_gt_v1/output_img/32/2/0.npy,500x500x6,data/legacy_gt_v1/output_img/32/2/mask_1.npy,data/legacy_gt_v1/output_img/32/2/mask_2.npy,data/legacy_gt_v1/output_img/32/2/mask_3.npy,data/legacy_gt_v1/output_img/32/2/mask_4.npy,data/legacy_gt_v1/output_img/32/2/mask_5.npy,data/legacy_gt_v1/output_img/32/2/mask_key_point.npy,500x500,500x500,500x500,500x500,500x500,500x500,true,2,
1,legacy_gt_qc_v1,32/4,32,,4,,,data/legacy_gt_v1/output_img/32/4,data/legacy_gt_v1/output_img/32/4/0.jpg,500,500,data/legacy_gt_v1/output_img/32/4/0.npy,500x500x6,data/legacy_gt_v1/output_img/32/4/mask_1.npy,data/legacy_gt_v1/output_img/32/4/mask_2.npy,data/legacy_gt_v1/output_img/32/4/mask_3.npy,data/legacy_gt_v1/output_img/32/4/mask_4.npy,data/legacy_gt_v1/output_img/32/4/mask_5.npy,data/legacy_gt_v1/output_img/32/4/mask_key_point.npy,500x500,500x500,500x500,500x500,500x500,500x500,true,4,
1,legacy_gt_qc_v1,32/5,32,,5,,,data/legacy_gt_v1/output_img/32/5,data/legacy_gt_v1/output_img/32/5/0.jpg,500,500,data/legacy_gt_v1/output_img/32/5/0.npy,500x500x6,data/legacy_gt_v1/output_img/32/5/mask_1.npy,data/legacy_gt_v1/output_img/32/5/mask_2.npy,data/legacy_gt_v1/output_img/32/5/mask_3.npy,data/legacy_gt_v1/output_img/32/5/mask_4.npy,data/legacy_gt_v1/output_img/32/5/mask_5.npy,data/legacy_gt_v1/output_img/32/5/mask_key_point.npy,500x500,500x500,500x500,500x500,500x500,500x500,true,5,
1,legacy_gt_qc_v1,32/6,32,,6,,,data/legacy_gt_v1/output_img/32/6,data/legacy_gt_v1/output_img/32/6/0.jpg,500,500,data/legacy_gt_v1/output_img/32/6/0.npy,500x500x6,data/legacy_gt_v1/output_img/32/6/mask_1.npy,data/legacy_gt_v1/output_img/32/6/mask_2.npy,data/legacy_gt_v1/output_img/32/6/mask_3.npy,data/legacy_gt_v1/output_img/32/6/mask_4.npy,data/legacy_gt_v1/output_img/32/6/mask_5.npy,data/legacy_gt_v1/output_img/32/6/mask_key_point.npy,500x500,500x500,500x500,500x500,500x500,500x500,true,6,
1,legacy_gt_qc_v1,32/7,32,,7,,,data/legacy_gt_v1/output_img/32/7,data/legacy_gt_v1/output_img/32/7/0.jpg,500,500,data/legacy_gt_v1/output_img/32/7/0.npy,500x500x6,data/legacy_gt_v1/output_img/32/7/mask_1.npy,data/legacy_gt_v1/output_img/32/7/mask_2.npy,data/legacy_gt_v1/output_img/32/7/mask_3.npy,data/legacy_gt_v1/output_img/32/7/mask_4.npy,data/legacy_gt_v1/output_img/32/7/mask_5.npy,data/legacy_gt_v1/output_img/32/7/mask_key_point.npy,500x500,500x500,500x500,500x500,500x500,500x500,true,7,
1,legacy_gt_qc_v1,32/8,32,,8,,,data/legacy_gt_v1/output_img/32/8,data/legacy_gt_v1/output_img/32/8/0.jpg,500,500,data/legacy_gt_v1/output_img/32/8/0.npy,500x500x6,data/legacy_gt_v1/output_img/32/8/mask_1.npy,data/legacy_gt_v1/output_img/32/8/mask_2.npy,data/legacy_gt_v1/output_img/32/8/mask_3.npy,data/legacy_gt_v1/output_img/32/8/mask_4.npy,data/legacy_gt_v1/output_img/32/8/mask_5.npy,data/legacy_gt_v1/output_img/32/8/mask_key_point.npy,500x500,500x500,500x500,500x500,500x500,500x500,true,8,
1,legacy_gt_qc_v1,32/9,32,,9,,,data/legacy_gt_v1/output_img/32/9,data/legacy_gt_v1/output_img/32/9/0.jpg,500,500,data/legacy_gt_v1/output_img/32/9/0.npy,500x500x6,data/legacy_gt_v1/output_img/32/9/mask_1.npy,data/legacy_gt_v1/output_img/32/9/mask_2.npy,data/legacy_gt_v1/output_img/32/9/mask_3.npy,data/legacy_gt_v1/output_img/32/9/mask_4.npy,data/legacy_gt_v1/output_img/32/9/mask_5.npy,data/legacy_gt_v1/output_img/32/9/mask_key_point.npy,500x500,500x500,500x500,500x500,500x500,500x500,true,9,
1,legacy_gt_qc_v1,32/10,32,,10,,,data/legacy_gt_v1/output_img/32/10,data/legacy_gt_v1/output_img/32/10/0.jpg,500,500,data/legacy_gt_v1/output_img/32/10/0.npy,500x500x6,data/legacy_gt_v1/output_img/32/10/mask_1.npy,data/legacy_gt_v1/output_img/32/10/mask_2.npy,data/legacy_gt_v1/output_img/32/10/mask_3.npy,data/legacy_gt_v1/output_img/32/10/mask_4.npy,data/legacy_gt_v1/output_img/32/10/mask_5.npy,data/legacy_gt_v1/output_img/32/10/mask_key_point.npy,500x500,500x500,500x500,500x500,500x500,500x500,true,10,
1,legacy_gt_qc_v1,32/14,32,,14,,,data/legacy_gt_v1/output_img/32/14,data/legacy_gt_v1/output_img/32/14/0.jpg,500,500,data/legacy_gt_v1/output_img/32/14/0.npy,500x500x6,data/legacy_gt_v1/output_img/32/14/mask_1.npy,data/legacy_gt_v1/output_img/32/14/mask_2.npy,data/legacy_gt_v1/output_img/32/14/mask_3.npy,data/legacy_gt_v1/output_img/32/14/mask_4.npy,data/legacy_gt_v1/output_img/32/14/mask_5.npy,data/legacy_gt_v1/output_img/32/14/mask_key_point.npy,500x500,500x500,500x500,500x500,500x500,500x500,true,14,
1,legacy_gt_qc_v1,32/15,32,,15,,,data/legacy_gt_v1/output_img/32/15,data/legacy_gt_v1/output_img/32/15/0.jpg,500,500,data/legacy_gt_v1/output_img/32/15/0.npy,500x500x6,data/legacy_gt_v1/output_img/32/15/mask_1.npy,data/legacy_gt_v1/output_img/32/15/mask_2.npy,data/legacy_gt_v1/output_img/32/15/mask_3.npy,data/legacy_gt_v1/output_img/32/15/mask_4.npy,data/legacy_gt_v1/output_img/32/15/mask_5.npy,data/legacy_gt_v1/output_img/32/15/mask_key_point.npy,500x500,500x500,500x500,500x500,500x500,500x500,true,15,
1,legacy_gt_qc_v1,32/16,32,,16,,,data/legacy_gt_v1/output_img/32/16,data/legacy_gt_v1/output_img/32/16/0.jpg,500,500,data/legacy_gt_v1/output_img/32/16/0.npy,500x500x6,data/legacy_gt_v1/output_img/32/16/mask_1.npy,data/legacy_gt_v1/output_img/32/16/mask_2.npy,data/legacy_gt_v1/output_img/32/16/mask_3.npy,data/legacy_gt_v1/output_img/32/16/mask_4.npy,data/legacy_gt_v1/output_img/32/16/mask_5.npy,data/legacy_gt_v1/output_img/32/16/mask_key_point.npy,500x500,500x500,500x500,500x500,500x500,500x500,true,16,
1,legacy_gt_qc_v1,32/17,32,,17,,,data/legacy_gt_v1/output_img/32/17,data/legacy_gt_v1/output_img/32/17/0.jpg,500,500,data/legacy_gt_v1/output_img/32/17/0.npy,500x500x6,data/legacy_gt_v1/output_img/32/17/mask_1.npy,data/legacy_gt_v1/output_img/32/17/mask_2.npy,data/legacy_gt_v1/output_img/32/17/mask_3.npy,data/legacy_gt_v1/output_img/32/17/mask_4.npy,data/legacy_gt_v1/output_img/32/17/mask_5.npy,data/legacy_gt_v1/output_img/32/17/mask_key_point.npy,500x500,500x500,500x500,500x500,500x500,500x500,true,17,
1,legacy_gt_qc_v1,32/18,32,,18,,,data/legacy_gt_v1/output_img/32/18,data/legacy_gt_v1/output_img/32/18/0.jpg,500,500,data/legacy_gt_v1/output_img/32/18/0.npy,500x500x6,data/legacy_gt_v1/output_img/32/18/mask_1.npy,data/legacy_gt_v1/output_img/32/18/mask_2.npy,data/legacy_gt_v1/output_img/32/18/mask_3.npy,data/legacy_gt_v1/output_img/32/18/mask_4.npy,data/legacy_gt_v1/output_img/32/18/mask_5.npy,data/legacy_gt_v1/output_img/32/18/mask_key_point.npy,500x500,500x500,500x500,500x500,500x500,500x500,true,18,
1,legacy_gt_qc_v1,32/19,32,,19,,,data/legacy_gt_v1/output_img/32/19,data/legacy_gt_v1/output_img/32/19/0.jpg,500,500,data/legacy_gt_v1/output_img/32/19/0.npy,500x500x6,data/legacy_gt_v1/output_img/32/19/mask_1.npy,data/legacy_gt_v1/output_img/32/19/mask_2.npy,data/legacy_gt_v1/output_img/32/19/mask_3.npy,data/legacy_gt_v1/output_img/32/19/mask_4.npy,data/legacy_gt_v1/output_img/32/19/mask_5.npy,data/legacy_gt_v1/output_img/32/19/mask_key_point.npy,500x500,500x500,500x500,500x500,500x500,500x500,true,19,
1,legacy_gt_qc_v1,32/20,32,,20,,,data/legacy_gt_v1/output_img/32/20,data/legacy_gt_v1/output_img/32/20/0.jpg,500,500,data/legacy_gt_v1/output_img/32/20/0.npy,500x500x6,data/legacy_gt_v1/output_img/32/20/mask_1.npy,data/legacy_gt_v1/output_img/32/20/mask_2.npy,data/legacy_gt_v1/output_img/32/20/mask_3.npy,data/legacy_gt_v1/output_img/32/20/mask_4.npy,data/legacy_gt_v1/output_img/32/20/mask_5.npy,data/legacy_gt_v1/output_img/32/20/mask_key_point.npy,500x500,500x500,500x500,500x500,500x500,500x500,true,20,
1,legacy_gt_qc_v1,33/0,33,,0,,,data/legacy_gt_v1/output_img/33/0,data/legacy_gt_v1/output_img/33/0/0.jpg,500,500,data/legacy_gt_v1/output_img/33/0/0.npy,500x500x6,data/legacy_gt_v1/output_img/33/0/mask_1.npy,data/legacy_gt_v1/output_img/33/0/mask_2.npy,data/legacy_gt_v1/output_img/33/0/mask_3.npy,data/legacy_gt_v1/output_img/33/0/mask_4.npy,data/legacy_gt_v1/output_img/33/0/mask_5.npy,data/legacy_gt_v1/output_img/33/0/mask_key_point.npy,500x500,500x500,500x500,500x500,500x500,500x500,true,33/0,
1,legacy_gt_qc_v1,33/1,33,,1,,,data/legacy_gt_v1/output_img/33/1,data/legacy_gt_v1/output_img/33/1/0.jpg,500,500,data/legacy_gt_v1/output_img/33/1/0.npy,500x500x6,data/legacy_gt_v1/output_img/33/1/mask_1.npy,data/legacy_gt_v1/output_img/33/1/mask_2.npy,data/legacy_gt_v1/output_img/33/1/mask_3.npy,data/legacy_gt_v1/output_img/33/1/mask_4.npy,data/legacy_gt_v1/output_img/33/1/mask_5.npy,data/legacy_gt_v1/output_img/33/1/mask_key_point.npy,500x500,500x500,500x500,500x500,500x500,500x500,true,1,
1,legacy_gt_qc_v1,33/2,33,,2,,,data/legacy_gt_v1/output_img/33/2,data/legacy_gt_v1/output_img/33/2/0.jpg,500,500,data/legacy_gt_v1/output_img/33/2/0.npy,500x500x6,data/legacy_gt_v1/output_img/33/2/mask_1.npy,data/legacy_gt_v1/output_img/33/2/mask_2.npy,data/legacy_gt_v1/output_img/33/2/mask_3.npy,data/legacy_gt_v1/output_img/33/2/mask_4.npy,data/legacy_gt_v1/output_img/33/2/mask_5.npy,data/legacy_gt_v1/output_img/33/2/mask_key_point.npy,500x500,500x500,500x500,500x500,500x500,500x500,true,2,
1,legacy_gt_qc_v1,33/4,33,,4,,,data/legacy_gt_v1/output_img/33/4,data/legacy_gt_v1/output_img/33/4/0.jpg,500,500,data/legacy_gt_v1/output_img/33/4/0.npy,500x500x6,data/legacy_gt_v1/output_img/33/4/mask_1.npy,data/legacy_gt_v1/output_img/33/4/mask_2.npy,data/legacy_gt_v1/output_img/33/4/mask_3.npy,data/legacy_gt_v1/output_img/33/4/mask_4.npy,data/legacy_gt_v1/output_img/33/4/mask_5.npy,data/legacy_gt_v1/output_img/33/4/mask_key_point.npy,500x500,500x500,500x500,500x500,500x500,500x500,true,4,
1,legacy_gt_qc_v1,33/5,33,,5,,,data/legacy_gt_v1/output_img/33/5,data/legacy_gt_v1/output_img/33/5/0.jpg,500,500,data/legacy_gt_v1/output_img/33/5/0.npy,500x500x6,data/legacy_gt_v1/output_img/33/5/mask_1.npy,data/legacy_gt_v1/output_img/33/5/mask_2.npy,data/legacy_gt_v1/output_img/33/5/mask_3.npy,data/legacy_gt_v1/output_img/33/5/mask_4.npy,data/legacy_gt_v1/output_img/33/5/mask_5.npy,data/legacy_gt_v1/output_img/33/5/mask_key_point.npy,500x500,500x500,500x500,500x500,500x500,500x500,true,5,
1,legacy_gt_qc_v1,33/6,33,,6,,,data/legacy_gt_v1/output_img/33/6,data/legacy_gt_v1/output_img/33/6/0.jpg,500,500,data/legacy_gt_v1/output_img/33/6/0.npy,500x500x6,data/legacy_gt_v1/output_img/33/6/mask_1.npy,data/legacy_gt_v1/output_img/33/6/mask_2.npy,data/legacy_gt_v1/output_img/33/6/mask_3.npy,data/legacy_gt_v1/output_img/33/6/mask_4.npy,data/legacy_gt_v1/output_img/33/6/mask_5.npy,data/legacy_gt_v1/output_img/33/6/mask_key_point.npy,500x500,500x500,500x500,500x500,500x500,500x500,true,6,
1,legacy_gt_qc_v1,33/7,33,,7,,,data/legacy_gt_v1/output_img/33/7,data/legacy_gt_v1/output_img/33/7/0.jpg,500,500,data/legacy_gt_v1/output_img/33/7/0.npy,500x500x6,data/legacy_gt_v1/output_img/33/7/mask_1.npy,data/legacy_gt_v1/output_img/33/7/mask_2.npy,data/legacy_gt_v1/output_img/33/7/mask_3.npy,data/legacy_gt_v1/output_img/33/7/mask_4.npy,data/legacy_gt_v1/output_img/33/7/mask_5.npy,data/legacy_gt_v1/output_img/33/7/mask_key_point.npy,500x500,500x500,500x500,500x500,500x500,500x500,true,7,
1,legacy_gt_qc_v1,33/8,33,,8,,,data/legacy_gt_v1/output_img/33/8,data/legacy_gt_v1/output_img/33/8/0.jpg,500,500,data/legacy_gt_v1/output_img/33/8/0.npy,500x500x6,data/legacy_gt_v1/output_img/33/8/mask_1.npy,data/legacy_gt_v1/output_img/33/8/mask_2.npy,data/legacy_gt_v1/output_img/33/8/mask_3.npy,data/legacy_gt_v1/output_img/33/8/mask_4.npy,data/legacy_gt_v1/output_img/33/8/mask_5.npy,data/legacy_gt_v1/output_img/33/8/mask_key_point.npy,500x500,500x500,500x500,500x500,500x500,500x500,true,8,
1,legacy_gt_qc_v1,33/9,33,,9,,,data/legacy_gt_v1/output_img/33/9,data/legacy_gt_v1/output_img/33/9/0.jpg,500,500,data/legacy_gt_v1/output_img/33/9/0.npy,500x500x6,data/legacy_gt_v1/output_img/33/9/mask_1.npy,data/legacy_gt_v1/output_img/33/9/mask_2.npy,data/legacy_gt_v1/output_img/33/9/mask_3.npy,data/legacy_gt_v1/output_img/33/9/mask_4.npy,data/legacy_gt_v1/output_img/33/9/mask_5.npy,data/legacy_gt_v1/output_img/33/9/mask_key_point.npy,500x500,500x500,500x500,500x500,500x500,500x500,true,9,
1,legacy_gt_qc_v1,33/10,33,,10,,,data/legacy_gt_v1/output_img/33/10,data/legacy_gt_v1/output_img/33/10/0.jpg,500,500,data/legacy_gt_v1/output_img/33/10/0.npy,500x500x6,data/legacy_gt_v1/output_img/33/10/mask_1.npy,data/legacy_gt_v1/output_img/33/10/mask_2.npy,data/legacy_gt_v1/output_img/33/10/mask_3.npy,data/legacy_gt_v1/output_img/33/10/mask_4.npy,data/legacy_gt_v1/output_img/33/10/mask_5.npy,data/legacy_gt_v1/output_img/33/10/mask_key_point.npy,500x500,500x500,500x500,500x500,500x500,500x500,true,10,
1,legacy_gt_qc_v1,33/14,33,,14,,,data/legacy_gt_v1/output_img/33/14,data/legacy_gt_v1/output_img/33/14/0.jpg,500,500,data/legacy_gt_v1/output_img/33/14/0.npy,500x500x6,data/legacy_gt_v1/output_img/33/14/mask_1.npy,data/legacy_gt_v1/output_img/33/14/mask_2.npy,data/legacy_gt_v1/output_img/33/14/mask_3.npy,data/legacy_gt_v1/output_img/33/14/mask_4.npy,data/legacy_gt_v1/output_img/33/14/mask_5.npy,data/legacy_gt_v1/output_img/33/14/mask_key_point.npy,500x500,500x500,500x500,500x500,500x500,500x500,true,14,
1,legacy_gt_qc_v1,33/15,33,,15,,,data/legacy_gt_v1/output_img/33/15,data/legacy_gt_v1/output_img/33/15/0.jpg,500,500,data/legacy_gt_v1/output_img/33/15/0.npy,500x500x6,data/legacy_gt_v1/output_img/33/15/mask_1.npy,data/legacy_gt_v1/output_img/33/15/mask_2.npy,data/legacy_gt_v1/output_img/33/15/mask_3.npy,data/legacy_gt_v1/output_img/33/15/mask_4.npy,data/legacy_gt_v1/output_img/33/15/mask_5.npy,data/legacy_gt_v1/output_img/33/15/mask_key_point.npy,500x500,500x500,500x500,500x500,500x500,500x500,true,15,
1,legacy_gt_qc_v1,33/16,33,,16,,,data/legacy_gt_v1/output_img/33/16,data/legacy_gt_v1/output_img/33/16/0.jpg,500,500,data/legacy_gt_v1/output_img/33/16/0.npy,500x500x6,data/legacy_gt_v1/output_img/33/16/mask_1.npy,data/legacy_gt_v1/output_img/33/16/mask_2.npy,data/legacy_gt_v1/output_img/33/16/mask_3.npy,data/legacy_gt_v1/output_img/33/16/mask_4.npy,data/legacy_gt_v1/output_img/33/16/mask_5.npy,data/legacy_gt_v1/output_img/33/16/mask_key_point.npy,500x500,500x500,500x500,500x500,500x500,500x500,true,16,
1,legacy_gt_qc_v1,33/17,33,,17,,,data/legacy_gt_v1/output_img/33/17,data/legacy_gt_v1/output_img/33/17/0.jpg,500,500,data/legacy_gt_v1/output_img/33/17/0.npy,500x500x6,data/legacy_gt_v1/output_img/33/17/mask_1.npy,data/legacy_gt_v1/output_img/33/17/mask_2.npy,data/legacy_gt_v1/output_img/33/17/mask_3.npy,data/legacy_gt_v1/output_img/33/17/mask_4.npy,data/legacy_gt_v1/output_img/33/17/mask_5.npy,data/legacy_gt_v1/output_img/33/17/mask_key_point.npy,500x500,500x500,500x500,500x500,500x500,500x500,true,17,
1,legacy_gt_qc_v1,33/18,33,,18,,,data/legacy_gt_v1/output_img/33/18,data/legacy_gt_v1/output_img/33/18/0.jpg,500,500,data/legacy_gt_v1/output_img/33/18/0.npy,500x500x6,data/legacy_gt_v1/output_img/33/18/mask_1.npy,data/legacy_gt_v1/output_img/33/18/mask_2.npy,data/legacy_gt_v1/output_img/33/18/mask_3.npy,data/legacy_gt_v1/output_img/33/18/mask_4.npy,data/legacy_gt_v1/output_img/33/18/mask_5.npy,data/legacy_gt_v1/output_img/33/18/mask_key_point.npy,500x500,500x500,500x500,500x500,500x500,500x500,true,18,
1,legacy_gt_qc_v1,33/19,33,,19,,,data/legacy_gt_v1/output_img/33/19,data/legacy_gt_v1/output_img/33/19/0.jpg,500,500,data/legacy_gt_v1/output_img/33/19/0.npy,500x500x6,data/legacy_gt_v1/output_img/33/19/mask_1.npy,data/legacy_gt_v1/output_img/33/19/mask_2.npy,data/legacy_gt_v1/output_img/33/19/mask_3.npy,data/legacy_gt_v1/output_img/33/19/mask_4.npy,data/legacy_gt_v1/output_img/33/19/mask_5.npy,data/legacy_gt_v1/output_img/33/19/mask_key_point.npy,500x500,500x500,500x500,500x500,500x500,500x500,true,19,
1,legacy_gt_qc_v1,33/20,33,,20,,,data/legacy_gt_v1/output_img/33/20,data/legacy_gt_v1/output_img/33/20/0.jpg,500,500,data/legacy_gt_v1/output_img/33/20/0.npy,500x500x6,data/legacy_gt_v1/output_img/33/20/mask_1.npy,data/legacy_gt_v1/output_img/33/20/mask_2.npy,data/legacy_gt_v1/output_img/33/20/mask_3.npy,data/legacy_gt_v1/output_img/33/20/mask_4.npy,data/legacy_gt_v1/output_img/33/20/mask_5.npy,data/legacy_gt_v1/output_img/33/20/mask_key_point.npy,500x500,500x500,500x500,500x500,500x500,500x500,true,20,
1,legacy_gt_qc_v1,34/0,34,,0,,,data/legacy_gt_v1/output_img/34/0,data/legacy_gt_v1/output_img/34/0/0.jpg,500,500,data/legacy_gt_v1/output_img/34/0/0.npy,500x500x6,data/legacy_gt_v1/output_img/34/0/mask_1.npy,data/legacy_gt_v1/output_img/34/0/mask_2.npy,data/legacy_gt_v1/output_img/34/0/mask_3.npy,data/legacy_gt_v1/output_img/34/0/mask_4.npy,data/legacy_gt_v1/output_img/34/0/mask_5.npy,data/legacy_gt_v1/output_img/34/0/mask_key_point.npy,500x500,500x500,500x500,500x500,500x500,500x500,true,34/0,
1,legacy_gt_qc_v1,34/1,34,,1,,,data/legacy_gt_v1/output_img/34/1,data/legacy_gt_v1/output_img/34/1/0.jpg,500,500,data/legacy_gt_v1/output_img/34/1/0.npy,500x500x6,data/legacy_gt_v1/output_img/34/1/mask_1.npy,data/legacy_gt_v1/output_img/34/1/mask_2.npy,data/legacy_gt_v1/output_img/34/1/mask_3.npy,data/legacy_gt_v1/output_img/34/1/mask_4.npy,data/legacy_gt_v1/output_img/34/1/mask_5.npy,data/legacy_gt_v1/output_img/34/1/mask_key_point.npy,500x500,500x500,500x500,500x500,500x500,500x500,true,1,
1,legacy_gt_qc_v1,34/2,34,,2,,,data/legacy_gt_v1/output_img/34/2,data/legacy_gt_v1/output_img/34/2/0.jpg,500,500,data/legacy_gt_v1/output_img/34/2/0.npy,500x500x6,data/legacy_gt_v1/output_img/34/2/mask_1.npy,data/legacy_gt_v1/output_img/34/2/mask_2.npy,data/legacy_gt_v1/output_img/34/2/mask_3.npy,data/legacy_gt_v1/output_img/34/2/mask_4.npy,data/legacy_gt_v1/output_img/34/2/mask_5.npy,data/legacy_gt_v1/output_img/34/2/mask_key_point.npy,500x500,500x500,500x500,500x500,500x500,500x500,true,2,
1,legacy_gt_qc_v1,34/4,34,,4,,,data/legacy_gt_v1/output_img/34/4,data/legacy_gt_v1/output_img/34/4/0.jpg,500,500,data/legacy_gt_v1/output_img/34/4/0.npy,500x500x6,data/legacy_gt_v1/output_img/34/4/mask_1.npy,data/legacy_gt_v1/output_img/34/4/mask_2.npy,data/legacy_gt_v1/output_img/34/4/mask_3.npy,data/legacy_gt_v1/output_img/34/4/mask_4.npy,data/legacy_gt_v1/output_img/34/4/mask_5.npy,data/legacy_gt_v1/output_img/34/4/mask_key_point.npy,500x500,500x500,500x500,500x500,500x500,500x500,true,4,
1,legacy_gt_qc_v1,34/5,34,,5,,,data/legacy_gt_v1/output_img/34/5,data/legacy_gt_v1/output_img/34/5/0.jpg,500,500,data/legacy_gt_v1/output_img/34/5/0.npy,500x500x6,data/legacy_gt_v1/output_img/34/5/mask_1.npy,data/legacy_gt_v1/output_img/34/5/mask_2.npy,data/legacy_gt_v1/output_img/34/5/mask_3.npy,data/legacy_gt_v1/output_img/34/5/mask_4.npy,data/legacy_gt_v1/output_img/34/5/mask_5.npy,data/legacy_gt_v1/output_img/34/5/mask_key_point.npy,500x500,500x500,500x500,500x500,500x500,500x500,true,5,
1,legacy_gt_qc_v1,34/6,34,,6,,,data/legacy_gt_v1/output_img/34/6,data/legacy_gt_v1/output_img/34/6/0.jpg,500,500,data/legacy_gt_v1/output_img/34/6/0.npy,500x500x6,data/legacy_gt_v1/output_img/34/6/mask_1.npy,data/legacy_gt_v1/output_img/34/6/mask_2.npy,data/legacy_gt_v1/output_img/34/6/mask_3.npy,data/legacy_gt_v1/output_img/34/6/mask_4.npy,data/legacy_gt_v1/output_img/34/6/mask_5.npy,data/legacy_gt_v1/output_img/34/6/mask_key_point.npy,500x500,500x500,500x500,500x500,500x500,500x500,true,6,
1,legacy_gt_qc_v1,34/7,34,,7,,,data/legacy_gt_v1/output_img/34/7,data/legacy_gt_v1/output_img/34/7/0.jpg,500,500,data/legacy_gt_v1/output_img/34/7/0.npy,500x500x6,data/legacy_gt_v1/output_img/34/7/mask_1.npy,data/legacy_gt_v1/output_img/34/7/mask_2.npy,data/legacy_gt_v1/output_img/34/7/mask_3.npy,data/legacy_gt_v1/output_img/34/7/mask_4.npy,data/legacy_gt_v1/output_img/34/7/mask_5.npy,data/legacy_gt_v1/output_img/34/7/mask_key_point.npy,500x500,500x500,500x500,500x500,500x500,500x500,true,7,
1,legacy_gt_qc_v1,34/8,34,,8,,,data/legacy_gt_v1/output_img/34/8,data/legacy_gt_v1/output_img/34/8/0.jpg,500,500,data/legacy_gt_v1/output_img/34/8/0.npy,500x500x6,data/legacy_gt_v1/output_img/34/8/mask_1.npy,data/legacy_gt_v1/output_img/34/8/mask_2.npy,data/legacy_gt_v1/output_img/34/8/mask_3.npy,data/legacy_gt_v1/output_img/34/8/mask_4.npy,data/legacy_gt_v1/output_img/34/8/mask_5.npy,data/legacy_gt_v1/output_img/34/8/mask_key_point.npy,500x500,500x500,500x500,500x500,500x500,500x500,true,8,
1,legacy_gt_qc_v1,34/9,34,,9,,,data/legacy_gt_v1/output_img/34/9,data/legacy_gt_v1/output_img/34/9/0.jpg,500,500,data/legacy_gt_v1/output_img/34/9/0.npy,500x500x6,data/legacy_gt_v1/output_img/34/9/mask_1.npy,data/legacy_gt_v1/output_img/34/9/mask_2.npy,data/legacy_gt_v1/output_img/34/9/mask_3.npy,data/legacy_gt_v1/output_img/34/9/mask_4.npy,data/legacy_gt_v1/output_img/34/9/mask_5.npy,data/legacy_gt_v1/output_img/34/9/mask_key_point.npy,500x500,500x500,500x500,500x500,500x500,500x500,true,9,
1,legacy_gt_qc_v1,34/10,34,,10,,,data/legacy_gt_v1/output_img/34/10,data/legacy_gt_v1/output_img/34/10/0.jpg,500,500,data/legacy_gt_v1/output_img/34/10/0.npy,500x500x6,data/legacy_gt_v1/output_img/34/10/mask_1.npy,data/legacy_gt_v1/output_img/34/10/mask_2.npy,data/legacy_gt_v1/output_img/34/10/mask_3.npy,data/legacy_gt_v1/output_img/34/10/mask_4.npy,data/legacy_gt_v1/output_img/34/10/mask_5.npy,data/legacy_gt_v1/output_img/34/10/mask_key_point.npy,500x500,500x500,500x500,500x500,500x500,500x500,true,10,
1,legacy_gt_qc_v1,34/14,34,,14,,,data/legacy_gt_v1/output_img/34/14,data/legacy_gt_v1/output_img/34/14/0.jpg,500,500,data/legacy_gt_v1/output_img/34/14/0.npy,500x500x6,data/legacy_gt_v1/output_img/34/14/mask_1.npy,data/legacy_gt_v1/output_img/34/14/mask_2.npy,data/legacy_gt_v1/output_img/34/14/mask_3.npy,data/legacy_gt_v1/output_img/34/14/mask_4.npy,data/legacy_gt_v1/output_img/34/14/mask_5.npy,data/legacy_gt_v1/output_img/34/14/mask_key_point.npy,500x500,500x500,500x500,500x500,500x500,500x500,true,14,
1,legacy_gt_qc_v1,34/15,34,,15,,,data/legacy_gt_v1/output_img/34/15,data/legacy_gt_v1/output_img/34/15/0.jpg,500,500,data/legacy_gt_v1/output_img/34/15/0.npy,500x500x6,data/legacy_gt_v1/output_img/34/15/mask_1.npy,data/legacy_gt_v1/output_img/34/15/mask_2.npy,data/legacy_gt_v1/output_img/34/15/mask_3.npy,data/legacy_gt_v1/output_img/34/15/mask_4.npy,data/legacy_gt_v1/output_img/34/15/mask_5.npy,data/legacy_gt_v1/output_img/34/15/mask_key_point.npy,500x500,500x500,500x500,500x500,500x500,500x500,true,15,
1,legacy_gt_qc_v1,34/16,34,,16,,,data/legacy_gt_v1/output_img/34/16,data/legacy_gt_v1/output_img/34/16/0.jpg,500,500,data/legacy_gt_v1/output_img/34/16/0.npy,500x500x6,data/legacy_gt_v1/output_img/34/16/mask_1.npy,data/legacy_gt_v1/output_img/34/16/mask_2.npy,data/legacy_gt_v1/output_img/34/16/mask_3.npy,data/legacy_gt_v1/output_img/34/16/mask_4.npy,data/legacy_gt_v1/output_img/34/16/mask_5.npy,data/legacy_gt_v1/output_img/34/16/mask_key_point.npy,500x500,500x500,500x500,500x500,500x500,500x500,true,16,
1,legacy_gt_qc_v1,34/17,34,,17,,,data/legacy_gt_v1/output_img/34/17,data/legacy_gt_v1/output_img/34/17/0.jpg,500,500,data/legacy_gt_v1/output_img/34/17/0.npy,500x500x6,data/legacy_gt_v1/output_img/34/17/mask_1.npy,data/legacy_gt_v1/output_img/34/17/mask_2.npy,data/legacy_gt_v1/output_img/34/17/mask_3.npy,data/legacy_gt_v1/output_img/34/17/mask_4.npy,data/legacy_gt_v1/output_img/34/17/mask_5.npy,data/legacy_gt_v1/output_img/34/17/mask_key_point.npy,500x500,500x500,500x500,500x500,500x500,500x500,true,17,
1,legacy_gt_qc_v1,34/18,34,,18,,,data/legacy_gt_v1/output_img/34/18,data/legacy_gt_v1/output_img/34/18/0.jpg,500,500,data/legacy_gt_v1/output_img/34/18/0.npy,500x500x6,data/legacy_gt_v1/output_img/34/18/mask_1.npy,data/legacy_gt_v1/output_img/34/18/mask_2.npy,data/legacy_gt_v1/output_img/34/18/mask_3.npy,data/legacy_gt_v1/output_img/34/18/mask_4.npy,data/legacy_gt_v1/output_img/34/18/mask_5.npy,data/legacy_gt_v1/output_img/34/18/mask_key_point.npy,500x500,500x500,500x500,500x500,500x500,500x500,true,18,
1,legacy_gt_qc_v1,34/19,34,,19,,,data/legacy_gt_v1/output_img/34/19,data/legacy_gt_v1/output_img/34/19/0.jpg,500,500,data/legacy_gt_v1/output_img/34/19/0.npy,500x500x6,data/legacy_gt_v1/output_img/34/19/mask_1.npy,data/legacy_gt_v1/output_img/34/19/mask_2.npy,data/legacy_gt_v1/output_img/34/19/mask_3.npy,data/legacy_gt_v1/output_img/34/19/mask_4.npy,data/legacy_gt_v1/output_img/34/19/mask_5.npy,data/legacy_gt_v1/output_img/34/19/mask_key_point.npy,500x500,500x500,500x500,500x500,500x500,500x500,true,19,
1,legacy_gt_qc_v1,34/20,34,,20,,,data/legacy_gt_v1/output_img/34/20,data/legacy_gt_v1/output_img/34/20/0.jpg,500,500,data/legacy_gt_v1/output_img/34/20/0.npy,500x500x6,data/legacy_gt_v1/output_img/34/20/mask_1.npy,data/legacy_gt_v1/output_img/34/20/mask_2.npy,data/legacy_gt_v1/output_img/34/20/mask_3.npy,data/legacy_gt_v1/output_img/34/20/mask_4.npy,data/legacy_gt_v1/output_img/34/20/mask_5.npy,data/legacy_gt_v1/output_img/34/20/mask_key_point.npy,500x500,500x500,500x500,500x500,500x500,500x500,true,20,
1,legacy_gt_qc_v1,35/0,35,,0,,,data/legacy_gt_v1/output_img/35/0,data/legacy_gt_v1/output_img/35/0/0.jpg,500,500,data/legacy_gt_v1/output_img/35/0/0.npy,500x500x6,data/legacy_gt_v1/output_img/35/0/mask_1.npy,data/legacy_gt_v1/output_img/35/0/mask_2.npy,data/legacy_gt_v1/output_img/35/0/mask_3.npy,data/legacy_gt_v1/output_img/35/0/mask_4.npy,data/legacy_gt_v1/output_img/35/0/mask_5.npy,data/legacy_gt_v1/output_img/35/0/mask_key_point.npy,500x500,500x500,500x500,500x500,500x500,500x500,true,35/0,
1,legacy_gt_qc_v1,35/1,35,,1,,,data/legacy_gt_v1/output_img/35/1,data/legacy_gt_v1/output_img/35/1/0.jpg,500,500,data/legacy_gt_v1/output_img/35/1/0.npy,500x500x6,data/legacy_gt_v1/output_img/35/1/mask_1.npy,data/legacy_gt_v1/output_img/35/1/mask_2.npy,data/legacy_gt_v1/output_img/35/1/mask_3.npy,data/legacy_gt_v1/output_img/35/1/mask_4.npy,data/legacy_gt_v1/output_img/35/1/mask_5.npy,data/legacy_gt_v1/output_img/35/1/mask_key_point.npy,500x500,500x500,500x500,500x500,500x500,500x500,true,1,
1,legacy_gt_qc_v1,35/2,35,,2,,,data/legacy_gt_v1/output_img/35/2,data/legacy_gt_v1/output_img/35/2/0.jpg,500,500,data/legacy_gt_v1/output_img/35/2/0.npy,500x500x6,data/legacy_gt_v1/output_img/35/2/mask_1.npy,data/legacy_gt_v1/output_img/35/2/mask_2.npy,data/legacy_gt_v1/output_img/35/2/mask_3.npy,data/legacy_gt_v1/output_img/35/2/mask_4.npy,data/legacy_gt_v1/output_img/35/2/mask_5.npy,data/legacy_gt_v1/output_img/35/2/mask_key_point.npy,500x500,500x500,500x500,500x500,500x500,500x500,true,2,
1,legacy_gt_qc_v1,35/4,35,,4,,,data/legacy_gt_v1/output_img/35/4,data/legacy_gt_v1/output_img/35/4/0.jpg,500,500,data/legacy_gt_v1/output_img/35/4/0.npy,500x500x6,data/legacy_gt_v1/output_img/35/4/mask_1.npy,data/legacy_gt_v1/output_img/35/4/mask_2.npy,data/legacy_gt_v1/output_img/35/4/mask_3.npy,data/legacy_gt_v1/output_img/35/4/mask_4.npy,data/legacy_gt_v1/output_img/35/4/mask_5.npy,data/legacy_gt_v1/output_img/35/4/mask_key_point.npy,500x500,500x500,500x500,500x500,500x500,500x500,true,4,
1,legacy_gt_qc_v1,35/5,35,,5,,,data/legacy_gt_v1/output_img/35/5,data/legacy_gt_v1/output_img/35/5/0.jpg,500,500,data/legacy_gt_v1/output_img/35/5/0.npy,500x500x6,data/legacy_gt_v1/output_img/35/5/mask_1.npy,data/legacy_gt_v1/output_img/35/5/mask_2.npy,data/legacy_gt_v1/output_img/35/5/mask_3.npy,data/legacy_gt_v1/output_img/35/5/mask_4.npy,data/legacy_gt_v1/output_img/35/5/mask_5.npy,data/legacy_gt_v1/output_img/35/5/mask_key_point.npy,500x500,500x500,500x500,500x500,500x500,500x500,true,5,
1,legacy_gt_qc_v1,35/6,35,,6,,,data/legacy_gt_v1/output_img/35/6,data/legacy_gt_v1/output_img/35/6/0.jpg,500,500,data/legacy_gt_v1/output_img/35/6/0.npy,500x500x6,data/legacy_gt_v1/output_img/35/6/mask_1.npy,data/legacy_gt_v1/output_img/35/6/mask_2.npy,data/legacy_gt_v1/output_img/35/6/mask_3.npy,data/legacy_gt_v1/output_img/35/6/mask_4.npy,data/legacy_gt_v1/output_img/35/6/mask_5.npy,data/legacy_gt_v1/output_img/35/6/mask_key_point.npy,500x500,500x500,500x500,500x500,500x500,500x500,true,6,
1,legacy_gt_qc_v1,35/7,35,,7,,,data/legacy_gt_v1/output_img/35/7,data/legacy_gt_v1/output_img/35/7/0.jpg,500,500,data/legacy_gt_v1/output_img/35/7/0.npy,500x500x6,data/legacy_gt_v1/output_img/35/7/mask_1.npy,data/legacy_gt_v1/output_img/35/7/mask_2.npy,data/legacy_gt_v1/output_img/35/7/mask_3.npy,data/legacy_gt_v1/output_img/35/7/mask_4.npy,data/legacy_gt_v1/output_img/35/7/mask_5.npy,data/legacy_gt_v1/output_img/35/7/mask_key_point.npy,500x500,500x500,500x500,500x500,500x500,500x500,true,7,
1,legacy_gt_qc_v1,35/8,35,,8,,,data/legacy_gt_v1/output_img/35/8,data/legacy_gt_v1/output_img/35/8/0.jpg,500,500,data/legacy_gt_v1/output_img/35/8/0.npy,500x500x6,data/legacy_gt_v1/output_img/35/8/mask_1.npy,data/legacy_gt_v1/output_img/35/8/mask_2.npy,data/legacy_gt_v1/output_img/35/8/mask_3.npy,data/legacy_gt_v1/output_img/35/8/mask_4.npy,data/legacy_gt_v1/output_img/35/8/mask_5.npy,data/legacy_gt_v1/output_img/35/8/mask_key_point.npy,500x500,500x500,500x500,500x500,500x500,500x500,true,8,
1,legacy_gt_qc_v1,35/9,35,,9,,,data/legacy_gt_v1/output_img/35/9,data/legacy_gt_v1/output_img/35/9/0.jpg,500,500,data/legacy_gt_v1/output_img/35/9/0.npy,500x500x6,data/legacy_gt_v1/output_img/35/9/mask_1.npy,data/legacy_gt_v1/output_img/35/9/mask_2.npy,data/legacy_gt_v1/output_img/35/9/mask_3.npy,data/legacy_gt_v1/output_img/35/9/mask_4.npy,data/legacy_gt_v1/output_img/35/9/mask_5.npy,data/legacy_gt_v1/output_img/35/9/mask_key_point.npy,500x500,500x500,500x500,500x500,500x500,500x500,true,9,
1,legacy_gt_qc_v1,35/10,35,,10,,,data/legacy_gt_v1/output_img/35/10,data/legacy_gt_v1/output_img/35/10/0.jpg,500,500,data/legacy_gt_v1/output_img/35/10/0.npy,500x500x6,data/legacy_gt_v1/output_img/35/10/mask_1.npy,data/legacy_gt_v1/output_img/35/10/mask_2.npy,data/legacy_gt_v1/output_img/35/10/mask_3.npy,data/legacy_gt_v1/output_img/35/10/mask_4.npy,data/legacy_gt_v1/output_img/35/10/mask_5.npy,data/legacy_gt_v1/output_img/35/10/mask_key_point.npy,500x500,500x500,500x500,500x500,500x500,500x500,true,10,
1,legacy_gt_qc_v1,35/14,35,,14,,,data/legacy_gt_v1/output_img/35/14,data/legacy_gt_v1/output_img/35/14/0.jpg,500,500,data/legacy_gt_v1/output_img/35/14/0.npy,500x500x6,data/legacy_gt_v1/output_img/35/14/mask_1.npy,data/legacy_gt_v1/output_img/35/14/mask_2.npy,data/legacy_gt_v1/output_img/35/14/mask_3.npy,data/legacy_gt_v1/output_img/35/14/mask_4.npy,data/legacy_gt_v1/output_img/35/14/mask_5.npy,data/legacy_gt_v1/output_img/35/14/mask_key_point.npy,500x500,500x500,500x500,500x500,500x500,500x500,true,14,
1,legacy_gt_qc_v1,35/15,35,,15,,,data/legacy_gt_v1/output_img/35/15,data/legacy_gt_v1/output_img/35/15/0.jpg,500,500,data/legacy_gt_v1/output_img/35/15/0.npy,500x500x6,data/legacy_gt_v1/output_img/35/15/mask_1.npy,data/legacy_gt_v1/output_img/35/15/mask_2.npy,data/legacy_gt_v1/output_img/35/15/mask_3.npy,data/legacy_gt_v1/output_img/35/15/mask_4.npy,data/legacy_gt_v1/output_img/35/15/mask_5.npy,data/legacy_gt_v1/output_img/35/15/mask_key_point.npy,500x500,500x500,500x500,500x500,500x500,500x500,true,15,
1,legacy_gt_qc_v1,35/16,35,,16,,,data/legacy_gt_v1/output_img/35/16,data/legacy_gt_v1/output_img/35/16/0.jpg,500,500,data/legacy_gt_v1/output_img/35/16/0.npy,500x500x6,data/legacy_gt_v1/output_img/35/16/mask_1.npy,data/legacy_gt_v1/output_img/35/16/mask_2.npy,data/legacy_gt_v1/output_img/35/16/mask_3.npy,data/legacy_gt_v1/output_img/35/16/mask_4.npy,data/legacy_gt_v1/output_img/35/16/mask_5.npy,data/legacy_gt_v1/output_img/35/16/mask_key_point.npy,500x500,500x500,500x500,500x500,500x500,500x500,true,16,
1,legacy_gt_qc_v1,35/17,35,,17,,,data/legacy_gt_v1/output_img/35/17,data/legacy_gt_v1/output_img/35/17/0.jpg,500,500,data/legacy_gt_v1/output_img/35/17/0.npy,500x500x6,data/legacy_gt_v1/output_img/35/17/mask_1.npy,data/legacy_gt_v1/output_img/35/17/mask_2.npy,data/legacy_gt_v1/output_img/35/17/mask_3.npy,data/legacy_gt_v1/output_img/35/17/mask_4.npy,data/legacy_gt_v1/output_img/35/17/mask_5.npy,data/legacy_gt_v1/output_img/35/17/mask_key_point.npy,500x500,500x500,500x500,500x500,500x500,500x500,true,17,
1,legacy_gt_qc_v1,35/18,35,,18,,,data/legacy_gt_v1/output_img/35/18,data/legacy_gt_v1/output_img/35/18/0.jpg,500,500,data/legacy_gt_v1/output_img/35/18/0.npy,500x500x6,data/legacy_gt_v1/output_img/35/18/mask_1.npy,data/legacy_gt_v1/output_img/35/18/mask_2.npy,data/legacy_gt_v1/output_img/35/18/mask_3.npy,data/legacy_gt_v1/output_img/35/18/mask_4.npy,data/legacy_gt_v1/output_img/35/18/mask_5.npy,data/legacy_gt_v1/output_img/35/18/mask_key_point.npy,500x500,500x500,500x500,500x500,500x500,500x500,true,18,
1,legacy_gt_qc_v1,35/19,35,,19,,,data/legacy_gt_v1/output_img/35/19,data/legacy_gt_v1/output_img/35/19/0.jpg,500,500,data/legacy_gt_v1/output_img/35/19/0.npy,500x500x6,data/legacy_gt_v1/output_img/35/19/mask_1.npy,data/legacy_gt_v1/output_img/35/19/mask_2.npy,data/legacy_gt_v1/output_img/35/19/mask_3.npy,data/legacy_gt_v1/output_img/35/19/mask_4.npy,data/legacy_gt_v1/output_img/35/19/mask_5.npy,data/legacy_gt_v1/output_img/35/19/mask_key_point.npy,500x500,500x500,500x500,500x500,500x500,500x500,true,19,
1,legacy_gt_qc_v1,35/20,35,,20,,,data/legacy_gt_v1/output_img/35/20,data/legacy_gt_v1/output_img/35/20/0.jpg,500,500,data/legacy_gt_v1/output_img/35/20/0.npy,500x500x6,data/legacy_gt_v1/output_img/35/20/mask_1.npy,data/legacy_gt_v1/output_img/35/20/mask_2.npy,data/legacy_gt_v1/output_img/35/20/mask_3.npy,data/legacy_gt_v1/output_img/35/20/mask_4.npy,data/legacy_gt_v1/output_img/35/20/mask_5.npy,data/legacy_gt_v1/output_img/35/20/mask_key_point.npy,500x500,500x500,500x500,500x500,500x500,500x500,true,20,
1,legacy_gt_qc_v1,36/0,36,,0,,,data/legacy_gt_v1/output_img/36/0,data/legacy_gt_v1/output_img/36/0/0.jpg,500,500,data/legacy_gt_v1/output_img/36/0/0.npy,500x500x6,data/legacy_gt_v1/output_img/36/0/mask_1.npy,data/legacy_gt_v1/output_img/36/0/mask_2.npy,data/legacy_gt_v1/output_img/36/0/mask_3.npy,data/legacy_gt_v1/output_img/36/0/mask_4.npy,data/legacy_gt_v1/output_img/36/0/mask_5.npy,data/legacy_gt_v1/output_img/36/0/mask_key_point.npy,500x500,500x500,500x500,500x500,500x500,500x500,true,36/0,
1,legacy_gt_qc_v1,36/1,36,,1,,,data/legacy_gt_v1/output_img/36/1,data/legacy_gt_v1/output_img/36/1/0.jpg,500,500,data/legacy_gt_v1/output_img/36/1/0.npy,500x500x6,data/legacy_gt_v1/output_img/36/1/mask_1.npy,data/legacy_gt_v1/output_img/36/1/mask_2.npy,data/legacy_gt_v1/output_img/36/1/mask_3.npy,data/legacy_gt_v1/output_img/36/1/mask_4.npy,data/legacy_gt_v1/output_img/36/1/mask_5.npy,data/legacy_gt_v1/output_img/36/1/mask_key_point.npy,500x500,500x500,500x500,500x500,500x500,500x500,true,1,
1,legacy_gt_qc_v1,36/2,36,,2,,,data/legacy_gt_v1/output_img/36/2,data/legacy_gt_v1/output_img/36/2/0.jpg,500,500,data/legacy_gt_v1/output_img/36/2/0.npy,500x500x6,data/legacy_gt_v1/output_img/36/2/mask_1.npy,data/legacy_gt_v1/output_img/36/2/mask_2.npy,data/legacy_gt_v1/output_img/36/2/mask_3.npy,data/legacy_gt_v1/output_img/36/2/mask_4.npy,data/legacy_gt_v1/output_img/36/2/mask_5.npy,data/legacy_gt_v1/output_img/36/2/mask_key_point.npy,500x500,500x500,500x500,500x500,500x500,500x500,true,2,
1,legacy_gt_qc_v1,36/5,36,,5,,,data/legacy_gt_v1/output_img/36/5,data/legacy_gt_v1/output_img/36/5/0.jpg,500,500,data/legacy_gt_v1/output_img/36/5/0.npy,500x500x6,data/legacy_gt_v1/output_img/36/5/mask_1.npy,data/legacy_gt_v1/output_img/36/5/mask_2.npy,data/legacy_gt_v1/output_img/36/5/mask_3.npy,data/legacy_gt_v1/output_img/36/5/mask_4.npy,data/legacy_gt_v1/output_img/36/5/mask_5.npy,data/legacy_gt_v1/output_img/36/5/mask_key_point.npy,500x500,500x500,500x500,500x500,500x500,500x500,true,5,
1,legacy_gt_qc_v1,36/6,36,,6,,,data/legacy_gt_v1/output_img/36/6,data/legacy_gt_v1/output_img/36/6/0.jpg,500,500,data/legacy_gt_v1/output_img/36/6/0.npy,500x500x6,data/legacy_gt_v1/output_img/36/6/mask_1.npy,data/legacy_gt_v1/output_img/36/6/mask_2.npy,data/legacy_gt_v1/output_img/36/6/mask_3.npy,data/legacy_gt_v1/output_img/36/6/mask_4.npy,data/legacy_gt_v1/output_img/36/6/mask_5.npy,data/legacy_gt_v1/output_img/36/6/mask_key_point.npy,500x500,500x500,500x500,500x500,500x500,500x500,true,6,
1,legacy_gt_qc_v1,36/7,36,,7,,,data/legacy_gt_v1/output_img/36/7,data/legacy_gt_v1/output_img/36/7/0.jpg,500,500,data/legacy_gt_v1/output_img/36/7/0.npy,500x500x6,data/legacy_gt_v1/output_img/36/7/mask_1.npy,data/legacy_gt_v1/output_img/36/7/mask_2.npy,data/legacy_gt_v1/output_img/36/7/mask_3.npy,data/legacy_gt_v1/output_img/36/7/mask_4.npy,data/legacy_gt_v1/output_img/36/7/mask_5.npy,data/legacy_gt_v1/output_img/36/7/mask_key_point.npy,500x500,500x500,500x500,500x500,500x500,500x500,true,7,
1,legacy_gt_qc_v1,36/8,36,,8,,,data/legacy_gt_v1/output_img/36/8,data/legacy_gt_v1/output_img/36/8/0.jpg,500,500,data/legacy_gt_v1/output_img/36/8/0.npy,500x500x6,data/legacy_gt_v1/output_img/36/8/mask_1.npy,data/legacy_gt_v1/output_img/36/8/mask_2.npy,data/legacy_gt_v1/output_img/36/8/mask_3.npy,data/legacy_gt_v1/output_img/36/8/mask_4.npy,data/legacy_gt_v1/output_img/36/8/mask_5.npy,data/legacy_gt_v1/output_img/36/8/mask_key_point.npy,500x500,500x500,500x500,500x500,500x500,500x500,true,8,
1,legacy_gt_qc_v1,36/9,36,,9,,,data/legacy_gt_v1/output_img/36/9,data/legacy_gt_v1/output_img/36/9/0.jpg,500,500,data/legacy_gt_v1/output_img/36/9/0.npy,500x500x6,data/legacy_gt_v1/output_img/36/9/mask_1.npy,data/legacy_gt_v1/output_img/36/9/mask_2.npy,data/legacy_gt_v1/output_img/36/9/mask_3.npy,data/legacy_gt_v1/output_img/36/9/mask_4.npy,data/legacy_gt_v1/output_img/36/9/mask_5.npy,data/legacy_gt_v1/output_img/36/9/mask_key_point.npy,500x500,500x500,500x500,500x500,500x500,500x500,true,9,
1,legacy_gt_qc_v1,36/12,36,,12,,,data/legacy_gt_v1/output_img/36/12,data/legacy_gt_v1/output_img/36/12/0.jpg,500,500,data/legacy_gt_v1/output_img/36/12/0.npy,500x500x6,data/legacy_gt_v1/output_img/36/12/mask_1.npy,data/legacy_gt_v1/output_img/36/12/mask_2.npy,data/legacy_gt_v1/output_img/36/12/mask_3.npy,data/legacy_gt_v1/output_img/36/12/mask_4.npy,data/legacy_gt_v1/output_img/36/12/mask_5.npy,data/legacy_gt_v1/output_img/36/12/mask_key_point.npy,500x500,500x500,500x500,500x500,500x500,500x500,true,12,
1,legacy_gt_qc_v1,36/14,36,,14,,,data/legacy_gt_v1/output_img/36/14,data/legacy_gt_v1/output_img/36/14/0.jpg,500,500,data/legacy_gt_v1/output_img/36/14/0.npy,500x500x6,data/legacy_gt_v1/output_img/36/14/mask_1.npy,data/legacy_gt_v1/output_img/36/14/mask_2.npy,data/legacy_gt_v1/output_img/36/14/mask_3.npy,data/legacy_gt_v1/output_img/36/14/mask_4.npy,data/legacy_gt_v1/output_img/36/14/mask_5.npy,data/legacy_gt_v1/output_img/36/14/mask_key_point.npy,500x500,500x500,500x500,500x500,500x500,500x500,true,14,
1,legacy_gt_qc_v1,36/15,36,,15,,,data/legacy_gt_v1/output_img/36/15,data/legacy_gt_v1/output_img/36/15/0.jpg,500,500,data/legacy_gt_v1/output_img/36/15/0.npy,500x500x6,data/legacy_gt_v1/output_img/36/15/mask_1.npy,data/legacy_gt_v1/output_img/36/15/mask_2.npy,data/legacy_gt_v1/output_img/36/15/mask_3.npy,data/legacy_gt_v1/output_img/36/15/mask_4.npy,data/legacy_gt_v1/output_img/36/15/mask_5.npy,data/legacy_gt_v1/output_img/36/15/mask_key_point.npy,500x500,500x500,500x500,500x500,500x500,500x500,true,15,
1,legacy_gt_qc_v1,36/16,36,,16,,,data/legacy_gt_v1/output_img/36/16,data/legacy_gt_v1/output_img/36/16/0.jpg,500,500,data/legacy_gt_v1/output_img/36/16/0.npy,500x500x6,data/legacy_gt_v1/output_img/36/16/mask_1.npy,data/legacy_gt_v1/output_img/36/16/mask_2.npy,data/legacy_gt_v1/output_img/36/16/mask_3.npy,data/legacy_gt_v1/output_img/36/16/mask_4.npy,data/legacy_gt_v1/output_img/36/16/mask_5.npy,data/legacy_gt_v1/output_img/36/16/mask_key_point.npy,500x500,500x500,500x500,500x500,500x500,500x500,true,16,
1,legacy_gt_qc_v1,36/17,36,,17,,,data/legacy_gt_v1/output_img/36/17,data/legacy_gt_v1/output_img/36/17/0.jpg,500,500,data/legacy_gt_v1/output_img/36/17/0.npy,500x500x6,data/legacy_gt_v1/output_img/36/17/mask_1.npy,data/legacy_gt_v1/output_img/36/17/mask_2.npy,data/legacy_gt_v1/output_img/36/17/mask_3.npy,data/legacy_gt_v1/output_img/36/17/mask_4.npy,data/legacy_gt_v1/output_img/36/17/mask_5.npy,data/legacy_gt_v1/output_img/36/17/mask_key_point.npy,500x500,500x500,500x500,500x500,500x500,500x500,true,17,
1,legacy_gt_qc_v1,36/18,36,,18,,,data/legacy_gt_v1/output_img/36/18,data/legacy_gt_v1/output_img/36/18/0.jpg,500,500,data/legacy_gt_v1/output_img/36/18/0.npy,500x500x6,data/legacy_gt_v1/output_img/36/18/mask_1.npy,data/legacy_gt_v1/output_img/36/18/mask_2.npy,data/legacy_gt_v1/output_img/36/18/mask_3.npy,data/legacy_gt_v1/output_img/36/18/mask_4.npy,data/legacy_gt_v1/output_img/36/18/mask_5.npy,data/legacy_gt_v1/output_img/36/18/mask_key_point.npy,500x500,500x500,500x500,500x500,500x500,500x500,true,18,
1,legacy_gt_qc_v1,36/19,36,,19,,,data/legacy_gt_v1/output_img/36/19,data/legacy_gt_v1/output_img/36/19/0.jpg,500,500,data/legacy_gt_v1/output_img/36/19/0.npy,500x500x6,data/legacy_gt_v1/output_img/36/19/mask_1.npy,data/legacy_gt_v1/output_img/36/19/mask_2.npy,data/legacy_gt_v1/output_img/36/19/mask_3.npy,data/legacy_gt_v1/output_img/36/19/mask_4.npy,data/legacy_gt_v1/output_img/36/19/mask_5.npy,data/legacy_gt_v1/output_img/36/19/mask_key_point.npy,500x500,500x500,500x500,500x500,500x500,500x500,true,19,
1,legacy_gt_qc_v1,36/20,36,,20,,,data/legacy_gt_v1/output_img/36/20,data/legacy_gt_v1/output_img/36/20/0.jpg,500,500,data/legacy_gt_v1/output_img/36/20/0.npy,500x500x6,data/legacy_gt_v1/output_img/36/20/mask_1.npy,data/legacy_gt_v1/output_img/36/20/mask_2.npy,data/legacy_gt_v1/output_img/36/20/mask_3.npy,data/legacy_gt_v1/output_img/36/20/mask_4.npy,data/legacy_gt_v1/output_img/36/20/mask_5.npy,data/legacy_gt_v1/output_img/36/20/mask_key_point.npy,500x500,500x500,500x500,500x500,500x500,500x500,true,20,
1,legacy_gt_qc_v1,37/0,37,,0,,,data/legacy_gt_v1/output_img/37/0,data/legacy_gt_v1/output_img/37/0/0.jpg,500,500,data/legacy_gt_v1/output_img/37/0/0.npy,500x500x6,data/legacy_gt_v1/output_img/37/0/mask_1.npy,data/legacy_gt_v1/output_img/37/0/mask_2.npy,data/legacy_gt_v1/output_img/37/0/mask_3.npy,data/legacy_gt_v1/output_img/37/0/mask_4.npy,data/legacy_gt_v1/output_img/37/0/mask_5.npy,data/legacy_gt_v1/output_img/37/0/mask_key_point.npy,500x500,500x500,500x500,500x500,500x500,500x500,true,37/0,
1,legacy_gt_qc_v1,37/1,37,,1,,,data/legacy_gt_v1/output_img/37/1,data/legacy_gt_v1/output_img/37/1/0.jpg,500,500,data/legacy_gt_v1/output_img/37/1/0.npy,500x500x6,data/legacy_gt_v1/output_img/37/1/mask_1.npy,data/legacy_gt_v1/output_img/37/1/mask_2.npy,data/legacy_gt_v1/output_img/37/1/mask_3.npy,data/legacy_gt_v1/output_img/37/1/mask_4.npy,data/legacy_gt_v1/output_img/37/1/mask_5.npy,data/legacy_gt_v1/output_img/37/1/mask_key_point.npy,500x500,500x500,500x500,500x500,500x500,500x500,true,1,
1,legacy_gt_qc_v1,37/2,37,,2,,,data/legacy_gt_v1/output_img/37/2,data/legacy_gt_v1/output_img/37/2/0.jpg,500,500,data/legacy_gt_v1/output_img/37/2/0.npy,500x500x6,data/legacy_gt_v1/output_img/37/2/mask_1.npy,data/legacy_gt_v1/output_img/37/2/mask_2.npy,data/legacy_gt_v1/output_img/37/2/mask_3.npy,data/legacy_gt_v1/output_img/37/2/mask_4.npy,data/legacy_gt_v1/output_img/37/2/mask_5.npy,data/legacy_gt_v1/output_img/37/2/mask_key_point.npy,500x500,500x500,500x500,500x500,500x500,500x500,true,2,
1,legacy_gt_qc_v1,37/5,37,,5,,,data/legacy_gt_v1/output_img/37/5,data/legacy_gt_v1/output_img/37/5/0.jpg,500,500,data/legacy_gt_v1/output_img/37/5/0.npy,500x500x6,data/legacy_gt_v1/output_img/37/5/mask_1.npy,data/legacy_gt_v1/output_img/37/5/mask_2.npy,data/legacy_gt_v1/output_img/37/5/mask_3.npy,data/legacy_gt_v1/output_img/37/5/mask_4.npy,data/legacy_gt_v1/output_img/37/5/mask_5.npy,data/legacy_gt_v1/output_img/37/5/mask_key_point.npy,500x500,500x500,500x500,500x500,500x500,500x500,true,5,
1,legacy_gt_qc_v1,37/6,37,,6,,,data/legacy_gt_v1/output_img/37/6,data/legacy_gt_v1/output_img/37/6/0.jpg,500,500,data/legacy_gt_v1/output_img/37/6/0.npy,500x500x6,data/legacy_gt_v1/output_img/37/6/mask_1.npy,data/legacy_gt_v1/output_img/37/6/mask_2.npy,data/legacy_gt_v1/output_img/37/6/mask_3.npy,data/legacy_gt_v1/output_img/37/6/mask_4.npy,data/legacy_gt_v1/output_img/37/6/mask_5.npy,data/legacy_gt_v1/output_img/37/6/mask_key_point.npy,500x500,500x500,500x500,500x500,500x500,500x500,true,6,
1,legacy_gt_qc_v1,37/7,37,,7,,,data/legacy_gt_v1/output_img/37/7,data/legacy_gt_v1/output_img/37/7/0.jpg,500,500,data/legacy_gt_v1/output_img/37/7/0.npy,500x500x6,data/legacy_gt_v1/output_img/37/7/mask_1.npy,data/legacy_gt_v1/output_img/37/7/mask_2.npy,data/legacy_gt_v1/output_img/37/7/mask_3.npy,data/legacy_gt_v1/output_img/37/7/mask_4.npy,data/legacy_gt_v1/output_img/37/7/mask_5.npy,data/legacy_gt_v1/output_img/37/7/mask_key_point.npy,500x500,500x500,500x500,500x500,500x500,500x500,true,7,
1,legacy_gt_qc_v1,37/8,37,,8,,,data/legacy_gt_v1/output_img/37/8,data/legacy_gt_v1/output_img/37/8/0.jpg,500,500,data/legacy_gt_v1/output_img/37/8/0.npy,500x500x6,data/legacy_gt_v1/output_img/37/8/mask_1.npy,data/legacy_gt_v1/output_img/37/8/mask_2.npy,data/legacy_gt_v1/output_img/37/8/mask_3.npy,data/legacy_gt_v1/output_img/37/8/mask_4.npy,data/legacy_gt_v1/output_img/37/8/mask_5.npy,data/legacy_gt_v1/output_img/37/8/mask_key_point.npy,500x500,500x500,500x500,500x500,500x500,500x500,true,8,
1,legacy_gt_qc_v1,37/9,37,,9,,,data/legacy_gt_v1/output_img/37/9,data/legacy_gt_v1/output_img/37/9/0.jpg,500,500,data/legacy_gt_v1/output_img/37/9/0.npy,500x500x6,data/legacy_gt_v1/output_img/37/9/mask_1.npy,data/legacy_gt_v1/output_img/37/9/mask_2.npy,data/legacy_gt_v1/output_img/37/9/mask_3.npy,data/legacy_gt_v1/output_img/37/9/mask_4.npy,data/legacy_gt_v1/output_img/37/9/mask_5.npy,data/legacy_gt_v1/output_img/37/9/mask_key_point.npy,500x500,500x500,500x500,500x500,500x500,500x500,true,9,
1,legacy_gt_qc_v1,37/10,37,,10,,,data/legacy_gt_v1/output_img/37/10,data/legacy_gt_v1/output_img/37/10/0.jpg,500,500,data/legacy_gt_v1/output_img/37/10/0.npy,500x500x6,data/legacy_gt_v1/output_img/37/10/mask_1.npy,data/legacy_gt_v1/output_img/37/10/mask_2.npy,data/legacy_gt_v1/output_img/37/10/mask_3.npy,data/legacy_gt_v1/output_img/37/10/mask_4.npy,data/legacy_gt_v1/output_img/37/10/mask_5.npy,data/legacy_gt_v1/output_img/37/10/mask_key_point.npy,500x500,500x500,500x500,500x500,500x500,500x500,true,10,
1,legacy_gt_qc_v1,37/12,37,,12,,,data/legacy_gt_v1/output_img/37/12,data/legacy_gt_v1/output_img/37/12/0.jpg,500,500,data/legacy_gt_v1/output_img/37/12/0.npy,500x500x6,data/legacy_gt_v1/output_img/37/12/mask_1.npy,data/legacy_gt_v1/output_img/37/12/mask_2.npy,data/legacy_gt_v1/output_img/37/12/mask_3.npy,data/legacy_gt_v1/output_img/37/12/mask_4.npy,data/legacy_gt_v1/output_img/37/12/mask_5.npy,data/legacy_gt_v1/output_img/37/12/mask_key_point.npy,500x500,500x500,500x500,500x500,500x500,500x500,true,12,
1,legacy_gt_qc_v1,37/14,37,,14,,,data/legacy_gt_v1/output_img/37/14,data/legacy_gt_v1/output_img/37/14/0.jpg,500,500,data/legacy_gt_v1/output_img/37/14/0.npy,500x500x6,data/legacy_gt_v1/output_img/37/14/mask_1.npy,data/legacy_gt_v1/output_img/37/14/mask_2.npy,data/legacy_gt_v1/output_img/37/14/mask_3.npy,data/legacy_gt_v1/output_img/37/14/mask_4.npy,data/legacy_gt_v1/output_img/37/14/mask_5.npy,data/legacy_gt_v1/output_img/37/14/mask_key_point.npy,500x500,500x500,500x500,500x500,500x500,500x500,true,14,
1,legacy_gt_qc_v1,37/15,37,,15,,,data/legacy_gt_v1/output_img/37/15,data/legacy_gt_v1/output_img/37/15/0.jpg,500,500,data/legacy_gt_v1/output_img/37/15/0.npy,500x500x6,data/legacy_gt_v1/output_img/37/15/mask_1.npy,data/legacy_gt_v1/output_img/37/15/mask_2.npy,data/legacy_gt_v1/output_img/37/15/mask_3.npy,data/legacy_gt_v1/output_img/37/15/mask_4.npy,data/legacy_gt_v1/output_img/37/15/mask_5.npy,data/legacy_gt_v1/output_img/37/15/mask_key_point.npy,500x500,500x500,500x500,500x500,500x500,500x500,true,15,
1,legacy_gt_qc_v1,37/16,37,,16,,,data/legacy_gt_v1/output_img/37/16,data/legacy_gt_v1/output_img/37/16/0.jpg,500,500,data/legacy_gt_v1/output_img/37/16/0.npy,500x500x6,data/legacy_gt_v1/output_img/37/16/mask_1.npy,data/legacy_gt_v1/output_img/37/16/mask_2.npy,data/legacy_gt_v1/output_img/37/16/mask_3.npy,data/legacy_gt_v1/output_img/37/16/mask_4.npy,data/legacy_gt_v1/output_img/37/16/mask_5.npy,data/legacy_gt_v1/output_img/37/16/mask_key_point.npy,500x500,500x500,500x500,500x500,500x500,500x500,true,16,
1,legacy_gt_qc_v1,37/17,37,,17,,,data/legacy_gt_v1/output_img/37/17,data/legacy_gt_v1/output_img/37/17/0.jpg,500,500,data/legacy_gt_v1/output_img/37/17/0.npy,500x500x6,data/legacy_gt_v1/output_img/37/17/mask_1.npy,data/legacy_gt_v1/output_img/37/17/mask_2.npy,data/legacy_gt_v1/output_img/37/17/mask_3.npy,data/legacy_gt_v1/output_img/37/17/mask_4.npy,data/legacy_gt_v1/output_img/37/17/mask_5.npy,data/legacy_gt_v1/output_img/37/17/mask_key_point.npy,500x500,500x500,500x500,500x500,500x500,500x500,true,17,
1,legacy_gt_qc_v1,37/18,37,,18,,,data/legacy_gt_v1/output_img/37/18,data/legacy_gt_v1/output_img/37/18/0.jpg,500,500,data/legacy_gt_v1/output_img/37/18/0.npy,500x500x6,data/legacy_gt_v1/output_img/37/18/mask_1.npy,data/legacy_gt_v1/output_img/37/18/mask_2.npy,data/legacy_gt_v1/output_img/37/18/mask_3.npy,data/legacy_gt_v1/output_img/37/18/mask_4.npy,data/legacy_gt_v1/output_img/37/18/mask_5.npy,data/legacy_gt_v1/output_img/37/18/mask_key_point.npy,500x500,500x500,500x500,500x500,500x500,500x500,true,18,
1,legacy_gt_qc_v1,37/19,37,,19,,,data/legacy_gt_v1/output_img/37/19,data/legacy_gt_v1/output_img/37/19/0.jpg,500,500,data/legacy_gt_v1/output_img/37/19/0.npy,500x500x6,data/legacy_gt_v1/output_img/37/19/mask_1.npy,data/legacy_gt_v1/output_img/37/19/mask_2.npy,data/legacy_gt_v1/output_img/37/19/mask_3.npy,data/legacy_gt_v1/output_img/37/19/mask_4.npy,data/legacy_gt_v1/output_img/37/19/mask_5.npy,data/legacy_gt_v1/output_img/37/19/mask_key_point.npy,500x500,500x500,500x500,500x500,500x500,500x500,true,19,
1,legacy_gt_qc_v1,37/20,37,,20,,,data/legacy_gt_v1/output_img/37/20,data/legacy_gt_v1/output_img/37/20/0.jpg,500,500,data/legacy_gt_v1/output_img/37/20/0.npy,500x500x6,data/legacy_gt_v1/output_img/37/20/mask_1.npy,data/legacy_gt_v1/output_img/37/20/mask_2.npy,data/legacy_gt_v1/output_img/37/20/mask_3.npy,data/legacy_gt_v1/output_img/37/20/mask_4.npy,data/legacy_gt_v1/output_img/37/20/mask_5.npy,data/legacy_gt_v1/output_img/37/20/mask_key_point.npy,500x500,500x500,500x500,500x500,500x500,500x500,true,20,
1,legacy_gt_qc_v1,38/0,38,,0,,,data/legacy_gt_v1/output_img/38/0,data/legacy_gt_v1/output_img/38/0/0.jpg,500,500,data/legacy_gt_v1/output_img/38/0/0.npy,500x500x6,data/legacy_gt_v1/output_img/38/0/mask_1.npy,data/legacy_gt_v1/output_img/38/0/mask_2.npy,data/legacy_gt_v1/output_img/38/0/mask_3.npy,data/legacy_gt_v1/output_img/38/0/mask_4.npy,data/legacy_gt_v1/output_img/38/0/mask_5.npy,data/legacy_gt_v1/output_img/38/0/mask_key_point.npy,500x500,500x500,500x500,500x500,500x500,500x500,true,38/0,
1,legacy_gt_qc_v1,38/2,38,,2,,,data/legacy_gt_v1/output_img/38/2,data/legacy_gt_v1/output_img/38/2/0.jpg,500,500,data/legacy_gt_v1/output_img/38/2/0.npy,500x500x6,data/legacy_gt_v1/output_img/38/2/mask_1.npy,data/legacy_gt_v1/output_img/38/2/mask_2.npy,data/legacy_gt_v1/output_img/38/2/mask_3.npy,data/legacy_gt_v1/output_img/38/2/mask_4.npy,data/legacy_gt_v1/output_img/38/2/mask_5.npy,data/legacy_gt_v1/output_img/38/2/mask_key_point.npy,500x500,500x500,500x500,500x500,500x500,500x500,true,2,
1,legacy_gt_qc_v1,38/5,38,,5,,,data/legacy_gt_v1/output_img/38/5,data/legacy_gt_v1/output_img/38/5/0.jpg,500,500,data/legacy_gt_v1/output_img/38/5/0.npy,500x500x6,data/legacy_gt_v1/output_img/38/5/mask_1.npy,data/legacy_gt_v1/output_img/38/5/mask_2.npy,data/legacy_gt_v1/output_img/38/5/mask_3.npy,data/legacy_gt_v1/output_img/38/5/mask_4.npy,data/legacy_gt_v1/output_img/38/5/mask_5.npy,data/legacy_gt_v1/output_img/38/5/mask_key_point.npy,500x500,500x500,500x500,500x500,500x500,500x500,true,5,
1,legacy_gt_qc_v1,38/6,38,,6,,,data/legacy_gt_v1/output_img/38/6,data/legacy_gt_v1/output_img/38/6/0.jpg,500,500,data/legacy_gt_v1/output_img/38/6/0.npy,500x500x6,data/legacy_gt_v1/output_img/38/6/mask_1.npy,data/legacy_gt_v1/output_img/38/6/mask_2.npy,data/legacy_gt_v1/output_img/38/6/mask_3.npy,data/legacy_gt_v1/output_img/38/6/mask_4.npy,data/legacy_gt_v1/output_img/38/6/mask_5.npy,data/legacy_gt_v1/output_img/38/6/mask_key_point.npy,500x500,500x500,500x500,500x500,500x500,500x500,true,6,
1,legacy_gt_qc_v1,38/7,38,,7,,,data/legacy_gt_v1/output_img/38/7,data/legacy_gt_v1/output_img/38/7/0.jpg,500,500,data/legacy_gt_v1/output_img/38/7/0.npy,500x500x6,data/legacy_gt_v1/output_img/38/7/mask_1.npy,data/legacy_gt_v1/output_img/38/7/mask_2.npy,data/legacy_gt_v1/output_img/38/7/mask_3.npy,data/legacy_gt_v1/output_img/38/7/mask_4.npy,data/legacy_gt_v1/output_img/38/7/mask_5.npy,data/legacy_gt_v1/output_img/38/7/mask_key_point.npy,500x500,500x500,500x500,500x500,500x500,500x500,true,7,
1,legacy_gt_qc_v1,38/8,38,,8,,,data/legacy_gt_v1/output_img/38/8,data/legacy_gt_v1/output_img/38/8/0.jpg,500,500,data/legacy_gt_v1/output_img/38/8/0.npy,500x500x6,data/legacy_gt_v1/output_img/38/8/mask_1.npy,data/legacy_gt_v1/output_img/38/8/mask_2.npy,data/legacy_gt_v1/output_img/38/8/mask_3.npy,data/legacy_gt_v1/output_img/38/8/mask_4.npy,data/legacy_gt_v1/output_img/38/8/mask_5.npy,data/legacy_gt_v1/output_img/38/8/mask_key_point.npy,500x500,500x500,500x500,500x500,500x500,500x500,true,8,
1,legacy_gt_qc_v1,38/9,38,,9,,,data/legacy_gt_v1/output_img/38/9,data/legacy_gt_v1/output_img/38/9/0.jpg,500,500,data/legacy_gt_v1/output_img/38/9/0.npy,500x500x6,data/legacy_gt_v1/output_img/38/9/mask_1.npy,data/legacy_gt_v1/output_img/38/9/mask_2.npy,data/legacy_gt_v1/output_img/38/9/mask_3.npy,data/legacy_gt_v1/output_img/38/9/mask_4.npy,data/legacy_gt_v1/output_img/38/9/mask_5.npy,data/legacy_gt_v1/output_img/38/9/mask_key_point.npy,500x500,500x500,500x500,500x500,500x500,500x500,true,9,
1,legacy_gt_qc_v1,38/14,38,,14,,,data/legacy_gt_v1/output_img/38/14,data/legacy_gt_v1/output_img/38/14/0.jpg,500,500,data/legacy_gt_v1/output_img/38/14/0.npy,500x500x6,data/legacy_gt_v1/output_img/38/14/mask_1.npy,data/legacy_gt_v1/output_img/38/14/mask_2.npy,data/legacy_gt_v1/output_img/38/14/mask_3.npy,data/legacy_gt_v1/output_img/38/14/mask_4.npy,data/legacy_gt_v1/output_img/38/14/mask_5.npy,data/legacy_gt_v1/output_img/38/14/mask_key_point.npy,500x500,500x500,500x500,500x500,500x500,500x500,true,14,
1,legacy_gt_qc_v1,38/15,38,,15,,,data/legacy_gt_v1/output_img/38/15,data/legacy_gt_v1/output_img/38/15/0.jpg,500,500,data/legacy_gt_v1/output_img/38/15/0.npy,500x500x6,data/legacy_gt_v1/output_img/38/15/mask_1.npy,data/legacy_gt_v1/output_img/38/15/mask_2.npy,data/legacy_gt_v1/output_img/38/15/mask_3.npy,data/legacy_gt_v1/output_img/38/15/mask_4.npy,data/legacy_gt_v1/output_img/38/15/mask_5.npy,data/legacy_gt_v1/output_img/38/15/mask_key_point.npy,500x500,500x500,500x500,500x500,500x500,500x500,true,15,
1,legacy_gt_qc_v1,38/16,38,,16,,,data/legacy_gt_v1/output_img/38/16,data/legacy_gt_v1/output_img/38/16/0.jpg,500,500,data/legacy_gt_v1/output_img/38/16/0.npy,500x500x6,data/legacy_gt_v1/output_img/38/16/mask_1.npy,data/legacy_gt_v1/output_img/38/16/mask_2.npy,data/legacy_gt_v1/output_img/38/16/mask_3.npy,data/legacy_gt_v1/output_img/38/16/mask_4.npy,data/legacy_gt_v1/output_img/38/16/mask_5.npy,data/legacy_gt_v1/output_img/38/16/mask_key_point.npy,500x500,500x500,500x500,500x500,500x500,500x500,true,16,
1,legacy_gt_qc_v1,38/17,38,,17,,,data/legacy_gt_v1/output_img/38/17,data/legacy_gt_v1/output_img/38/17/0.jpg,500,500,data/legacy_gt_v1/output_img/38/17/0.npy,500x500x6,data/legacy_gt_v1/output_img/38/17/mask_1.npy,data/legacy_gt_v1/output_img/38/17/mask_2.npy,data/legacy_gt_v1/output_img/38/17/mask_3.npy,data/legacy_gt_v1/output_img/38/17/mask_4.npy,data/legacy_gt_v1/output_img/38/17/mask_5.npy,data/legacy_gt_v1/output_img/38/17/mask_key_point.npy,500x500,500x500,500x500,500x500,500x500,500x500,true,17,
1,legacy_gt_qc_v1,38/18,38,,18,,,data/legacy_gt_v1/output_img/38/18,data/legacy_gt_v1/output_img/38/18/0.jpg,500,500,data/legacy_gt_v1/output_img/38/18/0.npy,500x500x6,data/legacy_gt_v1/output_img/38/18/mask_1.npy,data/legacy_gt_v1/output_img/38/18/mask_2.npy,data/legacy_gt_v1/output_img/38/18/mask_3.npy,data/legacy_gt_v1/output_img/38/18/mask_4.npy,data/legacy_gt_v1/output_img/38/18/mask_5.npy,data/legacy_gt_v1/output_img/38/18/mask_key_point.npy,500x500,500x500,500x500,500x500,500x500,500x500,true,18,
1,legacy_gt_qc_v1,38/19,38,,19,,,data/legacy_gt_v1/output_img/38/19,data/legacy_gt_v1/output_img/38/19/0.jpg,500,500,data/legacy_gt_v1/output_img/38/19/0.npy,500x500x6,data/legacy_gt_v1/output_img/38/19/mask_1.npy,data/legacy_gt_v1/output_img/38/19/mask_2.npy,data/legacy_gt_v1/output_img/38/19/mask_3.npy,data/legacy_gt_v1/output_img/38/19/mask_4.npy,data/legacy_gt_v1/output_img/38/19/mask_5.npy,data/legacy_gt_v1/output_img/38/19/mask_key_point.npy,500x500,500x500,500x500,500x500,500x500,500x500,true,19,
1,legacy_gt_qc_v1,38/20,38,,20,,,data/legacy_gt_v1/output_img/38/20,data/legacy_gt_v1/output_img/38/20/0.jpg,500,500,data/legacy_gt_v1/output_img/38/20/0.npy,500x500x6,data/legacy_gt_v1/output_img/38/20/mask_1.npy,data/legacy_gt_v1/output_img/38/20/mask_2.npy,data/legacy_gt_v1/output_img/38/20/mask_3.npy,data/legacy_gt_v1/output_img/38/20/mask_4.npy,data/legacy_gt_v1/output_img/38/20/mask_5.npy,data/legacy_gt_v1/output_img/38/20/mask_key_point.npy,500x500,500x500,500x500,500x500,500x500,500x500,true,20,
1,legacy_gt_qc_v1,39/0,39,,0,,,data/legacy_gt_v1/output_img/39/0,data/legacy_gt_v1/output_img/39/0/0.jpg,500,500,data/legacy_gt_v1/output_img/39/0/0.npy,500x500x6,data/legacy_gt_v1/output_img/39/0/mask_1.npy,data/legacy_gt_v1/output_img/39/0/mask_2.npy,data/legacy_gt_v1/output_img/39/0/mask_3.npy,data/legacy_gt_v1/output_img/39/0/mask_4.npy,data/legacy_gt_v1/output_img/39/0/mask_5.npy,data/legacy_gt_v1/output_img/39/0/mask_key_point.npy,500x500,500x500,500x500,500x500,500x500,500x500,true,39/0,
1,legacy_gt_qc_v1,39/2,39,,2,,,data/legacy_gt_v1/output_img/39/2,data/legacy_gt_v1/output_img/39/2/0.jpg,500,500,data/legacy_gt_v1/output_img/39/2/0.npy,500x500x6,data/legacy_gt_v1/output_img/39/2/mask_1.npy,data/legacy_gt_v1/output_img/39/2/mask_2.npy,data/legacy_gt_v1/output_img/39/2/mask_3.npy,data/legacy_gt_v1/output_img/39/2/mask_4.npy,data/legacy_gt_v1/output_img/39/2/mask_5.npy,data/legacy_gt_v1/output_img/39/2/mask_key_point.npy,500x500,500x500,500x500,500x500,500x500,500x500,true,2,
1,legacy_gt_qc_v1,39/4,39,,4,,,data/legacy_gt_v1/output_img/39/4,data/legacy_gt_v1/output_img/39/4/0.jpg,500,500,data/legacy_gt_v1/output_img/39/4/0.npy,500x500x6,data/legacy_gt_v1/output_img/39/4/mask_1.npy,data/legacy_gt_v1/output_img/39/4/mask_2.npy,data/legacy_gt_v1/output_img/39/4/mask_3.npy,data/legacy_gt_v1/output_img/39/4/mask_4.npy,data/legacy_gt_v1/output_img/39/4/mask_5.npy,data/legacy_gt_v1/output_img/39/4/mask_key_point.npy,500x500,500x500,500x500,500x500,500x500,500x500,true,4,
1,legacy_gt_qc_v1,39/5,39,,5,,,data/legacy_gt_v1/output_img/39/5,data/legacy_gt_v1/output_img/39/5/0.jpg,500,500,data/legacy_gt_v1/output_img/39/5/0.npy,500x500x6,data/legacy_gt_v1/output_img/39/5/mask_1.npy,data/legacy_gt_v1/output_img/39/5/mask_2.npy,data/legacy_gt_v1/output_img/39/5/mask_3.npy,data/legacy_gt_v1/output_img/39/5/mask_4.npy,data/legacy_gt_v1/output_img/39/5/mask_5.npy,data/legacy_gt_v1/output_img/39/5/mask_key_point.npy,500x500,500x500,500x500,500x500,500x500,500x500,true,5,
1,legacy_gt_qc_v1,39/6,39,,6,,,data/legacy_gt_v1/output_img/39/6,data/legacy_gt_v1/output_img/39/6/0.jpg,500,500,data/legacy_gt_v1/output_img/39/6/0.npy,500x500x6,data/legacy_gt_v1/output_img/39/6/mask_1.npy,data/legacy_gt_v1/output_img/39/6/mask_2.npy,data/legacy_gt_v1/output_img/39/6/mask_3.npy,data/legacy_gt_v1/output_img/39/6/mask_4.npy,data/legacy_gt_v1/output_img/39/6/mask_5.npy,data/legacy_gt_v1/output_img/39/6/mask_key_point.npy,500x500,500x500,500x500,500x500,500x500,500x500,true,6,
1,legacy_gt_qc_v1,39/7,39,,7,,,data/legacy_gt_v1/output_img/39/7,data/legacy_gt_v1/output_img/39/7/0.jpg,500,500,data/legacy_gt_v1/output_img/39/7/0.npy,500x500x6,data/legacy_gt_v1/output_img/39/7/mask_1.npy,data/legacy_gt_v1/output_img/39/7/mask_2.npy,data/legacy_gt_v1/output_img/39/7/mask_3.npy,data/legacy_gt_v1/output_img/39/7/mask_4.npy,data/legacy_gt_v1/output_img/39/7/mask_5.npy,data/legacy_gt_v1/output_img/39/7/mask_key_point.npy,500x500,500x500,500x500,500x500,500x500,500x500,true,7,
1,legacy_gt_qc_v1,39/8,39,,8,,,data/legacy_gt_v1/output_img/39/8,data/legacy_gt_v1/output_img/39/8/0.jpg,500,500,data/legacy_gt_v1/output_img/39/8/0.npy,500x500x6,data/legacy_gt_v1/output_img/39/8/mask_1.npy,data/legacy_gt_v1/output_img/39/8/mask_2.npy,data/legacy_gt_v1/output_img/39/8/mask_3.npy,data/legacy_gt_v1/output_img/39/8/mask_4.npy,data/legacy_gt_v1/output_img/39/8/mask_5.npy,data/legacy_gt_v1/output_img/39/8/mask_key_point.npy,500x500,500x500,500x500,500x500,500x500,500x500,true,8,
1,legacy_gt_qc_v1,39/9,39,,9,,,data/legacy_gt_v1/output_img/39/9,data/legacy_gt_v1/output_img/39/9/0.jpg,500,500,data/legacy_gt_v1/output_img/39/9/0.npy,500x500x6,data/legacy_gt_v1/output_img/39/9/mask_1.npy,data/legacy_gt_v1/output_img/39/9/mask_2.npy,data/legacy_gt_v1/output_img/39/9/mask_3.npy,data/legacy_gt_v1/output_img/39/9/mask_4.npy,data/legacy_gt_v1/output_img/39/9/mask_5.npy,data/legacy_gt_v1/output_img/39/9/mask_key_point.npy,500x500,500x500,500x500,500x500,500x500,500x500,true,9,
1,legacy_gt_qc_v1,39/10,39,,10,,,data/legacy_gt_v1/output_img/39/10,data/legacy_gt_v1/output_img/39/10/0.jpg,500,500,data/legacy_gt_v1/output_img/39/10/0.npy,500x500x6,data/legacy_gt_v1/output_img/39/10/mask_1.npy,data/legacy_gt_v1/output_img/39/10/mask_2.npy,data/legacy_gt_v1/output_img/39/10/mask_3.npy,data/legacy_gt_v1/output_img/39/10/mask_4.npy,data/legacy_gt_v1/output_img/39/10/mask_5.npy,data/legacy_gt_v1/output_img/39/10/mask_key_point.npy,500x500,500x500,500x500,500x500,500x500,500x500,true,10,
1,legacy_gt_qc_v1,39/14,39,,14,,,data/legacy_gt_v1/output_img/39/14,data/legacy_gt_v1/output_img/39/14/0.jpg,500,500,data/legacy_gt_v1/output_img/39/14/0.npy,500x500x6,data/legacy_gt_v1/output_img/39/14/mask_1.npy,data/legacy_gt_v1/output_img/39/14/mask_2.npy,data/legacy_gt_v1/output_img/39/14/mask_3.npy,data/legacy_gt_v1/output_img/39/14/mask_4.npy,data/legacy_gt_v1/output_img/39/14/mask_5.npy,data/legacy_gt_v1/output_img/39/14/mask_key_point.npy,500x500,500x500,500x500,500x500,500x500,500x500,true,14,
1,legacy_gt_qc_v1,39/15,39,,15,,,data/legacy_gt_v1/output_img/39/15,data/legacy_gt_v1/output_img/39/15/0.jpg,500,500,data/legacy_gt_v1/output_img/39/15/0.npy,500x500x6,data/legacy_gt_v1/output_img/39/15/mask_1.npy,data/legacy_gt_v1/output_img/39/15/mask_2.npy,data/legacy_gt_v1/output_img/39/15/mask_3.npy,data/legacy_gt_v1/output_img/39/15/mask_4.npy,data/legacy_gt_v1/output_img/39/15/mask_5.npy,data/legacy_gt_v1/output_img/39/15/mask_key_point.npy,500x500,500x500,500x500,500x500,500x500,500x500,true,15,
1,legacy_gt_qc_v1,39/16,39,,16,,,data/legacy_gt_v1/output_img/39/16,data/legacy_gt_v1/output_img/39/16/0.jpg,500,500,data/legacy_gt_v1/output_img/39/16/0.npy,500x500x6,data/legacy_gt_v1/output_img/39/16/mask_1.npy,data/legacy_gt_v1/output_img/39/16/mask_2.npy,data/legacy_gt_v1/output_img/39/16/mask_3.npy,data/legacy_gt_v1/output_img/39/16/mask_4.npy,data/legacy_gt_v1/output_img/39/16/mask_5.npy,data/legacy_gt_v1/output_img/39/16/mask_key_point.npy,500x500,500x500,500x500,500x500,500x500,500x500,true,16,
1,legacy_gt_qc_v1,39/18,39,,18,,,data/legacy_gt_v1/output_img/39/18,data/legacy_gt_v1/output_img/39/18/0.jpg,500,500,data/legacy_gt_v1/output_img/39/18/0.npy,500x500x6,data/legacy_gt_v1/output_img/39/18/mask_1.npy,data/legacy_gt_v1/output_img/39/18/mask_2.npy,data/legacy_gt_v1/output_img/39/18/mask_3.npy,data/legacy_gt_v1/output_img/39/18/mask_4.npy,data/legacy_gt_v1/output_img/39/18/mask_5.npy,data/legacy_gt_v1/output_img/39/18/mask_key_point.npy,500x500,500x500,500x500,500x500,500x500,500x500,true,18,
1,legacy_gt_qc_v1,39/19,39,,19,,,data/legacy_gt_v1/output_img/39/19,data/legacy_gt_v1/output_img/39/19/0.jpg,500,500,data/legacy_gt_v1/output_img/39/19/0.npy,500x500x6,data/legacy_gt_v1/output_img/39/19/mask_1.npy,data/legacy_gt_v1/output_img/39/19/mask_2.npy,data/legacy_gt_v1/output_img/39/19/mask_3.npy,data/legacy_gt_v1/output_img/39/19/mask_4.npy,data/legacy_gt_v1/output_img/39/19/mask_5.npy,data/legacy_gt_v1/output_img/39/19/mask_key_point.npy,500x500,500x500,500x500,500x500,500x500,500x500,true,19,
1,legacy_gt_qc_v1,39/20,39,,20,,,data/legacy_gt_v1/output_img/39/20,data/legacy_gt_v1/output_img/39/20/0.jpg,500,500,data/legacy_gt_v1/output_img/39/20/0.npy,500x500x6,data/legacy_gt_v1/output_img/39/20/mask_1.npy,data/legacy_gt_v1/output_img/39/20/mask_2.npy,data/legacy_gt_v1/output_img/39/20/mask_3.npy,data/legacy_gt_v1/output_img/39/20/mask_4.npy,data/legacy_gt_v1/output_img/39/20/mask_5.npy,data/legacy_gt_v1/output_img/39/20/mask_key_point.npy,500x500,500x500,500x500,500x500,500x500,500x500,true,20,
