schema_version,reference_id,style_id,target_char,image_path,source_type,source_url,source_license,source_work_id,source_version,bbox_left,bbox_top,bbox_right,bbox_bottom,author_id,script_style,is_synthetic,review_status,reviewer,review_date,notes
1,ouyang_xun_regular_calli_tongji_beta:4543:139cac6d263f,ouyang_xun_regular_calli_tongji_beta,䕃,images/calli_tongji_beta/ouyang_xun_regular_calli_tongji_beta/䕃_139cac6d263f.png,official_open_dataset,https://www.modelscope.cn/datasets/CalliTongji/Calli-Tongji_A_Dataset_of_Historical_Calligraphy_Styles,CC-BY-NC-4.0,calli_tongji_beta,sha256:bae995df68a3469fe486939dd42b209145ab56d10f580990380e25dcf9e2fbe9,0,0,256,256,ouyang_xun,kaishu,false,approved,刘小凡,2026-07-27,Imported from 欧阳询-楷; source member: Calli-Tongji/欧阳询-楷/䕃.png
1,ouyang_xun_regular_calli_tongji_beta:4e07:0bda55e55943,ouyang_xun_regular_calli_tongji_beta,万,images/calli_tongji_beta/ouyang_xun_regular_calli_tongji_beta/万_0bda55e55943.png,official_open_dataset,https://www.modelscope.cn/datasets/CalliTongji/Calli-Tongji_A_Dataset_of_Historical_Calligraphy_Styles,CC-BY-NC-4.0,calli_tongji_beta,sha256:bae995df68a3469fe486939dd42b209145ab56d10f580990380e25dcf9e2fbe9,0,0,256,256,ouyang_xun,kaishu,false,approved,刘小凡,2026-07-27,Imported from 欧阳询-楷; source member: Calli-Tongji/欧阳询-楷/万.png
1,ouyang_xun_regular_calli_tongji_beta:4e0a:b93db9b0f725,ouyang_xun_regular_calli_tongji_beta,上,images/calli_tongji_beta/ouyang_xun_regular_calli_tongji_beta/上_b93db9b0f725.png,official_open_dataset,https://www.modelscope.cn/datasets/CalliTongji/Calli-Tongji_A_Dataset_of_Historical_Calligraphy_Styles,CC-BY-NC-4.0,calli_tongji_beta,sha256:bae995df68a3469fe486939dd42b209145ab56d10f580990380e25dcf9e2fbe9,0,0,256,256,ouyang_xun,kaishu,false,approved,刘小凡,2026-07-27,Imported from 欧阳询-楷; source member: Calli-Tongji/欧阳询-楷/上.png
1,ouyang_xun_regular_calli_tongji_beta:4e0d:c9cfcf167902,ouyang_xun_regular_calli_tongji_beta,不,images/calli_tongji_beta/ouyang_xun_regular_calli_tongji_beta/不_c9cfcf167902.png,official_open_dataset,https://www.modelscope.cn/datasets/CalliTongji/Calli-Tongji_A_Dataset_of_Historical_Calligraphy_Styles,CC-BY-NC-4.0,calli_tongji_beta,sha256:bae995df68a3469fe486939dd42b209145ab56d10f580990380e25dcf9e2fbe9,0,0,256,256,ouyang_xun,kaishu,false,approved,刘小凡,2026-07-27,Imported from 欧阳询-楷; source member: Calli-Tongji/欧阳询-楷/不.png
1,ouyang_xun_regular_calli_tongji_beta:4e1d:3586d6be84bb,ouyang_xun_regular_calli_tongji_beta,丝,images/calli_tongji_beta/ouyang_xun_regular_calli_tongji_beta/丝_3586d6be84bb.png,official_open_dataset,https://www.modelscope.cn/datasets/CalliTongji/Calli-Tongji_A_Dataset_of_Historical_Calligraphy_Styles,CC-BY-NC-4.0,calli_tongji_beta,sha256:bae995df68a3469fe486939dd42b209145ab56d10f580990380e25dcf9e2fbe9,0,0,256,256,ouyang_xun,kaishu,false,approved,刘小凡,2026-07-27,Imported from 欧阳询-楷; source member: Calli-Tongji/欧阳询-楷/丝.png
1,ouyang_xun_regular_calli_tongji_beta:4e43:0af0e41c790f,ouyang_xun_regular_calli_tongji_beta,乃,images/calli_tongji_beta/ouyang_xun_regular_calli_tongji_beta/乃_0af0e41c790f.png,official_open_dataset,https://www.modelscope.cn/datasets/CalliTongji/Calli-Tongji_A_Dataset_of_Historical_Calligraphy_Styles,CC-BY-NC-4.0,calli_tongji_beta,sha256:bae995df68a3469fe486939dd42b209145ab56d10f580990380e25dcf9e2fbe9,0,0,256,256,ouyang_xun,kaishu,false,approved,刘小凡,2026-07-27,Imported from 欧阳询-楷; source member: Calli-Tongji/欧阳询-楷/乃.png
1,ouyang_xun_regular_calli_tongji_beta:4e54:e3eaa0f99bf3,ouyang_xun_regular_calli_tongji_beta,乔,images/calli_tongji_beta/ouyang_xun_regular_calli_tongji_beta/乔_e3eaa0f99bf3.png,official_open_dataset,https://www.modelscope.cn/datasets/CalliTongji/Calli-Tongji_A_Dataset_of_Historical_Calligraphy_Styles,CC-BY-NC-4.0,calli_tongji_beta,sha256:bae995df68a3469fe486939dd42b209145ab56d10f580990380e25dcf9e2fbe9,0,0,256,256,ouyang_xun,kaishu,false,approved,刘小凡,2026-07-27,Imported from 欧阳询-楷; source member: Calli-Tongji/欧阳询-楷/乔.png
1,ouyang_xun_regular_calli_tongji_beta:4e58:68481e98b1f8,ouyang_xun_regular_calli_tongji_beta,乘,images/calli_tongji_beta/ouyang_xun_regular_calli_tongji_beta/乘_68481e98b1f8.png,official_open_dataset,https://www.modelscope.cn/datasets/CalliTongji/Calli-Tongji_A_Dataset_of_Historical_Calligraphy_Styles,CC-BY-NC-4.0,calli_tongji_beta,sha256:bae995df68a3469fe486939dd42b209145ab56d10f580990380e25dcf9e2fbe9,0,0,256,256,ouyang_xun,kaishu,false,approved,刘小凡,2026-07-27,Imported from 欧阳询-楷; source member: Calli-Tongji/欧阳询-楷/乘.png
1,ouyang_xun_regular_calli_tongji_beta:4e5d:08223de72349,ouyang_xun_regular_calli_tongji_beta,九,images/calli_tongji_beta/ouyang_xun_regular_calli_tongji_beta/九_08223de72349.png,official_open_dataset,https://www.modelscope.cn/datasets/CalliTongji/Calli-Tongji_A_Dataset_of_Historical_Calligraphy_Styles,CC-BY-NC-4.0,calli_tongji_beta,sha256:bae995df68a3469fe486939dd42b209145ab56d10f580990380e25dcf9e2fbe9,0,0,256,256,ouyang_xun,kaishu,false,approved,刘小凡,2026-07-27,Imported from 欧阳询-楷; source member: Calli-Tongji/欧阳询-楷/九.png
1,ouyang_xun_regular_calli_tongji_beta:4e71:31114ee745d8,ouyang_xun_regular_calli_tongji_beta,乱,images/calli_tongji_beta/ouyang_xun_regular_calli_tongji_beta/乱_31114ee745d8.png,official_open_dataset,https://www.modelscope.cn/datasets/CalliTongji/Calli-Tongji_A_Dataset_of_Historical_Calligraphy_Styles,CC-BY-NC-4.0,calli_tongji_beta,sha256:bae995df68a3469fe486939dd42b209145ab56d10f580990380e25dcf9e2fbe9,0,0,256,256,ouyang_xun,kaishu,false,approved,刘小凡,2026-07-27,Imported from 欧阳询-楷; source member: Calli-Tongji/欧阳询-楷/乱.png
1,ouyang_xun_regular_calli_tongji_beta:4e89:b1f12547f489,ouyang_xun_regular_calli_tongji_beta,争,images/calli_tongji_beta/ouyang_xun_regular_calli_tongji_beta/争_b1f12547f489.png,official_open_dataset,https://www.modelscope.cn/datasets/CalliTongji/Calli-Tongji_A_Dataset_of_Historical_Calligraphy_Styles,CC-BY-NC-4.0,calli_tongji_beta,sha256:bae995df68a3469fe486939dd42b209145ab56d10f580990380e25dcf9e2fbe9,0,0,256,256,ouyang_xun,kaishu,false,approved,刘小凡,2026-07-27,Imported from 欧阳询-楷; source member: Calli-Tongji/欧阳询-楷/争.png
1,ouyang_xun_regular_calli_tongji_beta:4e8e:b03c333ba626,ouyang_xun_regular_calli_tongji_beta,于,images/calli_tongji_beta/ouyang_xun_regular_calli_tongji_beta/于_b03c333ba626.png,official_open_dataset,https://www.modelscope.cn/datasets/CalliTongji/Calli-Tongji_A_Dataset_of_Historical_Calligraphy_Styles,CC-BY-NC-4.0,calli_tongji_beta,sha256:bae995df68a3469fe486939dd42b209145ab56d10f580990380e25dcf9e2fbe9,0,0,256,256,ouyang_xun,kaishu,false,approved,刘小凡,2026-07-27,Imported from 欧阳询-楷; source member: Calli-Tongji/欧阳询-楷/于.png
1,ouyang_xun_regular_calli_tongji_beta:4e8f:49e7a72e88ed,ouyang_xun_regular_calli_tongji_beta,亏,images/calli_tongji_beta/ouyang_xun_regular_calli_tongji_beta/亏_49e7a72e88ed.png,official_open_dataset,https://www.modelscope.cn/datasets/CalliTongji/Calli-Tongji_A_Dataset_of_Historical_Calligraphy_Styles,CC-BY-NC-4.0,calli_tongji_beta,sha256:bae995df68a3469fe486939dd42b209145ab56d10f580990380e25dcf9e2fbe9,0,0,256,256,ouyang_xun,kaishu,false,approved,刘小凡,2026-07-27,Imported from 欧阳询-楷; source member: Calli-Tongji/欧阳询-楷/亏.png
1,ouyang_xun_regular_calli_tongji_beta:4ea7:3c1046633b36,ouyang_xun_regular_calli_tongji_beta,产,images/calli_tongji_beta/ouyang_xun_regular_calli_tongji_beta/产_3c1046633b36.png,official_open_dataset,https://www.modelscope.cn/datasets/CalliTongji/Calli-Tongji_A_Dataset_of_Historical_Calligraphy_Styles,CC-BY-NC-4.0,calli_tongji_beta,sha256:bae995df68a3469fe486939dd42b209145ab56d10f580990380e25dcf9e2fbe9,0,0,256,256,ouyang_xun,kaishu,false,approved,刘小凡,2026-07-27,Imported from 欧阳询-楷; source member: Calli-Tongji/欧阳询-楷/产.png
1,ouyang_xun_regular_calli_tongji_beta:4eae:716778b42f72,ouyang_xun_regular_calli_tongji_beta,亮,images/calli_tongji_beta/ouyang_xun_regular_calli_tongji_beta/亮_716778b42f72.png,official_open_dataset,https://www.modelscope.cn/datasets/CalliTongji/Calli-Tongji_A_Dataset_of_Historical_Calligraphy_Styles,CC-BY-NC-4.0,calli_tongji_beta,sha256:bae995df68a3469fe486939dd42b209145ab56d10f580990380e25dcf9e2fbe9,0,0,256,256,ouyang_xun,kaishu,false,approved,刘小凡,2026-07-27,Imported from 欧阳询-楷; source member: Calli-Tongji/欧阳询-楷/亮.png
1,ouyang_xun_regular_calli_tongji_beta:4eba:7e9c402ca84a,ouyang_xun_regular_calli_tongji_beta,人,images/calli_tongji_beta/ouyang_xun_regular_calli_tongji_beta/人_7e9c402ca84a.png,official_open_dataset,https://www.modelscope.cn/datasets/CalliTongji/Calli-Tongji_A_Dataset_of_Historical_Calligraphy_Styles,CC-BY-NC-4.0,calli_tongji_beta,sha256:bae995df68a3469fe486939dd42b209145ab56d10f580990380e25dcf9e2fbe9,0,0,256,256,ouyang_xun,kaishu,false,approved,刘小凡,2026-07-27,Imported from 欧阳询-楷; source member: Calli-Tongji/欧阳询-楷/人.png
1,ouyang_xun_regular_calli_tongji_beta:4ed5:94c05b99591a,ouyang_xun_regular_calli_tongji_beta,仕,images/calli_tongji_beta/ouyang_xun_regular_calli_tongji_beta/仕_94c05b99591a.png,official_open_dataset,https://www.modelscope.cn/datasets/CalliTongji/Calli-Tongji_A_Dataset_of_Historical_Calligraphy_Styles,CC-BY-NC-4.0,calli_tongji_beta,sha256:bae995df68a3469fe486939dd42b209145ab56d10f580990380e25dcf9e2fbe9,0,0,256,256,ouyang_xun,kaishu,false,approved,刘小凡,2026-07-27,Imported from 欧阳询-楷; source member: Calli-Tongji/欧阳询-楷/仕.png
1,ouyang_xun_regular_calli_tongji_beta:4ee3:d8f8c651831f,ouyang_xun_regular_calli_tongji_beta,代,images/calli_tongji_beta/ouyang_xun_regular_calli_tongji_beta/代_d8f8c651831f.png,official_open_dataset,https://www.modelscope.cn/datasets/CalliTongji/Calli-Tongji_A_Dataset_of_Historical_Calligraphy_Styles,CC-BY-NC-4.0,calli_tongji_beta,sha256:bae995df68a3469fe486939dd42b209145ab56d10f580990380e25dcf9e2fbe9,0,0,256,256,ouyang_xun,kaishu,false,approved,刘小凡,2026-07-27,Imported from 欧阳询-楷; source member: Calli-Tongji/欧阳询-楷/代.png
1,ouyang_xun_regular_calli_tongji_beta:4f1f:a8a8f38a0dc8,ouyang_xun_regular_calli_tongji_beta,伟,images/calli_tongji_beta/ouyang_xun_regular_calli_tongji_beta/伟_a8a8f38a0dc8.png,official_open_dataset,https://www.modelscope.cn/datasets/CalliTongji/Calli-Tongji_A_Dataset_of_Historical_Calligraphy_Styles,CC-BY-NC-4.0,calli_tongji_beta,sha256:bae995df68a3469fe486939dd42b209145ab56d10f580990380e25dcf9e2fbe9,0,0,256,256,ouyang_xun,kaishu,false,approved,刘小凡,2026-07-27,Imported from 欧阳询-楷; source member: Calli-Tongji/欧阳询-楷/伟.png
1,ouyang_xun_regular_calli_tongji_beta:4f5b:a843f5700273,ouyang_xun_regular_calli_tongji_beta,佛,images/calli_tongji_beta/ouyang_xun_regular_calli_tongji_beta/佛_a843f5700273.png,official_open_dataset,https://www.modelscope.cn/datasets/CalliTongji/Calli-Tongji_A_Dataset_of_Historical_Calligraphy_Styles,CC-BY-NC-4.0,calli_tongji_beta,sha256:bae995df68a3469fe486939dd42b209145ab56d10f580990380e25dcf9e2fbe9,0,0,256,256,ouyang_xun,kaishu,false,approved,刘小凡,2026-07-27,Imported from 欧阳询-楷; source member: Calli-Tongji/欧阳询-楷/佛.png
1,ouyang_xun_regular_calli_tongji_beta:4f7b:377fc958a721,ouyang_xun_regular_calli_tongji_beta,佻,images/calli_tongji_beta/ouyang_xun_regular_calli_tongji_beta/佻_377fc958a721.png,official_open_dataset,https://www.modelscope.cn/datasets/CalliTongji/Calli-Tongji_A_Dataset_of_Historical_Calligraphy_Styles,CC-BY-NC-4.0,calli_tongji_beta,sha256:bae995df68a3469fe486939dd42b209145ab56d10f580990380e25dcf9e2fbe9,0,0,256,256,ouyang_xun,kaishu,false,approved,刘小凡,2026-07-27,Imported from 欧阳询-楷; source member: Calli-Tongji/欧阳询-楷/佻.png
1,ouyang_xun_regular_calli_tongji_beta:501f:379e825a5cd0,ouyang_xun_regular_calli_tongji_beta,借,images/calli_tongji_beta/ouyang_xun_regular_calli_tongji_beta/借_379e825a5cd0.png,official_open_dataset,https://www.modelscope.cn/datasets/CalliTongji/Calli-Tongji_A_Dataset_of_Historical_Calligraphy_Styles,CC-BY-NC-4.0,calli_tongji_beta,sha256:bae995df68a3469fe486939dd42b209145ab56d10f580990380e25dcf9e2fbe9,0,0,256,256,ouyang_xun,kaishu,false,approved,刘小凡,2026-07-27,Imported from 欧阳询-楷; source member: Calli-Tongji/欧阳询-楷/借.png
1,ouyang_xun_regular_calli_tongji_beta:505c:0897b7e5055e,ouyang_xun_regular_calli_tongji_beta,停,images/calli_tongji_beta/ouyang_xun_regular_calli_tongji_beta/停_0897b7e5055e.png,official_open_dataset,https://www.modelscope.cn/datasets/CalliTongji/Calli-Tongji_A_Dataset_of_Historical_Calligraphy_Styles,CC-BY-NC-4.0,calli_tongji_beta,sha256:bae995df68a3469fe486939dd42b209145ab56d10f580990380e25dcf9e2fbe9,0,0,256,256,ouyang_xun,kaishu,false,approved,刘小凡,2026-07-27,Imported from 欧阳询-楷; source member: Calli-Tongji/欧阳询-楷/停.png
1,ouyang_xun_regular_calli_tongji_beta:506d:2cd39c428df8,ouyang_xun_regular_calli_tongji_beta,偭,images/calli_tongji_beta/ouyang_xun_regular_calli_tongji_beta/偭_2cd39c428df8.png,official_open_dataset,https://www.modelscope.cn/datasets/CalliTongji/Calli-Tongji_A_Dataset_of_Historical_Calligraphy_Styles,CC-BY-NC-4.0,calli_tongji_beta,sha256:bae995df68a3469fe486939dd42b209145ab56d10f580990380e25dcf9e2fbe9,0,0,256,256,ouyang_xun,kaishu,false,approved,刘小凡,2026-07-27,Imported from 欧阳询-楷; source member: Calli-Tongji/欧阳询-楷/偭.png
1,ouyang_xun_regular_calli_tongji_beta:50da:d53f6c3cf01e,ouyang_xun_regular_calli_tongji_beta,僚,images/calli_tongji_beta/ouyang_xun_regular_calli_tongji_beta/僚_d53f6c3cf01e.png,official_open_dataset,https://www.modelscope.cn/datasets/CalliTongji/Calli-Tongji_A_Dataset_of_Historical_Calligraphy_Styles,CC-BY-NC-4.0,calli_tongji_beta,sha256:bae995df68a3469fe486939dd42b209145ab56d10f580990380e25dcf9e2fbe9,0,0,256,256,ouyang_xun,kaishu,false,approved,刘小凡,2026-07-27,Imported from 欧阳询-楷; source member: Calli-Tongji/欧阳询-楷/僚.png
1,ouyang_xun_regular_calli_tongji_beta:510c:9fedf9dd6f6f,ouyang_xun_regular_calli_tongji_beta,儌,images/calli_tongji_beta/ouyang_xun_regular_calli_tongji_beta/儌_9fedf9dd6f6f.png,official_open_dataset,https://www.modelscope.cn/datasets/CalliTongji/Calli-Tongji_A_Dataset_of_Historical_Calligraphy_Styles,CC-BY-NC-4.0,calli_tongji_beta,sha256:bae995df68a3469fe486939dd42b209145ab56d10f580990380e25dcf9e2fbe9,0,0,256,256,ouyang_xun,kaishu,false,approved,刘小凡,2026-07-27,Imported from 欧阳询-楷; source member: Calli-Tongji/欧阳询-楷/儌.png
1,ouyang_xun_regular_calli_tongji_beta:5188:f74523ba25ab,ouyang_xun_regular_calli_tongji_beta,冈,images/calli_tongji_beta/ouyang_xun_regular_calli_tongji_beta/冈_f74523ba25ab.png,official_open_dataset,https://www.modelscope.cn/datasets/CalliTongji/Calli-Tongji_A_Dataset_of_Historical_Calligraphy_Styles,CC-BY-NC-4.0,calli_tongji_beta,sha256:bae995df68a3469fe486939dd42b209145ab56d10f580990380e25dcf9e2fbe9,0,0,256,256,ouyang_xun,kaishu,false,approved,刘小凡,2026-07-27,Imported from 欧阳询-楷; source member: Calli-Tongji/欧阳询-楷/冈.png
1,ouyang_xun_regular_calli_tongji_beta:518a:fb1de01f4cb7,ouyang_xun_regular_calli_tongji_beta,冊,images/calli_tongji_beta/ouyang_xun_regular_calli_tongji_beta/冊_fb1de01f4cb7.png,official_open_dataset,https://www.modelscope.cn/datasets/CalliTongji/Calli-Tongji_A_Dataset_of_Historical_Calligraphy_Styles,CC-BY-NC-4.0,calli_tongji_beta,sha256:bae995df68a3469fe486939dd42b209145ab56d10f580990380e25dcf9e2fbe9,0,0,256,256,ouyang_xun,kaishu,false,approved,刘小凡,2026-07-27,Imported from 欧阳询-楷; source member: Calli-Tongji/欧阳询-楷/冊.png
1,ouyang_xun_regular_calli_tongji_beta:523a:dad6d6a0c22c,ouyang_xun_regular_calli_tongji_beta,刺,images/calli_tongji_beta/ouyang_xun_regular_calli_tongji_beta/刺_dad6d6a0c22c.png,official_open_dataset,https://www.modelscope.cn/datasets/CalliTongji/Calli-Tongji_A_Dataset_of_Historical_Calligraphy_Styles,CC-BY-NC-4.0,calli_tongji_beta,sha256:bae995df68a3469fe486939dd42b209145ab56d10f580990380e25dcf9e2fbe9,0,0,256,256,ouyang_xun,kaishu,false,approved,刘小凡,2026-07-27,Imported from 欧阳询-楷; source member: Calli-Tongji/欧阳询-楷/刺.png
1,ouyang_xun_regular_calli_tongji_beta:5251:f635bc84cf6f,ouyang_xun_regular_calli_tongji_beta,剑,images/calli_tongji_beta/ouyang_xun_regular_calli_tongji_beta/剑_f635bc84cf6f.png,official_open_dataset,https://www.modelscope.cn/datasets/CalliTongji/Calli-Tongji_A_Dataset_of_Historical_Calligraphy_Styles,CC-BY-NC-4.0,calli_tongji_beta,sha256:bae995df68a3469fe486939dd42b209145ab56d10f580990380e25dcf9e2fbe9,0,0,256,256,ouyang_xun,kaishu,false,approved,刘小凡,2026-07-27,Imported from 欧阳询-楷; source member: Calli-Tongji/欧阳询-楷/剑.png
1,ouyang_xun_regular_calli_tongji_beta:5278:bdcb87adb816,ouyang_xun_regular_calli_tongji_beta,剸,images/calli_tongji_beta/ouyang_xun_regular_calli_tongji_beta/剸_bdcb87adb816.png,official_open_dataset,https://www.modelscope.cn/datasets/CalliTongji/Calli-Tongji_A_Dataset_of_Historical_Calligraphy_Styles,CC-BY-NC-4.0,calli_tongji_beta,sha256:bae995df68a3469fe486939dd42b209145ab56d10f580990380e25dcf9e2fbe9,0,0,256,256,ouyang_xun,kaishu,false,approved,刘小凡,2026-07-27,Imported from 欧阳询-楷; source member: Calli-Tongji/欧阳询-楷/剸.png
1,ouyang_xun_regular_calli_tongji_beta:529f:e1608551c499,ouyang_xun_regular_calli_tongji_beta,功,images/calli_tongji_beta/ouyang_xun_regular_calli_tongji_beta/功_e1608551c499.png,official_open_dataset,https://www.modelscope.cn/datasets/CalliTongji/Calli-Tongji_A_Dataset_of_Historical_Calligraphy_Styles,CC-BY-NC-4.0,calli_tongji_beta,sha256:bae995df68a3469fe486939dd42b209145ab56d10f580990380e25dcf9e2fbe9,0,0,256,256,ouyang_xun,kaishu,false,approved,刘小凡,2026-07-27,Imported from 欧阳询-楷; source member: Calli-Tongji/欧阳询-楷/功.png
1,ouyang_xun_regular_calli_tongji_beta:52c3:ae87962c0171,ouyang_xun_regular_calli_tongji_beta,勃,images/calli_tongji_beta/ouyang_xun_regular_calli_tongji_beta/勃_ae87962c0171.png,official_open_dataset,https://www.modelscope.cn/datasets/CalliTongji/Calli-Tongji_A_Dataset_of_Historical_Calligraphy_Styles,CC-BY-NC-4.0,calli_tongji_beta,sha256:bae995df68a3469fe486939dd42b209145ab56d10f580990380e25dcf9e2fbe9,0,0,256,256,ouyang_xun,kaishu,false,approved,刘小凡,2026-07-27,Imported from 欧阳询-楷; source member: Calli-Tongji/欧阳询-楷/勃.png
1,ouyang_xun_regular_calli_tongji_beta:52d1:00fe11b73412,ouyang_xun_regular_calli_tongji_beta,勑,images/calli_tongji_beta/ouyang_xun_regular_calli_tongji_beta/勑_00fe11b73412.png,official_open_dataset,https://www.modelscope.cn/datasets/CalliTongji/Calli-Tongji_A_Dataset_of_Historical_Calligraphy_Styles,CC-BY-NC-4.0,calli_tongji_beta,sha256:bae995df68a3469fe486939dd42b209145ab56d10f580990380e25dcf9e2fbe9,0,0,256,256,ouyang_xun,kaishu,false,approved,刘小凡,2026-07-27,Imported from 欧阳询-楷; source member: Calli-Tongji/欧阳询-楷/勑.png
1,ouyang_xun_regular_calli_tongji_beta:52d9:58c19f36a155,ouyang_xun_regular_calli_tongji_beta,務,images/calli_tongji_beta/ouyang_xun_regular_calli_tongji_beta/務_58c19f36a155.png,official_open_dataset,https://www.modelscope.cn/datasets/CalliTongji/Calli-Tongji_A_Dataset_of_Historical_Calligraphy_Styles,CC-BY-NC-4.0,calli_tongji_beta,sha256:bae995df68a3469fe486939dd42b209145ab56d10f580990380e25dcf9e2fbe9,0,0,256,256,ouyang_xun,kaishu,false,approved,刘小凡,2026-07-27,Imported from 欧阳询-楷; source member: Calli-Tongji/欧阳询-楷/務.png
1,ouyang_xun_regular_calli_tongji_beta:5321:5de6792da0a8,ouyang_xun_regular_calli_tongji_beta,匡,images/calli_tongji_beta/ouyang_xun_regular_calli_tongji_beta/匡_5de6792da0a8.png,official_open_dataset,https://www.modelscope.cn/datasets/CalliTongji/Calli-Tongji_A_Dataset_of_Historical_Calligraphy_Styles,CC-BY-NC-4.0,calli_tongji_beta,sha256:bae995df68a3469fe486939dd42b209145ab56d10f580990380e25dcf9e2fbe9,0,0,256,256,ouyang_xun,kaishu,false,approved,刘小凡,2026-07-27,Imported from 欧阳询-楷; source member: Calli-Tongji/欧阳询-楷/匡.png
1,ouyang_xun_regular_calli_tongji_beta:534f:a59e58f63b8b,ouyang_xun_regular_calli_tongji_beta,协,images/calli_tongji_beta/ouyang_xun_regular_calli_tongji_beta/协_a59e58f63b8b.png,official_open_dataset,https://www.modelscope.cn/datasets/CalliTongji/Calli-Tongji_A_Dataset_of_Historical_Calligraphy_Styles,CC-BY-NC-4.0,calli_tongji_beta,sha256:bae995df68a3469fe486939dd42b209145ab56d10f580990380e25dcf9e2fbe9,0,0,256,256,ouyang_xun,kaishu,false,approved,刘小凡,2026-07-27,Imported from 欧阳询-楷; source member: Calli-Tongji/欧阳询-楷/协.png
1,ouyang_xun_regular_calli_tongji_beta:5351:f76ca814960d,ouyang_xun_regular_calli_tongji_beta,卑,images/calli_tongji_beta/ouyang_xun_regular_calli_tongji_beta/卑_f76ca814960d.png,official_open_dataset,https://www.modelscope.cn/datasets/CalliTongji/Calli-Tongji_A_Dataset_of_Historical_Calligraphy_Styles,CC-BY-NC-4.0,calli_tongji_beta,sha256:bae995df68a3469fe486939dd42b209145ab56d10f580990380e25dcf9e2fbe9,0,0,256,256,ouyang_xun,kaishu,false,approved,刘小凡,2026-07-27,Imported from 欧阳询-楷; source member: Calli-Tongji/欧阳询-楷/卑.png
1,ouyang_xun_regular_calli_tongji_beta:5373:757a64cd4a6e,ouyang_xun_regular_calli_tongji_beta,即,images/calli_tongji_beta/ouyang_xun_regular_calli_tongji_beta/即_757a64cd4a6e.png,official_open_dataset,https://www.modelscope.cn/datasets/CalliTongji/Calli-Tongji_A_Dataset_of_Historical_Calligraphy_Styles,CC-BY-NC-4.0,calli_tongji_beta,sha256:bae995df68a3469fe486939dd42b209145ab56d10f580990380e25dcf9e2fbe9,0,0,256,256,ouyang_xun,kaishu,false,approved,刘小凡,2026-07-27,Imported from 欧阳询-楷; source member: Calli-Tongji/欧阳询-楷/即.png
1,ouyang_xun_regular_calli_tongji_beta:538c:b8dfd11a5647,ouyang_xun_regular_calli_tongji_beta,厌,images/calli_tongji_beta/ouyang_xun_regular_calli_tongji_beta/厌_b8dfd11a5647.png,official_open_dataset,https://www.modelscope.cn/datasets/CalliTongji/Calli-Tongji_A_Dataset_of_Historical_Calligraphy_Styles,CC-BY-NC-4.0,calli_tongji_beta,sha256:bae995df68a3469fe486939dd42b209145ab56d10f580990380e25dcf9e2fbe9,0,0,256,256,ouyang_xun,kaishu,false,approved,刘小凡,2026-07-27,Imported from 欧阳询-楷; source member: Calli-Tongji/欧阳询-楷/厌.png
1,ouyang_xun_regular_calli_tongji_beta:53c2:bbb93a38255f,ouyang_xun_regular_calli_tongji_beta,参,images/calli_tongji_beta/ouyang_xun_regular_calli_tongji_beta/参_bbb93a38255f.png,official_open_dataset,https://www.modelscope.cn/datasets/CalliTongji/Calli-Tongji_A_Dataset_of_Historical_Calligraphy_Styles,CC-BY-NC-4.0,calli_tongji_beta,sha256:bae995df68a3469fe486939dd42b209145ab56d10f580990380e25dcf9e2fbe9,0,0,256,256,ouyang_xun,kaishu,false,approved,刘小凡,2026-07-27,Imported from 欧阳询-楷; source member: Calli-Tongji/欧阳询-楷/参.png
1,ouyang_xun_regular_calli_tongji_beta:53da:190edcbb156c,ouyang_xun_regular_calli_tongji_beta,叚,images/calli_tongji_beta/ouyang_xun_regular_calli_tongji_beta/叚_190edcbb156c.png,official_open_dataset,https://www.modelscope.cn/datasets/CalliTongji/Calli-Tongji_A_Dataset_of_Historical_Calligraphy_Styles,CC-BY-NC-4.0,calli_tongji_beta,sha256:bae995df68a3469fe486939dd42b209145ab56d10f580990380e25dcf9e2fbe9,0,0,256,256,ouyang_xun,kaishu,false,approved,刘小凡,2026-07-27,Imported from 欧阳询-楷; source member: Calli-Tongji/欧阳询-楷/叚.png
1,ouyang_xun_regular_calli_tongji_beta:541e:21c39fb8e65a,ouyang_xun_regular_calli_tongji_beta,吞,images/calli_tongji_beta/ouyang_xun_regular_calli_tongji_beta/吞_21c39fb8e65a.png,official_open_dataset,https://www.modelscope.cn/datasets/CalliTongji/Calli-Tongji_A_Dataset_of_Historical_Calligraphy_Styles,CC-BY-NC-4.0,calli_tongji_beta,sha256:bae995df68a3469fe486939dd42b209145ab56d10f580990380e25dcf9e2fbe9,0,0,256,256,ouyang_xun,kaishu,false,approved,刘小凡,2026-07-27,Imported from 欧阳询-楷; source member: Calli-Tongji/欧阳询-楷/吞.png
1,ouyang_xun_regular_calli_tongji_beta:542f:cfac7c58512c,ouyang_xun_regular_calli_tongji_beta,启,images/calli_tongji_beta/ouyang_xun_regular_calli_tongji_beta/启_cfac7c58512c.png,official_open_dataset,https://www.modelscope.cn/datasets/CalliTongji/Calli-Tongji_A_Dataset_of_Historical_Calligraphy_Styles,CC-BY-NC-4.0,calli_tongji_beta,sha256:bae995df68a3469fe486939dd42b209145ab56d10f580990380e25dcf9e2fbe9,0,0,256,256,ouyang_xun,kaishu,false,approved,刘小凡,2026-07-27,Imported from 欧阳询-楷; source member: Calli-Tongji/欧阳询-楷/启.png
1,ouyang_xun_regular_calli_tongji_beta:5434:8a2c8ea3357b,ouyang_xun_regular_calli_tongji_beta,吴,images/calli_tongji_beta/ouyang_xun_regular_calli_tongji_beta/吴_8a2c8ea3357b.png,official_open_dataset,https://www.modelscope.cn/datasets/CalliTongji/Calli-Tongji_A_Dataset_of_Historical_Calligraphy_Styles,CC-BY-NC-4.0,calli_tongji_beta,sha256:bae995df68a3469fe486939dd42b209145ab56d10f580990380e25dcf9e2fbe9,0,0,256,256,ouyang_xun,kaishu,false,approved,刘小凡,2026-07-27,Imported from 欧阳询-楷; source member: Calli-Tongji/欧阳询-楷/吴.png
1,ouyang_xun_regular_calli_tongji_beta:5435:604397a5f2a1,ouyang_xun_regular_calli_tongji_beta,吵,images/calli_tongji_beta/ouyang_xun_regular_calli_tongji_beta/吵_604397a5f2a1.png,official_open_dataset,https://www.modelscope.cn/datasets/CalliTongji/Calli-Tongji_A_Dataset_of_Historical_Calligraphy_Styles,CC-BY-NC-4.0,calli_tongji_beta,sha256:bae995df68a3469fe486939dd42b209145ab56d10f580990380e25dcf9e2fbe9,0,0,256,256,ouyang_xun,kaishu,false,approved,刘小凡,2026-07-27,Imported from 欧阳询-楷; source member: Calli-Tongji/欧阳询-楷/吵.png
1,ouyang_xun_regular_calli_tongji_beta:5448:bf855f85b622,ouyang_xun_regular_calli_tongji_beta,呈,images/calli_tongji_beta/ouyang_xun_regular_calli_tongji_beta/呈_bf855f85b622.png,official_open_dataset,https://www.modelscope.cn/datasets/CalliTongji/Calli-Tongji_A_Dataset_of_Historical_Calligraphy_Styles,CC-BY-NC-4.0,calli_tongji_beta,sha256:bae995df68a3469fe486939dd42b209145ab56d10f580990380e25dcf9e2fbe9,0,0,256,256,ouyang_xun,kaishu,false,approved,刘小凡,2026-07-27,Imported from 欧阳询-楷; source member: Calli-Tongji/欧阳询-楷/呈.png
1,ouyang_xun_regular_calli_tongji_beta:54a8:1774c2cfd18a,ouyang_xun_regular_calli_tongji_beta,咨,images/calli_tongji_beta/ouyang_xun_regular_calli_tongji_beta/咨_1774c2cfd18a.png,official_open_dataset,https://www.modelscope.cn/datasets/CalliTongji/Calli-Tongji_A_Dataset_of_Historical_Calligraphy_Styles,CC-BY-NC-4.0,calli_tongji_beta,sha256:bae995df68a3469fe486939dd42b209145ab56d10f580990380e25dcf9e2fbe9,0,0,256,256,ouyang_xun,kaishu,false,approved,刘小凡,2026-07-27,Imported from 欧阳询-楷; source member: Calli-Tongji/欧阳询-楷/咨.png
1,ouyang_xun_regular_calli_tongji_beta:54e9:c255d205da6c,ouyang_xun_regular_calli_tongji_beta,哩,images/calli_tongji_beta/ouyang_xun_regular_calli_tongji_beta/哩_c255d205da6c.png,official_open_dataset,https://www.modelscope.cn/datasets/CalliTongji/Calli-Tongji_A_Dataset_of_Historical_Calligraphy_Styles,CC-BY-NC-4.0,calli_tongji_beta,sha256:bae995df68a3469fe486939dd42b209145ab56d10f580990380e25dcf9e2fbe9,0,0,256,256,ouyang_xun,kaishu,false,approved,刘小凡,2026-07-27,Imported from 欧阳询-楷; source member: Calli-Tongji/欧阳询-楷/哩.png
1,ouyang_xun_regular_calli_tongji_beta:5531:7a51d672fb4e,ouyang_xun_regular_calli_tongji_beta,唱,images/calli_tongji_beta/ouyang_xun_regular_calli_tongji_beta/唱_7a51d672fb4e.png,official_open_dataset,https://www.modelscope.cn/datasets/CalliTongji/Calli-Tongji_A_Dataset_of_Historical_Calligraphy_Styles,CC-BY-NC-4.0,calli_tongji_beta,sha256:bae995df68a3469fe486939dd42b209145ab56d10f580990380e25dcf9e2fbe9,0,0,256,256,ouyang_xun,kaishu,false,approved,刘小凡,2026-07-27,Imported from 欧阳询-楷; source member: Calli-Tongji/欧阳询-楷/唱.png
1,ouyang_xun_regular_calli_tongji_beta:555f:b67392f94cb6,ouyang_xun_regular_calli_tongji_beta,啟,images/calli_tongji_beta/ouyang_xun_regular_calli_tongji_beta/啟_b67392f94cb6.png,official_open_dataset,https://www.modelscope.cn/datasets/CalliTongji/Calli-Tongji_A_Dataset_of_Historical_Calligraphy_Styles,CC-BY-NC-4.0,calli_tongji_beta,sha256:bae995df68a3469fe486939dd42b209145ab56d10f580990380e25dcf9e2fbe9,0,0,256,256,ouyang_xun,kaishu,false,approved,刘小凡,2026-07-27,Imported from 欧阳询-楷; source member: Calli-Tongji/欧阳询-楷/啟.png
1,ouyang_xun_regular_calli_tongji_beta:557e:f99b59242c71,ouyang_xun_regular_calli_tongji_beta,啾,images/calli_tongji_beta/ouyang_xun_regular_calli_tongji_beta/啾_f99b59242c71.png,official_open_dataset,https://www.modelscope.cn/datasets/CalliTongji/Calli-Tongji_A_Dataset_of_Historical_Calligraphy_Styles,CC-BY-NC-4.0,calli_tongji_beta,sha256:bae995df68a3469fe486939dd42b209145ab56d10f580990380e25dcf9e2fbe9,0,0,256,256,ouyang_xun,kaishu,false,approved,刘小凡,2026-07-27,Imported from 欧阳询-楷; source member: Calli-Tongji/欧阳询-楷/啾.png
1,ouyang_xun_regular_calli_tongji_beta:559d:fc944d591db9,ouyang_xun_regular_calli_tongji_beta,喝,images/calli_tongji_beta/ouyang_xun_regular_calli_tongji_beta/喝_fc944d591db9.png,official_open_dataset,https://www.modelscope.cn/datasets/CalliTongji/Calli-Tongji_A_Dataset_of_Historical_Calligraphy_Styles,CC-BY-NC-4.0,calli_tongji_beta,sha256:bae995df68a3469fe486939dd42b209145ab56d10f580990380e25dcf9e2fbe9,0,0,256,256,ouyang_xun,kaishu,false,approved,刘小凡,2026-07-27,Imported from 欧阳询-楷; source member: Calli-Tongji/欧阳询-楷/喝.png
1,ouyang_xun_regular_calli_tongji_beta:5706:45b47e692643,ouyang_xun_regular_calli_tongji_beta,圆,images/calli_tongji_beta/ouyang_xun_regular_calli_tongji_beta/圆_45b47e692643.png,official_open_dataset,https://www.modelscope.cn/datasets/CalliTongji/Calli-Tongji_A_Dataset_of_Historical_Calligraphy_Styles,CC-BY-NC-4.0,calli_tongji_beta,sha256:bae995df68a3469fe486939dd42b209145ab56d10f580990380e25dcf9e2fbe9,0,0,256,256,ouyang_xun,kaishu,false,approved,刘小凡,2026-07-27,Imported from 欧阳询-楷; source member: Calli-Tongji/欧阳询-楷/圆.png
1,ouyang_xun_regular_calli_tongji_beta:5712:3051081ac100,ouyang_xun_regular_calli_tongji_beta,園,images/calli_tongji_beta/ouyang_xun_regular_calli_tongji_beta/園_3051081ac100.png,official_open_dataset,https://www.modelscope.cn/datasets/CalliTongji/Calli-Tongji_A_Dataset_of_Historical_Calligraphy_Styles,CC-BY-NC-4.0,calli_tongji_beta,sha256:bae995df68a3469fe486939dd42b209145ab56d10f580990380e25dcf9e2fbe9,0,0,256,256,ouyang_xun,kaishu,false,approved,刘小凡,2026-07-27,Imported from 欧阳询-楷; source member: Calli-Tongji/欧阳询-楷/園.png
1,ouyang_xun_regular_calli_tongji_beta:574f:d932e2a84479,ouyang_xun_regular_calli_tongji_beta,坏,images/calli_tongji_beta/ouyang_xun_regular_calli_tongji_beta/坏_d932e2a84479.png,official_open_dataset,https://www.modelscope.cn/datasets/CalliTongji/Calli-Tongji_A_Dataset_of_Historical_Calligraphy_Styles,CC-BY-NC-4.0,calli_tongji_beta,sha256:bae995df68a3469fe486939dd42b209145ab56d10f580990380e25dcf9e2fbe9,0,0,256,256,ouyang_xun,kaishu,false,approved,刘小凡,2026-07-27,Imported from 欧阳询-楷; source member: Calli-Tongji/欧阳询-楷/坏.png
1,ouyang_xun_regular_calli_tongji_beta:575a:649af7076747,ouyang_xun_regular_calli_tongji_beta,坚,images/calli_tongji_beta/ouyang_xun_regular_calli_tongji_beta/坚_649af7076747.png,official_open_dataset,https://www.modelscope.cn/datasets/CalliTongji/Calli-Tongji_A_Dataset_of_Historical_Calligraphy_Styles,CC-BY-NC-4.0,calli_tongji_beta,sha256:bae995df68a3469fe486939dd42b209145ab56d10f580990380e25dcf9e2fbe9,0,0,256,256,ouyang_xun,kaishu,false,approved,刘小凡,2026-07-27,Imported from 欧阳询-楷; source member: Calli-Tongji/欧阳询-楷/坚.png
1,ouyang_xun_regular_calli_tongji_beta:57a3:1a8d0aa28eeb,ouyang_xun_regular_calli_tongji_beta,垣,images/calli_tongji_beta/ouyang_xun_regular_calli_tongji_beta/垣_1a8d0aa28eeb.png,official_open_dataset,https://www.modelscope.cn/datasets/CalliTongji/Calli-Tongji_A_Dataset_of_Historical_Calligraphy_Styles,CC-BY-NC-4.0,calli_tongji_beta,sha256:bae995df68a3469fe486939dd42b209145ab56d10f580990380e25dcf9e2fbe9,0,0,256,256,ouyang_xun,kaishu,false,approved,刘小凡,2026-07-27,Imported from 欧阳询-楷; source member: Calli-Tongji/欧阳询-楷/垣.png
1,ouyang_xun_regular_calli_tongji_beta:592a:e9266fe846e0,ouyang_xun_regular_calli_tongji_beta,太,images/calli_tongji_beta/ouyang_xun_regular_calli_tongji_beta/太_e9266fe846e0.png,official_open_dataset,https://www.modelscope.cn/datasets/CalliTongji/Calli-Tongji_A_Dataset_of_Historical_Calligraphy_Styles,CC-BY-NC-4.0,calli_tongji_beta,sha256:bae995df68a3469fe486939dd42b209145ab56d10f580990380e25dcf9e2fbe9,0,0,256,256,ouyang_xun,kaishu,false,approved,刘小凡,2026-07-27,Imported from 欧阳询-楷; source member: Calli-Tongji/欧阳询-楷/太.png
1,ouyang_xun_regular_calli_tongji_beta:5992:0ff3c38fa4b2,ouyang_xun_regular_calli_tongji_beta,妒,images/calli_tongji_beta/ouyang_xun_regular_calli_tongji_beta/妒_0ff3c38fa4b2.png,official_open_dataset,https://www.modelscope.cn/datasets/CalliTongji/Calli-Tongji_A_Dataset_of_Historical_Calligraphy_Styles,CC-BY-NC-4.0,calli_tongji_beta,sha256:bae995df68a3469fe486939dd42b209145ab56d10f580990380e25dcf9e2fbe9,0,0,256,256,ouyang_xun,kaishu,false,approved,刘小凡,2026-07-27,Imported from 欧阳询-楷; source member: Calli-Tongji/欧阳询-楷/妒.png
1,ouyang_xun_regular_calli_tongji_beta:59d1:3601ddc09f9b,ouyang_xun_regular_calli_tongji_beta,姑,images/calli_tongji_beta/ouyang_xun_regular_calli_tongji_beta/姑_3601ddc09f9b.png,official_open_dataset,https://www.modelscope.cn/datasets/CalliTongji/Calli-Tongji_A_Dataset_of_Historical_Calligraphy_Styles,CC-BY-NC-4.0,calli_tongji_beta,sha256:bae995df68a3469fe486939dd42b209145ab56d10f580990380e25dcf9e2fbe9,0,0,256,256,ouyang_xun,kaishu,false,approved,刘小凡,2026-07-27,Imported from 欧阳询-楷; source member: Calli-Tongji/欧阳询-楷/姑.png
1,ouyang_xun_regular_calli_tongji_beta:59e3:00be4780a197,ouyang_xun_regular_calli_tongji_beta,姣,images/calli_tongji_beta/ouyang_xun_regular_calli_tongji_beta/姣_00be4780a197.png,official_open_dataset,https://www.modelscope.cn/datasets/CalliTongji/Calli-Tongji_A_Dataset_of_Historical_Calligraphy_Styles,CC-BY-NC-4.0,calli_tongji_beta,sha256:bae995df68a3469fe486939dd42b209145ab56d10f580990380e25dcf9e2fbe9,0,0,256,256,ouyang_xun,kaishu,false,approved,刘小凡,2026-07-27,Imported from 欧阳询-楷; source member: Calli-Tongji/欧阳询-楷/姣.png
1,ouyang_xun_regular_calli_tongji_beta:5a66:706fe0c99b36,ouyang_xun_regular_calli_tongji_beta,婦,images/calli_tongji_beta/ouyang_xun_regular_calli_tongji_beta/婦_706fe0c99b36.png,official_open_dataset,https://www.modelscope.cn/datasets/CalliTongji/Calli-Tongji_A_Dataset_of_Historical_Calligraphy_Styles,CC-BY-NC-4.0,calli_tongji_beta,sha256:bae995df68a3469fe486939dd42b209145ab56d10f580990380e25dcf9e2fbe9,0,0,256,256,ouyang_xun,kaishu,false,approved,刘小凡,2026-07-27,Imported from 欧阳询-楷; source member: Calli-Tongji/欧阳询-楷/婦.png
1,ouyang_xun_regular_calli_tongji_beta:5aaf:4efe100af4c5,ouyang_xun_regular_calli_tongji_beta,媯,images/calli_tongji_beta/ouyang_xun_regular_calli_tongji_beta/媯_4efe100af4c5.png,official_open_dataset,https://www.modelscope.cn/datasets/CalliTongji/Calli-Tongji_A_Dataset_of_Historical_Calligraphy_Styles,CC-BY-NC-4.0,calli_tongji_beta,sha256:bae995df68a3469fe486939dd42b209145ab56d10f580990380e25dcf9e2fbe9,0,0,256,256,ouyang_xun,kaishu,false,approved,刘小凡,2026-07-27,Imported from 欧阳询-楷; source member: Calli-Tongji/欧阳询-楷/媯.png
1,ouyang_xun_regular_calli_tongji_beta:5ad4:20ea75bd9a8d,ouyang_xun_regular_calli_tongji_beta,嫔,images/calli_tongji_beta/ouyang_xun_regular_calli_tongji_beta/嫔_20ea75bd9a8d.png,official_open_dataset,https://www.modelscope.cn/datasets/CalliTongji/Calli-Tongji_A_Dataset_of_Historical_Calligraphy_Styles,CC-BY-NC-4.0,calli_tongji_beta,sha256:bae995df68a3469fe486939dd42b209145ab56d10f580990380e25dcf9e2fbe9,0,0,256,256,ouyang_xun,kaishu,false,approved,刘小凡,2026-07-27,Imported from 欧阳询-楷; source member: Calli-Tongji/欧阳询-楷/嫔.png
1,ouyang_xun_regular_calli_tongji_beta:5b58:3bf185e35ccd,ouyang_xun_regular_calli_tongji_beta,存,images/calli_tongji_beta/ouyang_xun_regular_calli_tongji_beta/存_3bf185e35ccd.png,official_open_dataset,https://www.modelscope.cn/datasets/CalliTongji/Calli-Tongji_A_Dataset_of_Historical_Calligraphy_Styles,CC-BY-NC-4.0,calli_tongji_beta,sha256:bae995df68a3469fe486939dd42b209145ab56d10f580990380e25dcf9e2fbe9,0,0,256,256,ouyang_xun,kaishu,false,approved,刘小凡,2026-07-27,Imported from 欧阳询-楷; source member: Calli-Tongji/欧阳询-楷/存.png
1,ouyang_xun_regular_calli_tongji_beta:5b5c:8d88c414656d,ouyang_xun_regular_calli_tongji_beta,孜,images/calli_tongji_beta/ouyang_xun_regular_calli_tongji_beta/孜_8d88c414656d.png,official_open_dataset,https://www.modelscope.cn/datasets/CalliTongji/Calli-Tongji_A_Dataset_of_Historical_Calligraphy_Styles,CC-BY-NC-4.0,calli_tongji_beta,sha256:bae995df68a3469fe486939dd42b209145ab56d10f580990380e25dcf9e2fbe9,0,0,256,256,ouyang_xun,kaishu,false,approved,刘小凡,2026-07-27,Imported from 欧阳询-楷; source member: Calli-Tongji/欧阳询-楷/孜.png
1,ouyang_xun_regular_calli_tongji_beta:5b87:728c22a2d635,ouyang_xun_regular_calli_tongji_beta,宇,images/calli_tongji_beta/ouyang_xun_regular_calli_tongji_beta/宇_728c22a2d635.png,official_open_dataset,https://www.modelscope.cn/datasets/CalliTongji/Calli-Tongji_A_Dataset_of_Historical_Calligraphy_Styles,CC-BY-NC-4.0,calli_tongji_beta,sha256:bae995df68a3469fe486939dd42b209145ab56d10f580990380e25dcf9e2fbe9,0,0,256,256,ouyang_xun,kaishu,false,approved,刘小凡,2026-07-27,Imported from 欧阳询-楷; source member: Calli-Tongji/欧阳询-楷/宇.png
1,ouyang_xun_regular_calli_tongji_beta:5bbd:8802fd2c062f,ouyang_xun_regular_calli_tongji_beta,宽,images/calli_tongji_beta/ouyang_xun_regular_calli_tongji_beta/宽_8802fd2c062f.png,official_open_dataset,https://www.modelscope.cn/datasets/CalliTongji/Calli-Tongji_A_Dataset_of_Historical_Calligraphy_Styles,CC-BY-NC-4.0,calli_tongji_beta,sha256:bae995df68a3469fe486939dd42b209145ab56d10f580990380e25dcf9e2fbe9,0,0,256,256,ouyang_xun,kaishu,false,approved,刘小凡,2026-07-27,Imported from 欧阳询-楷; source member: Calli-Tongji/欧阳询-楷/宽.png
1,ouyang_xun_regular_calli_tongji_beta:5bc2:b725b4fba03a,ouyang_xun_regular_calli_tongji_beta,寂,images/calli_tongji_beta/ouyang_xun_regular_calli_tongji_beta/寂_b725b4fba03a.png,official_open_dataset,https://www.modelscope.cn/datasets/CalliTongji/Calli-Tongji_A_Dataset_of_Historical_Calligraphy_Styles,CC-BY-NC-4.0,calli_tongji_beta,sha256:bae995df68a3469fe486939dd42b209145ab56d10f580990380e25dcf9e2fbe9,0,0,256,256,ouyang_xun,kaishu,false,approved,刘小凡,2026-07-27,Imported from 欧阳询-楷; source member: Calli-Tongji/欧阳询-楷/寂.png
1,ouyang_xun_regular_calli_tongji_beta:5be5:351d32647f4c,ouyang_xun_regular_calli_tongji_beta,寥,images/calli_tongji_beta/ouyang_xun_regular_calli_tongji_beta/寥_351d32647f4c.png,official_open_dataset,https://www.modelscope.cn/datasets/CalliTongji/Calli-Tongji_A_Dataset_of_Historical_Calligraphy_Styles,CC-BY-NC-4.0,calli_tongji_beta,sha256:bae995df68a3469fe486939dd42b209145ab56d10f580990380e25dcf9e2fbe9,0,0,256,256,ouyang_xun,kaishu,false,approved,刘小凡,2026-07-27,Imported from 欧阳询-楷; source member: Calli-Tongji/欧阳询-楷/寥.png
1,ouyang_xun_regular_calli_tongji_beta:5bf5:f5a9407ff905,ouyang_xun_regular_calli_tongji_beta,寵,images/calli_tongji_beta/ouyang_xun_regular_calli_tongji_beta/寵_f5a9407ff905.png,official_open_dataset,https://www.modelscope.cn/datasets/CalliTongji/Calli-Tongji_A_Dataset_of_Historical_Calligraphy_Styles,CC-BY-NC-4.0,calli_tongji_beta,sha256:bae995df68a3469fe486939dd42b209145ab56d10f580990380e25dcf9e2fbe9,0,0,256,256,ouyang_xun,kaishu,false,approved,刘小凡,2026-07-27,Imported from 欧阳询-楷; source member: Calli-Tongji/欧阳询-楷/寵.png
1,ouyang_xun_regular_calli_tongji_beta:5c09:024c3d10ca10,ouyang_xun_regular_calli_tongji_beta,尉,images/calli_tongji_beta/ouyang_xun_regular_calli_tongji_beta/尉_024c3d10ca10.png,official_open_dataset,https://www.modelscope.cn/datasets/CalliTongji/Calli-Tongji_A_Dataset_of_Historical_Calligraphy_Styles,CC-BY-NC-4.0,calli_tongji_beta,sha256:bae995df68a3469fe486939dd42b209145ab56d10f580990380e25dcf9e2fbe9,0,0,256,256,ouyang_xun,kaishu,false,approved,刘小凡,2026-07-27,Imported from 欧阳询-楷; source member: Calli-Tongji/欧阳询-楷/尉.png
1,ouyang_xun_regular_calli_tongji_beta:5c3a:b6f152504919,ouyang_xun_regular_calli_tongji_beta,尺,images/calli_tongji_beta/ouyang_xun_regular_calli_tongji_beta/尺_b6f152504919.png,official_open_dataset,https://www.modelscope.cn/datasets/CalliTongji/Calli-Tongji_A_Dataset_of_Historical_Calligraphy_Styles,CC-BY-NC-4.0,calli_tongji_beta,sha256:bae995df68a3469fe486939dd42b209145ab56d10f580990380e25dcf9e2fbe9,0,0,256,256,ouyang_xun,kaishu,false,approved,刘小凡,2026-07-27,Imported from 欧阳询-楷; source member: Calli-Tongji/欧阳询-楷/尺.png
1,ouyang_xun_regular_calli_tongji_beta:5c4a:a8fd61eebd4f,ouyang_xun_regular_calli_tongji_beta,届,images/calli_tongji_beta/ouyang_xun_regular_calli_tongji_beta/届_a8fd61eebd4f.png,official_open_dataset,https://www.modelscope.cn/datasets/CalliTongji/Calli-Tongji_A_Dataset_of_Historical_Calligraphy_Styles,CC-BY-NC-4.0,calli_tongji_beta,sha256:bae995df68a3469fe486939dd42b209145ab56d10f580990380e25dcf9e2fbe9,0,0,256,256,ouyang_xun,kaishu,false,approved,刘小凡,2026-07-27,Imported from 欧阳询-楷; source member: Calli-Tongji/欧阳询-楷/届.png
1,ouyang_xun_regular_calli_tongji_beta:5cad:95e259634edd,ouyang_xun_regular_calli_tongji_beta,岭,images/calli_tongji_beta/ouyang_xun_regular_calli_tongji_beta/岭_95e259634edd.png,official_open_dataset,https://www.modelscope.cn/datasets/CalliTongji/Calli-Tongji_A_Dataset_of_Historical_Calligraphy_Styles,CC-BY-NC-4.0,calli_tongji_beta,sha256:bae995df68a3469fe486939dd42b209145ab56d10f580990380e25dcf9e2fbe9,0,0,256,256,ouyang_xun,kaishu,false,approved,刘小凡,2026-07-27,Imported from 欧阳询-楷; source member: Calli-Tongji/欧阳询-楷/岭.png
1,ouyang_xun_regular_calli_tongji_beta:5d47:e84fa03684ac,ouyang_xun_regular_calli_tongji_beta,嵇,images/calli_tongji_beta/ouyang_xun_regular_calli_tongji_beta/嵇_e84fa03684ac.png,official_open_dataset,https://www.modelscope.cn/datasets/CalliTongji/Calli-Tongji_A_Dataset_of_Historical_Calligraphy_Styles,CC-BY-NC-4.0,calli_tongji_beta,sha256:bae995df68a3469fe486939dd42b209145ab56d10f580990380e25dcf9e2fbe9,0,0,256,256,ouyang_xun,kaishu,false,approved,刘小凡,2026-07-27,Imported from 欧阳询-楷; source member: Calli-Tongji/欧阳询-楷/嵇.png
1,ouyang_xun_regular_calli_tongji_beta:5d57:96594b4f1bf4,ouyang_xun_regular_calli_tongji_beta,嵗,images/calli_tongji_beta/ouyang_xun_regular_calli_tongji_beta/嵗_96594b4f1bf4.png,official_open_dataset,https://www.modelscope.cn/datasets/CalliTongji/Calli-Tongji_A_Dataset_of_Historical_Calligraphy_Styles,CC-BY-NC-4.0,calli_tongji_beta,sha256:bae995df68a3469fe486939dd42b209145ab56d10f580990380e25dcf9e2fbe9,0,0,256,256,ouyang_xun,kaishu,false,approved,刘小凡,2026-07-27,Imported from 欧阳询-楷; source member: Calli-Tongji/欧阳询-楷/嵗.png
1,ouyang_xun_regular_calli_tongji_beta:5dee:d2094f77001a,ouyang_xun_regular_calli_tongji_beta,差,images/calli_tongji_beta/ouyang_xun_regular_calli_tongji_beta/差_d2094f77001a.png,official_open_dataset,https://www.modelscope.cn/datasets/CalliTongji/Calli-Tongji_A_Dataset_of_Historical_Calligraphy_Styles,CC-BY-NC-4.0,calli_tongji_beta,sha256:bae995df68a3469fe486939dd42b209145ab56d10f580990380e25dcf9e2fbe9,0,0,256,256,ouyang_xun,kaishu,false,approved,刘小凡,2026-07-27,Imported from 欧阳询-楷; source member: Calli-Tongji/欧阳询-楷/差.png
1,ouyang_xun_regular_calli_tongji_beta:5e02:ff69c17ea61d,ouyang_xun_regular_calli_tongji_beta,市,images/calli_tongji_beta/ouyang_xun_regular_calli_tongji_beta/市_ff69c17ea61d.png,official_open_dataset,https://www.modelscope.cn/datasets/CalliTongji/Calli-Tongji_A_Dataset_of_Historical_Calligraphy_Styles,CC-BY-NC-4.0,calli_tongji_beta,sha256:bae995df68a3469fe486939dd42b209145ab56d10f580990380e25dcf9e2fbe9,0,0,256,256,ouyang_xun,kaishu,false,approved,刘小凡,2026-07-27,Imported from 欧阳询-楷; source member: Calli-Tongji/欧阳询-楷/市.png
1,ouyang_xun_regular_calli_tongji_beta:5e7f:1e1ca7f0677b,ouyang_xun_regular_calli_tongji_beta,广,images/calli_tongji_beta/ouyang_xun_regular_calli_tongji_beta/广_1e1ca7f0677b.png,official_open_dataset,https://www.modelscope.cn/datasets/CalliTongji/Calli-Tongji_A_Dataset_of_Historical_Calligraphy_Styles,CC-BY-NC-4.0,calli_tongji_beta,sha256:bae995df68a3469fe486939dd42b209145ab56d10f580990380e25dcf9e2fbe9,0,0,256,256,ouyang_xun,kaishu,false,approved,刘小凡,2026-07-27,Imported from 欧阳询-楷; source member: Calli-Tongji/欧阳询-楷/广.png
1,ouyang_xun_regular_calli_tongji_beta:5e8a:e9f41f9dfcdf,ouyang_xun_regular_calli_tongji_beta,床,images/calli_tongji_beta/ouyang_xun_regular_calli_tongji_beta/床_e9f41f9dfcdf.png,official_open_dataset,https://www.modelscope.cn/datasets/CalliTongji/Calli-Tongji_A_Dataset_of_Historical_Calligraphy_Styles,CC-BY-NC-4.0,calli_tongji_beta,sha256:bae995df68a3469fe486939dd42b209145ab56d10f580990380e25dcf9e2fbe9,0,0,256,256,ouyang_xun,kaishu,false,approved,刘小凡,2026-07-27,Imported from 欧阳询-楷; source member: Calli-Tongji/欧阳询-楷/床.png
1,ouyang_xun_regular_calli_tongji_beta:5e94:d832d5d5de9d,ouyang_xun_regular_calli_tongji_beta,应,images/calli_tongji_beta/ouyang_xun_regular_calli_tongji_beta/应_d832d5d5de9d.png,official_open_dataset,https://www.modelscope.cn/datasets/CalliTongji/Calli-Tongji_A_Dataset_of_Historical_Calligraphy_Styles,CC-BY-NC-4.0,calli_tongji_beta,sha256:bae995df68a3469fe486939dd42b209145ab56d10f580990380e25dcf9e2fbe9,0,0,256,256,ouyang_xun,kaishu,false,approved,刘小凡,2026-07-27,Imported from 欧阳询-楷; source member: Calli-Tongji/欧阳询-楷/应.png
1,ouyang_xun_regular_calli_tongji_beta:5ea2:10ff481f3f2a,ouyang_xun_regular_calli_tongji_beta,庢,images/calli_tongji_beta/ouyang_xun_regular_calli_tongji_beta/庢_10ff481f3f2a.png,official_open_dataset,https://www.modelscope.cn/datasets/CalliTongji/Calli-Tongji_A_Dataset_of_Historical_Calligraphy_Styles,CC-BY-NC-4.0,calli_tongji_beta,sha256:bae995df68a3469fe486939dd42b209145ab56d10f580990380e25dcf9e2fbe9,0,0,256,256,ouyang_xun,kaishu,false,approved,刘小凡,2026-07-27,Imported from 欧阳询-楷; source member: Calli-Tongji/欧阳询-楷/庢.png
1,ouyang_xun_regular_calli_tongji_beta:5eb8:bf553b44d6c9,ouyang_xun_regular_calli_tongji_beta,庸,images/calli_tongji_beta/ouyang_xun_regular_calli_tongji_beta/庸_bf553b44d6c9.png,official_open_dataset,https://www.modelscope.cn/datasets/CalliTongji/Calli-Tongji_A_Dataset_of_Historical_Calligraphy_Styles,CC-BY-NC-4.0,calli_tongji_beta,sha256:bae995df68a3469fe486939dd42b209145ab56d10f580990380e25dcf9e2fbe9,0,0,256,256,ouyang_xun,kaishu,false,approved,刘小凡,2026-07-27,Imported from 欧阳询-楷; source member: Calli-Tongji/欧阳询-楷/庸.png
1,ouyang_xun_regular_calli_tongji_beta:5ee3:83c9d18aacff,ouyang_xun_regular_calli_tongji_beta,廣,images/calli_tongji_beta/ouyang_xun_regular_calli_tongji_beta/廣_83c9d18aacff.png,official_open_dataset,https://www.modelscope.cn/datasets/CalliTongji/Calli-Tongji_A_Dataset_of_Historical_Calligraphy_Styles,CC-BY-NC-4.0,calli_tongji_beta,sha256:bae995df68a3469fe486939dd42b209145ab56d10f580990380e25dcf9e2fbe9,0,0,256,256,ouyang_xun,kaishu,false,approved,刘小凡,2026-07-27,Imported from 欧阳询-楷; source member: Calli-Tongji/欧阳询-楷/廣.png
1,ouyang_xun_regular_calli_tongji_beta:5ef7:4498f5aff923,ouyang_xun_regular_calli_tongji_beta,廷,images/calli_tongji_beta/ouyang_xun_regular_calli_tongji_beta/廷_4498f5aff923.png,official_open_dataset,https://www.modelscope.cn/datasets/CalliTongji/Calli-Tongji_A_Dataset_of_Historical_Calligraphy_Styles,CC-BY-NC-4.0,calli_tongji_beta,sha256:bae995df68a3469fe486939dd42b209145ab56d10f580990380e25dcf9e2fbe9,0,0,256,256,ouyang_xun,kaishu,false,approved,刘小凡,2026-07-27,Imported from 欧阳询-楷; source member: Calli-Tongji/欧阳询-楷/廷.png
1,ouyang_xun_regular_calli_tongji_beta:5f03:ee9266a09dd9,ouyang_xun_regular_calli_tongji_beta,弃,images/calli_tongji_beta/ouyang_xun_regular_calli_tongji_beta/弃_ee9266a09dd9.png,official_open_dataset,https://www.modelscope.cn/datasets/CalliTongji/Calli-Tongji_A_Dataset_of_Historical_Calligraphy_Styles,CC-BY-NC-4.0,calli_tongji_beta,sha256:bae995df68a3469fe486939dd42b209145ab56d10f580990380e25dcf9e2fbe9,0,0,256,256,ouyang_xun,kaishu,false,approved,刘小凡,2026-07-27,Imported from 欧阳询-楷; source member: Calli-Tongji/欧阳询-楷/弃.png
1,ouyang_xun_regular_calli_tongji_beta:5fbc:d454e83a3557,ouyang_xun_regular_calli_tongji_beta,徼,images/calli_tongji_beta/ouyang_xun_regular_calli_tongji_beta/徼_d454e83a3557.png,official_open_dataset,https://www.modelscope.cn/datasets/CalliTongji/Calli-Tongji_A_Dataset_of_Historical_Calligraphy_Styles,CC-BY-NC-4.0,calli_tongji_beta,sha256:bae995df68a3469fe486939dd42b209145ab56d10f580990380e25dcf9e2fbe9,0,0,256,256,ouyang_xun,kaishu,false,approved,刘小凡,2026-07-27,Imported from 欧阳询-楷; source member: Calli-Tongji/欧阳询-楷/徼.png
1,ouyang_xun_regular_calli_tongji_beta:6069:1d4c57d348b7,ouyang_xun_regular_calli_tongji_beta,恩,images/calli_tongji_beta/ouyang_xun_regular_calli_tongji_beta/恩_1d4c57d348b7.png,official_open_dataset,https://www.modelscope.cn/datasets/CalliTongji/Calli-Tongji_A_Dataset_of_Historical_Calligraphy_Styles,CC-BY-NC-4.0,calli_tongji_beta,sha256:bae995df68a3469fe486939dd42b209145ab56d10f580990380e25dcf9e2fbe9,0,0,256,256,ouyang_xun,kaishu,false,approved,刘小凡,2026-07-27,Imported from 欧阳询-楷; source member: Calli-Tongji/欧阳询-楷/恩.png
1,ouyang_xun_regular_calli_tongji_beta:606f:31f6add0e832,ouyang_xun_regular_calli_tongji_beta,息,images/calli_tongji_beta/ouyang_xun_regular_calli_tongji_beta/息_31f6add0e832.png,official_open_dataset,https://www.modelscope.cn/datasets/CalliTongji/Calli-Tongji_A_Dataset_of_Historical_Calligraphy_Styles,CC-BY-NC-4.0,calli_tongji_beta,sha256:bae995df68a3469fe486939dd42b209145ab56d10f580990380e25dcf9e2fbe9,0,0,256,256,ouyang_xun,kaishu,false,approved,刘小凡,2026-07-27,Imported from 欧阳询-楷; source member: Calli-Tongji/欧阳询-楷/息.png
1,ouyang_xun_regular_calli_tongji_beta:607b:017b35f6dbfb,ouyang_xun_regular_calli_tongji_beta,恻,images/calli_tongji_beta/ouyang_xun_regular_calli_tongji_beta/恻_017b35f6dbfb.png,official_open_dataset,https://www.modelscope.cn/datasets/CalliTongji/Calli-Tongji_A_Dataset_of_Historical_Calligraphy_Styles,CC-BY-NC-4.0,calli_tongji_beta,sha256:bae995df68a3469fe486939dd42b209145ab56d10f580990380e25dcf9e2fbe9,0,0,256,256,ouyang_xun,kaishu,false,approved,刘小凡,2026-07-27,Imported from 欧阳询-楷; source member: Calli-Tongji/欧阳询-楷/恻.png
1,ouyang_xun_regular_calli_tongji_beta:60c5:8f8dc2ebbf9c,ouyang_xun_regular_calli_tongji_beta,情,images/calli_tongji_beta/ouyang_xun_regular_calli_tongji_beta/情_8f8dc2ebbf9c.png,official_open_dataset,https://www.modelscope.cn/datasets/CalliTongji/Calli-Tongji_A_Dataset_of_Historical_Calligraphy_Styles,CC-BY-NC-4.0,calli_tongji_beta,sha256:bae995df68a3469fe486939dd42b209145ab56d10f580990380e25dcf9e2fbe9,0,0,256,256,ouyang_xun,kaishu,false,approved,刘小凡,2026-07-27,Imported from 欧阳询-楷; source member: Calli-Tongji/欧阳询-楷/情.png
1,ouyang_xun_regular_calli_tongji_beta:60ee:988db46aa387,ouyang_xun_regular_calli_tongji_beta,惮,images/calli_tongji_beta/ouyang_xun_regular_calli_tongji_beta/惮_988db46aa387.png,official_open_dataset,https://www.modelscope.cn/datasets/CalliTongji/Calli-Tongji_A_Dataset_of_Historical_Calligraphy_Styles,CC-BY-NC-4.0,calli_tongji_beta,sha256:bae995df68a3469fe486939dd42b209145ab56d10f580990380e25dcf9e2fbe9,0,0,256,256,ouyang_xun,kaishu,false,approved,刘小凡,2026-07-27,Imported from 欧阳询-楷; source member: Calli-Tongji/欧阳询-楷/惮.png
1,ouyang_xun_regular_calli_tongji_beta:60f6:aaaab4150354,ouyang_xun_regular_calli_tongji_beta,惶,images/calli_tongji_beta/ouyang_xun_regular_calli_tongji_beta/惶_aaaab4150354.png,official_open_dataset,https://www.modelscope.cn/datasets/CalliTongji/Calli-Tongji_A_Dataset_of_Historical_Calligraphy_Styles,CC-BY-NC-4.0,calli_tongji_beta,sha256:bae995df68a3469fe486939dd42b209145ab56d10f580990380e25dcf9e2fbe9,0,0,256,256,ouyang_xun,kaishu,false,approved,刘小凡,2026-07-27,Imported from 欧阳询-楷; source member: Calli-Tongji/欧阳询-楷/惶.png
1,ouyang_xun_regular_calli_tongji_beta:6101:795e15230e05,ouyang_xun_regular_calli_tongji_beta,愁,images/calli_tongji_beta/ouyang_xun_regular_calli_tongji_beta/愁_795e15230e05.png,official_open_dataset,https://www.modelscope.cn/datasets/CalliTongji/Calli-Tongji_A_Dataset_of_Historical_Calligraphy_Styles,CC-BY-NC-4.0,calli_tongji_beta,sha256:bae995df68a3469fe486939dd42b209145ab56d10f580990380e25dcf9e2fbe9,0,0,256,256,ouyang_xun,kaishu,false,approved,刘小凡,2026-07-27,Imported from 欧阳询-楷; source member: Calli-Tongji/欧阳询-楷/愁.png
1,ouyang_xun_regular_calli_tongji_beta:61d0:8f53b7957835,ouyang_xun_regular_calli_tongji_beta,懐,images/calli_tongji_beta/ouyang_xun_regular_calli_tongji_beta/懐_8f53b7957835.png,official_open_dataset,https://www.modelscope.cn/datasets/CalliTongji/Calli-Tongji_A_Dataset_of_Historical_Calligraphy_Styles,CC-BY-NC-4.0,calli_tongji_beta,sha256:bae995df68a3469fe486939dd42b209145ab56d10f580990380e25dcf9e2fbe9,0,0,256,256,ouyang_xun,kaishu,false,approved,刘小凡,2026-07-27,Imported from 欧阳询-楷; source member: Calli-Tongji/欧阳询-楷/懐.png
1,ouyang_xun_regular_calli_tongji_beta:6211:9fe93733dc8b,ouyang_xun_regular_calli_tongji_beta,我,images/calli_tongji_beta/ouyang_xun_regular_calli_tongji_beta/我_9fe93733dc8b.png,official_open_dataset,https://www.modelscope.cn/datasets/CalliTongji/Calli-Tongji_A_Dataset_of_Historical_Calligraphy_Styles,CC-BY-NC-4.0,calli_tongji_beta,sha256:bae995df68a3469fe486939dd42b209145ab56d10f580990380e25dcf9e2fbe9,0,0,256,256,ouyang_xun,kaishu,false,approved,刘小凡,2026-07-27,Imported from 欧阳询-楷; source member: Calli-Tongji/欧阳询-楷/我.png
1,ouyang_xun_regular_calli_tongji_beta:6236:0953f0de4b15,ouyang_xun_regular_calli_tongji_beta,戶,images/calli_tongji_beta/ouyang_xun_regular_calli_tongji_beta/戶_0953f0de4b15.png,official_open_dataset,https://www.modelscope.cn/datasets/CalliTongji/Calli-Tongji_A_Dataset_of_Historical_Calligraphy_Styles,CC-BY-NC-4.0,calli_tongji_beta,sha256:bae995df68a3469fe486939dd42b209145ab56d10f580990380e25dcf9e2fbe9,0,0,256,256,ouyang_xun,kaishu,false,approved,刘小凡,2026-07-27,Imported from 欧阳询-楷; source member: Calli-Tongji/欧阳询-楷/戶.png
1,ouyang_xun_regular_calli_tongji_beta:6243:b5408e69e15c,ouyang_xun_regular_calli_tongji_beta,扃,images/calli_tongji_beta/ouyang_xun_regular_calli_tongji_beta/扃_b5408e69e15c.png,official_open_dataset,https://www.modelscope.cn/datasets/CalliTongji/Calli-Tongji_A_Dataset_of_Historical_Calligraphy_Styles,CC-BY-NC-4.0,calli_tongji_beta,sha256:bae995df68a3469fe486939dd42b209145ab56d10f580990380e25dcf9e2fbe9,0,0,256,256,ouyang_xun,kaishu,false,approved,刘小凡,2026-07-27,Imported from 欧阳询-楷; source member: Calli-Tongji/欧阳询-楷/扃.png
1,wang_xizhi_running_calli_tongji_beta:4e0e:94f21a46c16a,wang_xizhi_running_calli_tongji_beta,与,images/calli_tongji_beta/wang_xizhi_running_calli_tongji_beta/与_94f21a46c16a.png,official_open_dataset,https://www.modelscope.cn/datasets/CalliTongji/Calli-Tongji_A_Dataset_of_Historical_Calligraphy_Styles,CC-BY-NC-4.0,calli_tongji_beta,sha256:bae995df68a3469fe486939dd42b209145ab56d10f580990380e25dcf9e2fbe9,0,0,256,256,wang_xizhi,xingshu,false,approved,刘小凡,2026-07-27,Imported from 王羲之-行; source member: Calli-Tongji/王羲之-行/与.png
1,wang_xizhi_running_calli_tongji_beta:4e19:0189a48da226,wang_xizhi_running_calli_tongji_beta,丙,images/calli_tongji_beta/wang_xizhi_running_calli_tongji_beta/丙_0189a48da226.png,official_open_dataset,https://www.modelscope.cn/datasets/CalliTongji/Calli-Tongji_A_Dataset_of_Historical_Calligraphy_Styles,CC-BY-NC-4.0,calli_tongji_beta,sha256:bae995df68a3469fe486939dd42b209145ab56d10f580990380e25dcf9e2fbe9,0,0,256,256,wang_xizhi,xingshu,false,approved,刘小凡,2026-07-27,Imported from 王羲之-行; source member: Calli-Tongji/王羲之-行/丙.png
1,wang_xizhi_running_calli_tongji_beta:4e34:4665d430b576,wang_xizhi_running_calli_tongji_beta,临,images/calli_tongji_beta/wang_xizhi_running_calli_tongji_beta/临_4665d430b576.png,official_open_dataset,https://www.modelscope.cn/datasets/CalliTongji/Calli-Tongji_A_Dataset_of_Historical_Calligraphy_Styles,CC-BY-NC-4.0,calli_tongji_beta,sha256:bae995df68a3469fe486939dd42b209145ab56d10f580990380e25dcf9e2fbe9,0,0,256,256,wang_xizhi,xingshu,false,approved,刘小凡,2026-07-27,Imported from 王羲之-行; source member: Calli-Tongji/王羲之-行/临.png
1,wang_xizhi_running_calli_tongji_beta:4e49:4cda7cf0e75a,wang_xizhi_running_calli_tongji_beta,义,images/calli_tongji_beta/wang_xizhi_running_calli_tongji_beta/义_4cda7cf0e75a.png,official_open_dataset,https://www.modelscope.cn/datasets/CalliTongji/Calli-Tongji_A_Dataset_of_Historical_Calligraphy_Styles,CC-BY-NC-4.0,calli_tongji_beta,sha256:bae995df68a3469fe486939dd42b209145ab56d10f580990380e25dcf9e2fbe9,0,0,256,256,wang_xizhi,xingshu,false,approved,刘小凡,2026-07-27,Imported from 王羲之-行; source member: Calli-Tongji/王羲之-行/义.png
1,wang_xizhi_running_calli_tongji_beta:4e4d:cfc5abf1084f,wang_xizhi_running_calli_tongji_beta,乍,images/calli_tongji_beta/wang_xizhi_running_calli_tongji_beta/乍_cfc5abf1084f.png,official_open_dataset,https://www.modelscope.cn/datasets/CalliTongji/Calli-Tongji_A_Dataset_of_Historical_Calligraphy_Styles,CC-BY-NC-4.0,calli_tongji_beta,sha256:bae995df68a3469fe486939dd42b209145ab56d10f580990380e25dcf9e2fbe9,0,0,256,256,wang_xizhi,xingshu,false,approved,刘小凡,2026-07-27,Imported from 王羲之-行; source member: Calli-Tongji/王羲之-行/乍.png
1,wang_xizhi_running_calli_tongji_beta:4e60:7f0573255a8a,wang_xizhi_running_calli_tongji_beta,习,images/calli_tongji_beta/wang_xizhi_running_calli_tongji_beta/习_7f0573255a8a.png,official_open_dataset,https://www.modelscope.cn/datasets/CalliTongji/Calli-Tongji_A_Dataset_of_Historical_Calligraphy_Styles,CC-BY-NC-4.0,calli_tongji_beta,sha256:bae995df68a3469fe486939dd42b209145ab56d10f580990380e25dcf9e2fbe9,0,0,256,256,wang_xizhi,xingshu,false,approved,刘小凡,2026-07-27,Imported from 王羲之-行; source member: Calli-Tongji/王羲之-行/习.png
1,wang_xizhi_running_calli_tongji_beta:4e7e:62d31c9a174c,wang_xizhi_running_calli_tongji_beta,乾,images/calli_tongji_beta/wang_xizhi_running_calli_tongji_beta/乾_62d31c9a174c.png,official_open_dataset,https://www.modelscope.cn/datasets/CalliTongji/Calli-Tongji_A_Dataset_of_Historical_Calligraphy_Styles,CC-BY-NC-4.0,calli_tongji_beta,sha256:bae995df68a3469fe486939dd42b209145ab56d10f580990380e25dcf9e2fbe9,0,0,256,256,wang_xizhi,xingshu,false,approved,刘小凡,2026-07-27,Imported from 王羲之-行; source member: Calli-Tongji/王羲之-行/乾.png
1,wang_xizhi_running_calli_tongji_beta:4e95:01cc78b9161e,wang_xizhi_running_calli_tongji_beta,井,images/calli_tongji_beta/wang_xizhi_running_calli_tongji_beta/井_01cc78b9161e.png,official_open_dataset,https://www.modelscope.cn/datasets/CalliTongji/Calli-Tongji_A_Dataset_of_Historical_Calligraphy_Styles,CC-BY-NC-4.0,calli_tongji_beta,sha256:bae995df68a3469fe486939dd42b209145ab56d10f580990380e25dcf9e2fbe9,0,0,256,256,wang_xizhi,xingshu,false,approved,刘小凡,2026-07-27,Imported from 王羲之-行; source member: Calli-Tongji/王羲之-行/井.png
1,wang_xizhi_running_calli_tongji_beta:4eae:f07498f75446,wang_xizhi_running_calli_tongji_beta,亮,images/calli_tongji_beta/wang_xizhi_running_calli_tongji_beta/亮_f07498f75446.png,official_open_dataset,https://www.modelscope.cn/datasets/CalliTongji/Calli-Tongji_A_Dataset_of_Historical_Calligraphy_Styles,CC-BY-NC-4.0,calli_tongji_beta,sha256:bae995df68a3469fe486939dd42b209145ab56d10f580990380e25dcf9e2fbe9,0,0,256,256,wang_xizhi,xingshu,false,approved,刘小凡,2026-07-27,Imported from 王羲之-行; source member: Calli-Tongji/王羲之-行/亮.png
1,wang_xizhi_running_calli_tongji_beta:4eca:47e01be9d50c,wang_xizhi_running_calli_tongji_beta,今,images/calli_tongji_beta/wang_xizhi_running_calli_tongji_beta/今_47e01be9d50c.png,official_open_dataset,https://www.modelscope.cn/datasets/CalliTongji/Calli-Tongji_A_Dataset_of_Historical_Calligraphy_Styles,CC-BY-NC-4.0,calli_tongji_beta,sha256:bae995df68a3469fe486939dd42b209145ab56d10f580990380e25dcf9e2fbe9,0,0,256,256,wang_xizhi,xingshu,false,approved,刘小凡,2026-07-27,Imported from 王羲之-行; source member: Calli-Tongji/王羲之-行/今.png
1,wang_xizhi_running_calli_tongji_beta:4efb:d6dc20e4ad69,wang_xizhi_running_calli_tongji_beta,任,images/calli_tongji_beta/wang_xizhi_running_calli_tongji_beta/任_d6dc20e4ad69.png,official_open_dataset,https://www.modelscope.cn/datasets/CalliTongji/Calli-Tongji_A_Dataset_of_Historical_Calligraphy_Styles,CC-BY-NC-4.0,calli_tongji_beta,sha256:bae995df68a3469fe486939dd42b209145ab56d10f580990380e25dcf9e2fbe9,0,0,256,256,wang_xizhi,xingshu,false,approved,刘小凡,2026-07-27,Imported from 王羲之-行; source member: Calli-Tongji/王羲之-行/任.png
1,wang_xizhi_running_calli_tongji_beta:4f1a:4764ed33c1a2,wang_xizhi_running_calli_tongji_beta,会,images/calli_tongji_beta/wang_xizhi_running_calli_tongji_beta/会_4764ed33c1a2.png,official_open_dataset,https://www.modelscope.cn/datasets/CalliTongji/Calli-Tongji_A_Dataset_of_Historical_Calligraphy_Styles,CC-BY-NC-4.0,calli_tongji_beta,sha256:bae995df68a3469fe486939dd42b209145ab56d10f580990380e25dcf9e2fbe9,0,0,256,256,wang_xizhi,xingshu,false,approved,刘小凡,2026-07-27,Imported from 王羲之-行; source member: Calli-Tongji/王羲之-行/会.png
1,wang_xizhi_running_calli_tongji_beta:4f7f:e626e4ef0129,wang_xizhi_running_calli_tongji_beta,使,images/calli_tongji_beta/wang_xizhi_running_calli_tongji_beta/使_e626e4ef0129.png,official_open_dataset,https://www.modelscope.cn/datasets/CalliTongji/Calli-Tongji_A_Dataset_of_Historical_Calligraphy_Styles,CC-BY-NC-4.0,calli_tongji_beta,sha256:bae995df68a3469fe486939dd42b209145ab56d10f580990380e25dcf9e2fbe9,0,0,256,256,wang_xizhi,xingshu,false,approved,刘小凡,2026-07-27,Imported from 王羲之-行; source member: Calli-Tongji/王羲之-行/使.png
1,wang_xizhi_running_calli_tongji_beta:4fa0:3a721184a290,wang_xizhi_running_calli_tongji_beta,侠,images/calli_tongji_beta/wang_xizhi_running_calli_tongji_beta/侠_3a721184a290.png,official_open_dataset,https://www.modelscope.cn/datasets/CalliTongji/Calli-Tongji_A_Dataset_of_Historical_Calligraphy_Styles,CC-BY-NC-4.0,calli_tongji_beta,sha256:bae995df68a3469fe486939dd42b209145ab56d10f580990380e25dcf9e2fbe9,0,0,256,256,wang_xizhi,xingshu,false,approved,刘小凡,2026-07-27,Imported from 王羲之-行; source member: Calli-Tongji/王羲之-行/侠.png
1,wang_xizhi_running_calli_tongji_beta:4fc2:e985719d0d91,wang_xizhi_running_calli_tongji_beta,係,images/calli_tongji_beta/wang_xizhi_running_calli_tongji_beta/係_e985719d0d91.png,official_open_dataset,https://www.modelscope.cn/datasets/CalliTongji/Calli-Tongji_A_Dataset_of_Historical_Calligraphy_Styles,CC-BY-NC-4.0,calli_tongji_beta,sha256:bae995df68a3469fe486939dd42b209145ab56d10f580990380e25dcf9e2fbe9,0,0,256,256,wang_xizhi,xingshu,false,approved,刘小凡,2026-07-27,Imported from 王羲之-行; source member: Calli-Tongji/王羲之-行/係.png
1,wang_xizhi_running_calli_tongji_beta:4ff6:548b24a204c5,wang_xizhi_running_calli_tongji_beta,俶,images/calli_tongji_beta/wang_xizhi_running_calli_tongji_beta/俶_548b24a204c5.png,official_open_dataset,https://www.modelscope.cn/datasets/CalliTongji/Calli-Tongji_A_Dataset_of_Historical_Calligraphy_Styles,CC-BY-NC-4.0,calli_tongji_beta,sha256:bae995df68a3469fe486939dd42b209145ab56d10f580990380e25dcf9e2fbe9,0,0,256,256,wang_xizhi,xingshu,false,approved,刘小凡,2026-07-27,Imported from 王羲之-行; source member: Calli-Tongji/王羲之-行/俶.png
1,wang_xizhi_running_calli_tongji_beta:5047:6894fd4f9fb8,wang_xizhi_running_calli_tongji_beta,假,images/calli_tongji_beta/wang_xizhi_running_calli_tongji_beta/假_6894fd4f9fb8.png,official_open_dataset,https://www.modelscope.cn/datasets/CalliTongji/Calli-Tongji_A_Dataset_of_Historical_Calligraphy_Styles,CC-BY-NC-4.0,calli_tongji_beta,sha256:bae995df68a3469fe486939dd42b209145ab56d10f580990380e25dcf9e2fbe9,0,0,256,256,wang_xizhi,xingshu,false,approved,刘小凡,2026-07-27,Imported from 王羲之-行; source member: Calli-Tongji/王羲之-行/假.png
1,wang_xizhi_running_calli_tongji_beta:512a:8a34869f6ff1,wang_xizhi_running_calli_tongji_beta,優,images/calli_tongji_beta/wang_xizhi_running_calli_tongji_beta/優_8a34869f6ff1.png,official_open_dataset,https://www.modelscope.cn/datasets/CalliTongji/Calli-Tongji_A_Dataset_of_Historical_Calligraphy_Styles,CC-BY-NC-4.0,calli_tongji_beta,sha256:bae995df68a3469fe486939dd42b209145ab56d10f580990380e25dcf9e2fbe9,0,0,256,256,wang_xizhi,xingshu,false,approved,刘小凡,2026-07-27,Imported from 王羲之-行; source member: Calli-Tongji/王羲之-行/優.png
1,wang_xizhi_running_calli_tongji_beta:5170:1592a34a8837,wang_xizhi_running_calli_tongji_beta,兰,images/calli_tongji_beta/wang_xizhi_running_calli_tongji_beta/兰_1592a34a8837.png,official_open_dataset,https://www.modelscope.cn/datasets/CalliTongji/Calli-Tongji_A_Dataset_of_Historical_Calligraphy_Styles,CC-BY-NC-4.0,calli_tongji_beta,sha256:bae995df68a3469fe486939dd42b209145ab56d10f580990380e25dcf9e2fbe9,0,0,256,256,wang_xizhi,xingshu,false,approved,刘小凡,2026-07-27,Imported from 王羲之-行; source member: Calli-Tongji/王羲之-行/兰.png
1,wang_xizhi_running_calli_tongji_beta:517e:fe471ca1cbff,wang_xizhi_running_calli_tongji_beta,兾,images/calli_tongji_beta/wang_xizhi_running_calli_tongji_beta/兾_fe471ca1cbff.png,official_open_dataset,https://www.modelscope.cn/datasets/CalliTongji/Calli-Tongji_A_Dataset_of_Historical_Calligraphy_Styles,CC-BY-NC-4.0,calli_tongji_beta,sha256:bae995df68a3469fe486939dd42b209145ab56d10f580990380e25dcf9e2fbe9,0,0,256,256,wang_xizhi,xingshu,false,approved,刘小凡,2026-07-27,Imported from 王羲之-行; source member: Calli-Tongji/王羲之-行/兾.png
1,wang_xizhi_running_calli_tongji_beta:520a:ee5fc49d64a1,wang_xizhi_running_calli_tongji_beta,刊,images/calli_tongji_beta/wang_xizhi_running_calli_tongji_beta/刊_ee5fc49d64a1.png,official_open_dataset,https://www.modelscope.cn/datasets/CalliTongji/Calli-Tongji_A_Dataset_of_Historical_Calligraphy_Styles,CC-BY-NC-4.0,calli_tongji_beta,sha256:bae995df68a3469fe486939dd42b209145ab56d10f580990380e25dcf9e2fbe9,0,0,256,256,wang_xizhi,xingshu,false,approved,刘小凡,2026-07-27,Imported from 王羲之-行; source member: Calli-Tongji/王羲之-行/刊.png
1,wang_xizhi_running_calli_tongji_beta:521a:6949d210e0b9,wang_xizhi_running_calli_tongji_beta,刚,images/calli_tongji_beta/wang_xizhi_running_calli_tongji_beta/刚_6949d210e0b9.png,official_open_dataset,https://www.modelscope.cn/datasets/CalliTongji/Calli-Tongji_A_Dataset_of_Historical_Calligraphy_Styles,CC-BY-NC-4.0,calli_tongji_beta,sha256:bae995df68a3469fe486939dd42b209145ab56d10f580990380e25dcf9e2fbe9,0,0,256,256,wang_xizhi,xingshu,false,approved,刘小凡,2026-07-27,Imported from 王羲之-行; source member: Calli-Tongji/王羲之-行/刚.png
1,wang_xizhi_running_calli_tongji_beta:521d:afc65c9c7f43,wang_xizhi_running_calli_tongji_beta,初,images/calli_tongji_beta/wang_xizhi_running_calli_tongji_beta/初_afc65c9c7f43.png,official_open_dataset,https://www.modelscope.cn/datasets/CalliTongji/Calli-Tongji_A_Dataset_of_Historical_Calligraphy_Styles,CC-BY-NC-4.0,calli_tongji_beta,sha256:bae995df68a3469fe486939dd42b209145ab56d10f580990380e25dcf9e2fbe9,0,0,256,256,wang_xizhi,xingshu,false,approved,刘小凡,2026-07-27,Imported from 王羲之-行; source member: Calli-Tongji/王羲之-行/初.png
1,wang_xizhi_running_calli_tongji_beta:5220:67f427a66307,wang_xizhi_running_calli_tongji_beta,删,images/calli_tongji_beta/wang_xizhi_running_calli_tongji_beta/删_67f427a66307.png,official_open_dataset,https://www.modelscope.cn/datasets/CalliTongji/Calli-Tongji_A_Dataset_of_Historical_Calligraphy_Styles,CC-BY-NC-4.0,calli_tongji_beta,sha256:bae995df68a3469fe486939dd42b209145ab56d10f580990380e25dcf9e2fbe9,0,0,256,256,wang_xizhi,xingshu,false,approved,刘小凡,2026-07-27,Imported from 王羲之-行; source member: Calli-Tongji/王羲之-行/删.png
1,wang_xizhi_running_calli_tongji_beta:5236:fbb78801eb54,wang_xizhi_running_calli_tongji_beta,制,images/calli_tongji_beta/wang_xizhi_running_calli_tongji_beta/制_fbb78801eb54.png,official_open_dataset,https://www.modelscope.cn/datasets/CalliTongji/Calli-Tongji_A_Dataset_of_Historical_Calligraphy_Styles,CC-BY-NC-4.0,calli_tongji_beta,sha256:bae995df68a3469fe486939dd42b209145ab56d10f580990380e25dcf9e2fbe9,0,0,256,256,wang_xizhi,xingshu,false,approved,刘小凡,2026-07-27,Imported from 王羲之-行; source member: Calli-Tongji/王羲之-行/制.png
1,wang_xizhi_running_calli_tongji_beta:5243:3aea81d87ee8,wang_xizhi_running_calli_tongji_beta,剃,images/calli_tongji_beta/wang_xizhi_running_calli_tongji_beta/剃_3aea81d87ee8.png,official_open_dataset,https://www.modelscope.cn/datasets/CalliTongji/Calli-Tongji_A_Dataset_of_Historical_Calligraphy_Styles,CC-BY-NC-4.0,calli_tongji_beta,sha256:bae995df68a3469fe486939dd42b209145ab56d10f580990380e25dcf9e2fbe9,0,0,256,256,wang_xizhi,xingshu,false,approved,刘小凡,2026-07-27,Imported from 王羲之-行; source member: Calli-Tongji/王羲之-行/剃.png
1,wang_xizhi_running_calli_tongji_beta:529d:c4a7b2bdb0bc,wang_xizhi_running_calli_tongji_beta,劝,images/calli_tongji_beta/wang_xizhi_running_calli_tongji_beta/劝_c4a7b2bdb0bc.png,official_open_dataset,https://www.modelscope.cn/datasets/CalliTongji/Calli-Tongji_A_Dataset_of_Historical_Calligraphy_Styles,CC-BY-NC-4.0,calli_tongji_beta,sha256:bae995df68a3469fe486939dd42b209145ab56d10f580990380e25dcf9e2fbe9,0,0,256,256,wang_xizhi,xingshu,false,approved,刘小凡,2026-07-27,Imported from 王羲之-行; source member: Calli-Tongji/王羲之-行/劝.png
1,wang_xizhi_running_calli_tongji_beta:529f:0e0007de08f7,wang_xizhi_running_calli_tongji_beta,功,images/calli_tongji_beta/wang_xizhi_running_calli_tongji_beta/功_0e0007de08f7.png,official_open_dataset,https://www.modelscope.cn/datasets/CalliTongji/Calli-Tongji_A_Dataset_of_Historical_Calligraphy_Styles,CC-BY-NC-4.0,calli_tongji_beta,sha256:bae995df68a3469fe486939dd42b209145ab56d10f580990380e25dcf9e2fbe9,0,0,256,256,wang_xizhi,xingshu,false,approved,刘小凡,2026-07-27,Imported from 王羲之-行; source member: Calli-Tongji/王羲之-行/功.png
1,wang_xizhi_running_calli_tongji_beta:52a3:720fbe5d7725,wang_xizhi_running_calli_tongji_beta,劣,images/calli_tongji_beta/wang_xizhi_running_calli_tongji_beta/劣_720fbe5d7725.png,official_open_dataset,https://www.modelscope.cn/datasets/CalliTongji/Calli-Tongji_A_Dataset_of_Historical_Calligraphy_Styles,CC-BY-NC-4.0,calli_tongji_beta,sha256:bae995df68a3469fe486939dd42b209145ab56d10f580990380e25dcf9e2fbe9,0,0,256,256,wang_xizhi,xingshu,false,approved,刘小凡,2026-07-27,Imported from 王羲之-行; source member: Calli-Tongji/王羲之-行/劣.png
1,wang_xizhi_running_calli_tongji_beta:52d1:ce06e1271c6e,wang_xizhi_running_calli_tongji_beta,勑,images/calli_tongji_beta/wang_xizhi_running_calli_tongji_beta/勑_ce06e1271c6e.png,official_open_dataset,https://www.modelscope.cn/datasets/CalliTongji/Calli-Tongji_A_Dataset_of_Historical_Calligraphy_Styles,CC-BY-NC-4.0,calli_tongji_beta,sha256:bae995df68a3469fe486939dd42b209145ab56d10f580990380e25dcf9e2fbe9,0,0,256,256,wang_xizhi,xingshu,false,approved,刘小凡,2026-07-27,Imported from 王羲之-行; source member: Calli-Tongji/王羲之-行/勑.png
1,wang_xizhi_running_calli_tongji_beta:52ff:44c5dd62c495,wang_xizhi_running_calli_tongji_beta,勿,images/calli_tongji_beta/wang_xizhi_running_calli_tongji_beta/勿_44c5dd62c495.png,official_open_dataset,https://www.modelscope.cn/datasets/CalliTongji/Calli-Tongji_A_Dataset_of_Historical_Calligraphy_Styles,CC-BY-NC-4.0,calli_tongji_beta,sha256:bae995df68a3469fe486939dd42b209145ab56d10f580990380e25dcf9e2fbe9,0,0,256,256,wang_xizhi,xingshu,false,approved,刘小凡,2026-07-27,Imported from 王羲之-行; source member: Calli-Tongji/王羲之-行/勿.png
1,wang_xizhi_running_calli_tongji_beta:532e:482f2640b03f,wang_xizhi_running_calli_tongji_beta,匮,images/calli_tongji_beta/wang_xizhi_running_calli_tongji_beta/匮_482f2640b03f.png,official_open_dataset,https://www.modelscope.cn/datasets/CalliTongji/Calli-Tongji_A_Dataset_of_Historical_Calligraphy_Styles,CC-BY-NC-4.0,calli_tongji_beta,sha256:bae995df68a3469fe486939dd42b209145ab56d10f580990380e25dcf9e2fbe9,0,0,256,256,wang_xizhi,xingshu,false,approved,刘小凡,2026-07-27,Imported from 王羲之-行; source member: Calli-Tongji/王羲之-行/匮.png
1,wang_xizhi_running_calli_tongji_beta:5345:47f6385a910e,wang_xizhi_running_calli_tongji_beta,卅,images/calli_tongji_beta/wang_xizhi_running_calli_tongji_beta/卅_47f6385a910e.png,official_open_dataset,https://www.modelscope.cn/datasets/CalliTongji/Calli-Tongji_A_Dataset_of_Historical_Calligraphy_Styles,CC-BY-NC-4.0,calli_tongji_beta,sha256:bae995df68a3469fe486939dd42b209145ab56d10f580990380e25dcf9e2fbe9,0,0,256,256,wang_xizhi,xingshu,false,approved,刘小凡,2026-07-27,Imported from 王羲之-行; source member: Calli-Tongji/王羲之-行/卅.png
1,wang_xizhi_running_calli_tongji_beta:5348:515c5fb3d310,wang_xizhi_running_calli_tongji_beta,午,images/calli_tongji_beta/wang_xizhi_running_calli_tongji_beta/午_515c5fb3d310.png,official_open_dataset,https://www.modelscope.cn/datasets/CalliTongji/Calli-Tongji_A_Dataset_of_Historical_Calligraphy_Styles,CC-BY-NC-4.0,calli_tongji_beta,sha256:bae995df68a3469fe486939dd42b209145ab56d10f580990380e25dcf9e2fbe9,0,0,256,256,wang_xizhi,xingshu,false,approved,刘小凡,2026-07-27,Imported from 王羲之-行; source member: Calli-Tongji/王羲之-行/午.png
1,wang_xizhi_running_calli_tongji_beta:539d:2ff6661cb24d,wang_xizhi_running_calli_tongji_beta,厝,images/calli_tongji_beta/wang_xizhi_running_calli_tongji_beta/厝_2ff6661cb24d.png,official_open_dataset,https://www.modelscope.cn/datasets/CalliTongji/Calli-Tongji_A_Dataset_of_Historical_Calligraphy_Styles,CC-BY-NC-4.0,calli_tongji_beta,sha256:bae995df68a3469fe486939dd42b209145ab56d10f580990380e25dcf9e2fbe9,0,0,256,256,wang_xizhi,xingshu,false,approved,刘小凡,2026-07-27,Imported from 王羲之-行; source member: Calli-Tongji/王羲之-行/厝.png
1,wang_xizhi_running_calli_tongji_beta:539f:8e706d84a000,wang_xizhi_running_calli_tongji_beta,原,images/calli_tongji_beta/wang_xizhi_running_calli_tongji_beta/原_8e706d84a000.png,official_open_dataset,https://www.modelscope.cn/datasets/CalliTongji/Calli-Tongji_A_Dataset_of_Historical_Calligraphy_Styles,CC-BY-NC-4.0,calli_tongji_beta,sha256:bae995df68a3469fe486939dd42b209145ab56d10f580990380e25dcf9e2fbe9,0,0,256,256,wang_xizhi,xingshu,false,approved,刘小凡,2026-07-27,Imported from 王羲之-行; source member: Calli-Tongji/王羲之-行/原.png
1,wang_xizhi_running_calli_tongji_beta:53cd:aff5b1a9f7ca,wang_xizhi_running_calli_tongji_beta,反,images/calli_tongji_beta/wang_xizhi_running_calli_tongji_beta/反_aff5b1a9f7ca.png,official_open_dataset,https://www.modelscope.cn/datasets/CalliTongji/Calli-Tongji_A_Dataset_of_Historical_Calligraphy_Styles,CC-BY-NC-4.0,calli_tongji_beta,sha256:bae995df68a3469fe486939dd42b209145ab56d10f580990380e25dcf9e2fbe9,0,0,256,256,wang_xizhi,xingshu,false,approved,刘小凡,2026-07-27,Imported from 王羲之-行; source member: Calli-Tongji/王羲之-行/反.png
1,wang_xizhi_running_calli_tongji_beta:53d9:422a8c0869fe,wang_xizhi_running_calli_tongji_beta,叙,images/calli_tongji_beta/wang_xizhi_running_calli_tongji_beta/叙_422a8c0869fe.png,official_open_dataset,https://www.modelscope.cn/datasets/CalliTongji/Calli-Tongji_A_Dataset_of_Historical_Calligraphy_Styles,CC-BY-NC-4.0,calli_tongji_beta,sha256:bae995df68a3469fe486939dd42b209145ab56d10f580990380e25dcf9e2fbe9,0,0,256,256,wang_xizhi,xingshu,false,approved,刘小凡,2026-07-27,Imported from 王羲之-行; source member: Calli-Tongji/王羲之-行/叙.png
1,wang_xizhi_running_calli_tongji_beta:53ea:6e0a827b0bfc,wang_xizhi_running_calli_tongji_beta,只,images/calli_tongji_beta/wang_xizhi_running_calli_tongji_beta/只_6e0a827b0bfc.png,official_open_dataset,https://www.modelscope.cn/datasets/CalliTongji/Calli-Tongji_A_Dataset_of_Historical_Calligraphy_Styles,CC-BY-NC-4.0,calli_tongji_beta,sha256:bae995df68a3469fe486939dd42b209145ab56d10f580990380e25dcf9e2fbe9,0,0,256,256,wang_xizhi,xingshu,false,approved,刘小凡,2026-07-27,Imported from 王羲之-行; source member: Calli-Tongji/王羲之-行/只.png
1,wang_xizhi_running_calli_tongji_beta:53ef:8cb8f4b8caf8,wang_xizhi_running_calli_tongji_beta,可,images/calli_tongji_beta/wang_xizhi_running_calli_tongji_beta/可_8cb8f4b8caf8.png,official_open_dataset,https://www.modelscope.cn/datasets/CalliTongji/Calli-Tongji_A_Dataset_of_Historical_Calligraphy_Styles,CC-BY-NC-4.0,calli_tongji_beta,sha256:bae995df68a3469fe486939dd42b209145ab56d10f580990380e25dcf9e2fbe9,0,0,256,256,wang_xizhi,xingshu,false,approved,刘小凡,2026-07-27,Imported from 王羲之-行; source member: Calli-Tongji/王羲之-行/可.png
1,wang_xizhi_running_calli_tongji_beta:542b:bf3cf9dcdf26,wang_xizhi_running_calli_tongji_beta,含,images/calli_tongji_beta/wang_xizhi_running_calli_tongji_beta/含_bf3cf9dcdf26.png,official_open_dataset,https://www.modelscope.cn/datasets/CalliTongji/Calli-Tongji_A_Dataset_of_Historical_Calligraphy_Styles,CC-BY-NC-4.0,calli_tongji_beta,sha256:bae995df68a3469fe486939dd42b209145ab56d10f580990380e25dcf9e2fbe9,0,0,256,256,wang_xizhi,xingshu,false,approved,刘小凡,2026-07-27,Imported from 王羲之-行; source member: Calli-Tongji/王羲之-行/含.png
1,wang_xizhi_running_calli_tongji_beta:5475:d6b34a361532,wang_xizhi_running_calli_tongji_beta,呵,images/calli_tongji_beta/wang_xizhi_running_calli_tongji_beta/呵_d6b34a361532.png,official_open_dataset,https://www.modelscope.cn/datasets/CalliTongji/Calli-Tongji_A_Dataset_of_Historical_Calligraphy_Styles,CC-BY-NC-4.0,calli_tongji_beta,sha256:bae995df68a3469fe486939dd42b209145ab56d10f580990380e25dcf9e2fbe9,0,0,256,256,wang_xizhi,xingshu,false,approved,刘小凡,2026-07-27,Imported from 王羲之-行; source member: Calli-Tongji/王羲之-行/呵.png
1,wang_xizhi_running_calli_tongji_beta:55e3:52ba2b44f080,wang_xizhi_running_calli_tongji_beta,嗣,images/calli_tongji_beta/wang_xizhi_running_calli_tongji_beta/嗣_52ba2b44f080.png,official_open_dataset,https://www.modelscope.cn/datasets/CalliTongji/Calli-Tongji_A_Dataset_of_Historical_Calligraphy_Styles,CC-BY-NC-4.0,calli_tongji_beta,sha256:bae995df68a3469fe486939dd42b209145ab56d10f580990380e25dcf9e2fbe9,0,0,256,256,wang_xizhi,xingshu,false,approved,刘小凡,2026-07-27,Imported from 王羲之-行; source member: Calli-Tongji/王羲之-行/嗣.png
1,wang_xizhi_running_calli_tongji_beta:5617:3f3c971c4bea,wang_xizhi_running_calli_tongji_beta,嘗,images/calli_tongji_beta/wang_xizhi_running_calli_tongji_beta/嘗_3f3c971c4bea.png,official_open_dataset,https://www.modelscope.cn/datasets/CalliTongji/Calli-Tongji_A_Dataset_of_Historical_Calligraphy_Styles,CC-BY-NC-4.0,calli_tongji_beta,sha256:bae995df68a3469fe486939dd42b209145ab56d10f580990380e25dcf9e2fbe9,0,0,256,256,wang_xizhi,xingshu,false,approved,刘小凡,2026-07-27,Imported from 王羲之-行; source member: Calli-Tongji/王羲之-行/嘗.png
1,wang_xizhi_running_calli_tongji_beta:56de:7946a09309ff,wang_xizhi_running_calli_tongji_beta,回,images/calli_tongji_beta/wang_xizhi_running_calli_tongji_beta/回_7946a09309ff.png,official_open_dataset,https://www.modelscope.cn/datasets/CalliTongji/Calli-Tongji_A_Dataset_of_Historical_Calligraphy_Styles,CC-BY-NC-4.0,calli_tongji_beta,sha256:bae995df68a3469fe486939dd42b209145ab56d10f580990380e25dcf9e2fbe9,0,0,256,256,wang_xizhi,xingshu,false,approved,刘小凡,2026-07-27,Imported from 王羲之-行; source member: Calli-Tongji/王羲之-行/回.png
1,wang_xizhi_running_calli_tongji_beta:56ed:1b1765abaed3,wang_xizhi_running_calli_tongji_beta,园,images/calli_tongji_beta/wang_xizhi_running_calli_tongji_beta/园_1b1765abaed3.png,official_open_dataset,https://www.modelscope.cn/datasets/CalliTongji/Calli-Tongji_A_Dataset_of_Historical_Calligraphy_Styles,CC-BY-NC-4.0,calli_tongji_beta,sha256:bae995df68a3469fe486939dd42b209145ab56d10f580990380e25dcf9e2fbe9,0,0,256,256,wang_xizhi,xingshu,false,approved,刘小凡,2026-07-27,Imported from 王羲之-行; source member: Calli-Tongji/王羲之-行/园.png
1,wang_xizhi_running_calli_tongji_beta:582f:961e1b818daa,wang_xizhi_running_calli_tongji_beta,堯,images/calli_tongji_beta/wang_xizhi_running_calli_tongji_beta/堯_961e1b818daa.png,official_open_dataset,https://www.modelscope.cn/datasets/CalliTongji/Calli-Tongji_A_Dataset_of_Historical_Calligraphy_Styles,CC-BY-NC-4.0,calli_tongji_beta,sha256:bae995df68a3469fe486939dd42b209145ab56d10f580990380e25dcf9e2fbe9,0,0,256,256,wang_xizhi,xingshu,false,approved,刘小凡,2026-07-27,Imported from 王羲之-行; source member: Calli-Tongji/王羲之-行/堯.png
1,wang_xizhi_running_calli_tongji_beta:5875:c100ba79de80,wang_xizhi_running_calli_tongji_beta,塵,images/calli_tongji_beta/wang_xizhi_running_calli_tongji_beta/塵_c100ba79de80.png,official_open_dataset,https://www.modelscope.cn/datasets/CalliTongji/Calli-Tongji_A_Dataset_of_Historical_Calligraphy_Styles,CC-BY-NC-4.0,calli_tongji_beta,sha256:bae995df68a3469fe486939dd42b209145ab56d10f580990380e25dcf9e2fbe9,0,0,256,256,wang_xizhi,xingshu,false,approved,刘小凡,2026-07-27,Imported from 王羲之-行; source member: Calli-Tongji/王羲之-行/塵.png
1,wang_xizhi_running_calli_tongji_beta:5897:14dcbb90ee39,wang_xizhi_running_calli_tongji_beta,増,images/calli_tongji_beta/wang_xizhi_running_calli_tongji_beta/増_14dcbb90ee39.png,official_open_dataset,https://www.modelscope.cn/datasets/CalliTongji/Calli-Tongji_A_Dataset_of_Historical_Calligraphy_Styles,CC-BY-NC-4.0,calli_tongji_beta,sha256:bae995df68a3469fe486939dd42b209145ab56d10f580990380e25dcf9e2fbe9,0,0,256,256,wang_xizhi,xingshu,false,approved,刘小凡,2026-07-27,Imported from 王羲之-行; source member: Calli-Tongji/王羲之-行/増.png
1,wang_xizhi_running_calli_tongji_beta:58a8:a212dd3b4803,wang_xizhi_running_calli_tongji_beta,墨,images/calli_tongji_beta/wang_xizhi_running_calli_tongji_beta/墨_a212dd3b4803.png,official_open_dataset,https://www.modelscope.cn/datasets/CalliTongji/Calli-Tongji_A_Dataset_of_Historical_Calligraphy_Styles,CC-BY-NC-4.0,calli_tongji_beta,sha256:bae995df68a3469fe486939dd42b209145ab56d10f580990380e25dcf9e2fbe9,0,0,256,256,wang_xizhi,xingshu,false,approved,刘小凡,2026-07-27,Imported from 王羲之-行; source member: Calli-Tongji/王羲之-行/墨.png
1,wang_xizhi_running_calli_tongji_beta:5965:666b5a239683,wang_xizhi_running_calli_tongji_beta,奥,images/calli_tongji_beta/wang_xizhi_running_calli_tongji_beta/奥_666b5a239683.png,official_open_dataset,https://www.modelscope.cn/datasets/CalliTongji/Calli-Tongji_A_Dataset_of_Historical_Calligraphy_Styles,CC-BY-NC-4.0,calli_tongji_beta,sha256:bae995df68a3469fe486939dd42b209145ab56d10f580990380e25dcf9e2fbe9,0,0,256,256,wang_xizhi,xingshu,false,approved,刘小凡,2026-07-27,Imported from 王羲之-行; source member: Calli-Tongji/王羲之-行/奥.png
1,wang_xizhi_running_calli_tongji_beta:59d4:bc69223b9479,wang_xizhi_running_calli_tongji_beta,委,images/calli_tongji_beta/wang_xizhi_running_calli_tongji_beta/委_bc69223b9479.png,official_open_dataset,https://www.modelscope.cn/datasets/CalliTongji/Calli-Tongji_A_Dataset_of_Historical_Calligraphy_Styles,CC-BY-NC-4.0,calli_tongji_beta,sha256:bae995df68a3469fe486939dd42b209145ab56d10f580990380e25dcf9e2fbe9,0,0,256,256,wang_xizhi,xingshu,false,approved,刘小凡,2026-07-27,Imported from 王羲之-行; source member: Calli-Tongji/王羲之-行/委.png
1,wang_xizhi_running_calli_tongji_beta:5b59:dbf487b02296,wang_xizhi_running_calli_tongji_beta,孙,images/calli_tongji_beta/wang_xizhi_running_calli_tongji_beta/孙_dbf487b02296.png,official_open_dataset,https://www.modelscope.cn/datasets/CalliTongji/Calli-Tongji_A_Dataset_of_Historical_Calligraphy_Styles,CC-BY-NC-4.0,calli_tongji_beta,sha256:bae995df68a3469fe486939dd42b209145ab56d10f580990380e25dcf9e2fbe9,0,0,256,256,wang_xizhi,xingshu,false,approved,刘小凡,2026-07-27,Imported from 王羲之-行; source member: Calli-Tongji/王羲之-行/孙.png
1,wang_xizhi_running_calli_tongji_beta:5b8c:6a60b2ecaed1,wang_xizhi_running_calli_tongji_beta,完,images/calli_tongji_beta/wang_xizhi_running_calli_tongji_beta/完_6a60b2ecaed1.png,official_open_dataset,https://www.modelscope.cn/datasets/CalliTongji/Calli-Tongji_A_Dataset_of_Historical_Calligraphy_Styles,CC-BY-NC-4.0,calli_tongji_beta,sha256:bae995df68a3469fe486939dd42b209145ab56d10f580990380e25dcf9e2fbe9,0,0,256,256,wang_xizhi,xingshu,false,approved,刘小凡,2026-07-27,Imported from 王羲之-行; source member: Calli-Tongji/王羲之-行/完.png
1,wang_xizhi_running_calli_tongji_beta:5b97:45a7f1ba4e74,wang_xizhi_running_calli_tongji_beta,宗,images/calli_tongji_beta/wang_xizhi_running_calli_tongji_beta/宗_45a7f1ba4e74.png,official_open_dataset,https://www.modelscope.cn/datasets/CalliTongji/Calli-Tongji_A_Dataset_of_Historical_Calligraphy_Styles,CC-BY-NC-4.0,calli_tongji_beta,sha256:bae995df68a3469fe486939dd42b209145ab56d10f580990380e25dcf9e2fbe9,0,0,256,256,wang_xizhi,xingshu,false,approved,刘小凡,2026-07-27,Imported from 王羲之-行; source member: Calli-Tongji/王羲之-行/宗.png
1,wang_xizhi_running_calli_tongji_beta:5bbf:dd03939f6dbe,wang_xizhi_running_calli_tongji_beta,宿,images/calli_tongji_beta/wang_xizhi_running_calli_tongji_beta/宿_dd03939f6dbe.png,official_open_dataset,https://www.modelscope.cn/datasets/CalliTongji/Calli-Tongji_A_Dataset_of_Historical_Calligraphy_Styles,CC-BY-NC-4.0,calli_tongji_beta,sha256:bae995df68a3469fe486939dd42b209145ab56d10f580990380e25dcf9e2fbe9,0,0,256,256,wang_xizhi,xingshu,false,approved,刘小凡,2026-07-27,Imported from 王羲之-行; source member: Calli-Tongji/王羲之-行/宿.png
1,wang_xizhi_running_calli_tongji_beta:5bd3:43f29f4efcc7,wang_xizhi_running_calli_tongji_beta,寓,images/calli_tongji_beta/wang_xizhi_running_calli_tongji_beta/寓_43f29f4efcc7.png,official_open_dataset,https://www.modelscope.cn/datasets/CalliTongji/Calli-Tongji_A_Dataset_of_Historical_Calligraphy_Styles,CC-BY-NC-4.0,calli_tongji_beta,sha256:bae995df68a3469fe486939dd42b209145ab56d10f580990380e25dcf9e2fbe9,0,0,256,256,wang_xizhi,xingshu,false,approved,刘小凡,2026-07-27,Imported from 王羲之-行; source member: Calli-Tongji/王羲之-行/寓.png
1,wang_xizhi_running_calli_tongji_beta:5bf8:12add680b8a9,wang_xizhi_running_calli_tongji_beta,寸,images/calli_tongji_beta/wang_xizhi_running_calli_tongji_beta/寸_12add680b8a9.png,official_open_dataset,https://www.modelscope.cn/datasets/CalliTongji/Calli-Tongji_A_Dataset_of_Historical_Calligraphy_Styles,CC-BY-NC-4.0,calli_tongji_beta,sha256:bae995df68a3469fe486939dd42b209145ab56d10f580990380e25dcf9e2fbe9,0,0,256,256,wang_xizhi,xingshu,false,approved,刘小凡,2026-07-27,Imported from 王羲之-行; source member: Calli-Tongji/王羲之-行/寸.png
1,wang_xizhi_running_calli_tongji_beta:5c04:059badeffe31,wang_xizhi_running_calli_tongji_beta,射,images/calli_tongji_beta/wang_xizhi_running_calli_tongji_beta/射_059badeffe31.png,official_open_dataset,https://www.modelscope.cn/datasets/CalliTongji/Calli-Tongji_A_Dataset_of_Historical_Calligraphy_Styles,CC-BY-NC-4.0,calli_tongji_beta,sha256:bae995df68a3469fe486939dd42b209145ab56d10f580990380e25dcf9e2fbe9,0,0,256,256,wang_xizhi,xingshu,false,approved,刘小凡,2026-07-27,Imported from 王羲之-行; source member: Calli-Tongji/王羲之-行/射.png
1,wang_xizhi_running_calli_tongji_beta:5c06:6b4722345e41,wang_xizhi_running_calli_tongji_beta,将,images/calli_tongji_beta/wang_xizhi_running_calli_tongji_beta/将_6b4722345e41.png,official_open_dataset,https://www.modelscope.cn/datasets/CalliTongji/Calli-Tongji_A_Dataset_of_Historical_Calligraphy_Styles,CC-BY-NC-4.0,calli_tongji_beta,sha256:bae995df68a3469fe486939dd42b209145ab56d10f580990380e25dcf9e2fbe9,0,0,256,256,wang_xizhi,xingshu,false,approved,刘小凡,2026-07-27,Imported from 王羲之-行; source member: Calli-Tongji/王羲之-行/将.png
1,wang_xizhi_running_calli_tongji_beta:5c09:2efaaddf5000,wang_xizhi_running_calli_tongji_beta,尉,images/calli_tongji_beta/wang_xizhi_running_calli_tongji_beta/尉_2efaaddf5000.png,official_open_dataset,https://www.modelscope.cn/datasets/CalliTongji/Calli-Tongji_A_Dataset_of_Historical_Calligraphy_Styles,CC-BY-NC-4.0,calli_tongji_beta,sha256:bae995df68a3469fe486939dd42b209145ab56d10f580990380e25dcf9e2fbe9,0,0,256,256,wang_xizhi,xingshu,false,approved,刘小凡,2026-07-27,Imported from 王羲之-行; source member: Calli-Tongji/王羲之-行/尉.png
1,wang_xizhi_running_calli_tongji_beta:5c31:ef6403c61202,wang_xizhi_running_calli_tongji_beta,就,images/calli_tongji_beta/wang_xizhi_running_calli_tongji_beta/就_ef6403c61202.png,official_open_dataset,https://www.modelscope.cn/datasets/CalliTongji/Calli-Tongji_A_Dataset_of_Historical_Calligraphy_Styles,CC-BY-NC-4.0,calli_tongji_beta,sha256:bae995df68a3469fe486939dd42b209145ab56d10f580990380e25dcf9e2fbe9,0,0,256,256,wang_xizhi,xingshu,false,approved,刘小凡,2026-07-27,Imported from 王羲之-行; source member: Calli-Tongji/王羲之-行/就.png
1,wang_xizhi_running_calli_tongji_beta:5c38:38fe4fdc889d,wang_xizhi_running_calli_tongji_beta,尸,images/calli_tongji_beta/wang_xizhi_running_calli_tongji_beta/尸_38fe4fdc889d.png,official_open_dataset,https://www.modelscope.cn/datasets/CalliTongji/Calli-Tongji_A_Dataset_of_Historical_Calligraphy_Styles,CC-BY-NC-4.0,calli_tongji_beta,sha256:bae995df68a3469fe486939dd42b209145ab56d10f580990380e25dcf9e2fbe9,0,0,256,256,wang_xizhi,xingshu,false,approved,刘小凡,2026-07-27,Imported from 王羲之-行; source member: Calli-Tongji/王羲之-行/尸.png
1,wang_xizhi_running_calli_tongji_beta:5c39:ba775f21d381,wang_xizhi_running_calli_tongji_beta,尹,images/calli_tongji_beta/wang_xizhi_running_calli_tongji_beta/尹_ba775f21d381.png,official_open_dataset,https://www.modelscope.cn/datasets/CalliTongji/Calli-Tongji_A_Dataset_of_Historical_Calligraphy_Styles,CC-BY-NC-4.0,calli_tongji_beta,sha256:bae995df68a3469fe486939dd42b209145ab56d10f580990380e25dcf9e2fbe9,0,0,256,256,wang_xizhi,xingshu,false,approved,刘小凡,2026-07-27,Imported from 王羲之-行; source member: Calli-Tongji/王羲之-行/尹.png
1,wang_xizhi_running_calli_tongji_beta:5ca9:afdc5ddeab17,wang_xizhi_running_calli_tongji_beta,岩,images/calli_tongji_beta/wang_xizhi_running_calli_tongji_beta/岩_afdc5ddeab17.png,official_open_dataset,https://www.modelscope.cn/datasets/CalliTongji/Calli-Tongji_A_Dataset_of_Historical_Calligraphy_Styles,CC-BY-NC-4.0,calli_tongji_beta,sha256:bae995df68a3469fe486939dd42b209145ab56d10f580990380e25dcf9e2fbe9,0,0,256,256,wang_xizhi,xingshu,false,approved,刘小凡,2026-07-27,Imported from 王羲之-行; source member: Calli-Tongji/王羲之-行/岩.png
1,wang_xizhi_running_calli_tongji_beta:5d57:8c8fb70e052e,wang_xizhi_running_calli_tongji_beta,嵗,images/calli_tongji_beta/wang_xizhi_running_calli_tongji_beta/嵗_8c8fb70e052e.png,official_open_dataset,https://www.modelscope.cn/datasets/CalliTongji/Calli-Tongji_A_Dataset_of_Historical_Calligraphy_Styles,CC-BY-NC-4.0,calli_tongji_beta,sha256:bae995df68a3469fe486939dd42b209145ab56d10f580990380e25dcf9e2fbe9,0,0,256,256,wang_xizhi,xingshu,false,approved,刘小凡,2026-07-27,Imported from 王羲之-行; source member: Calli-Tongji/王羲之-行/嵗.png
1,wang_xizhi_running_calli_tongji_beta:5dd6:1ee0825d7505,wang_xizhi_running_calli_tongji_beta,巖,images/calli_tongji_beta/wang_xizhi_running_calli_tongji_beta/巖_1ee0825d7505.png,official_open_dataset,https://www.modelscope.cn/datasets/CalliTongji/Calli-Tongji_A_Dataset_of_Historical_Calligraphy_Styles,CC-BY-NC-4.0,calli_tongji_beta,sha256:bae995df68a3469fe486939dd42b209145ab56d10f580990380e25dcf9e2fbe9,0,0,256,256,wang_xizhi,xingshu,false,approved,刘小凡,2026-07-27,Imported from 王羲之-行; source member: Calli-Tongji/王羲之-行/巖.png
1,wang_xizhi_running_calli_tongji_beta:5df2:886211c4ba6a,wang_xizhi_running_calli_tongji_beta,已,images/calli_tongji_beta/wang_xizhi_running_calli_tongji_beta/已_886211c4ba6a.png,official_open_dataset,https://www.modelscope.cn/datasets/CalliTongji/Calli-Tongji_A_Dataset_of_Historical_Calligraphy_Styles,CC-BY-NC-4.0,calli_tongji_beta,sha256:bae995df68a3469fe486939dd42b209145ab56d10f580990380e25dcf9e2fbe9,0,0,256,256,wang_xizhi,xingshu,false,approved,刘小凡,2026-07-27,Imported from 王羲之-行; source member: Calli-Tongji/王羲之-行/已.png
1,wang_xizhi_running_calli_tongji_beta:5df4:115232badaf0,wang_xizhi_running_calli_tongji_beta,巴,images/calli_tongji_beta/wang_xizhi_running_calli_tongji_beta/巴_115232badaf0.png,official_open_dataset,https://www.modelscope.cn/datasets/CalliTongji/Calli-Tongji_A_Dataset_of_Historical_Calligraphy_Styles,CC-BY-NC-4.0,calli_tongji_beta,sha256:bae995df68a3469fe486939dd42b209145ab56d10f580990380e25dcf9e2fbe9,0,0,256,256,wang_xizhi,xingshu,false,approved,刘小凡,2026-07-27,Imported from 王羲之-行; source member: Calli-Tongji/王羲之-行/巴.png
1,wang_xizhi_running_calli_tongji_beta:5e00:b7b4666449dc,wang_xizhi_running_calli_tongji_beta,帀,images/calli_tongji_beta/wang_xizhi_running_calli_tongji_beta/帀_b7b4666449dc.png,official_open_dataset,https://www.modelscope.cn/datasets/CalliTongji/Calli-Tongji_A_Dataset_of_Historical_Calligraphy_Styles,CC-BY-NC-4.0,calli_tongji_beta,sha256:bae995df68a3469fe486939dd42b209145ab56d10f580990380e25dcf9e2fbe9,0,0,256,256,wang_xizhi,xingshu,false,approved,刘小凡,2026-07-27,Imported from 王羲之-行; source member: Calli-Tongji/王羲之-行/帀.png
1,wang_xizhi_running_calli_tongji_beta:5e1b:849ea94bdd1f,wang_xizhi_running_calli_tongji_beta,帛,images/calli_tongji_beta/wang_xizhi_running_calli_tongji_beta/帛_849ea94bdd1f.png,official_open_dataset,https://www.modelscope.cn/datasets/CalliTongji/Calli-Tongji_A_Dataset_of_Historical_Calligraphy_Styles,CC-BY-NC-4.0,calli_tongji_beta,sha256:bae995df68a3469fe486939dd42b209145ab56d10f580990380e25dcf9e2fbe9,0,0,256,256,wang_xizhi,xingshu,false,approved,刘小凡,2026-07-27,Imported from 王羲之-行; source member: Calli-Tongji/王羲之-行/帛.png
1,wang_xizhi_running_calli_tongji_beta:5e37:6d7194155a79,wang_xizhi_running_calli_tongji_beta,帷,images/calli_tongji_beta/wang_xizhi_running_calli_tongji_beta/帷_6d7194155a79.png,official_open_dataset,https://www.modelscope.cn/datasets/CalliTongji/Calli-Tongji_A_Dataset_of_Historical_Calligraphy_Styles,CC-BY-NC-4.0,calli_tongji_beta,sha256:bae995df68a3469fe486939dd42b209145ab56d10f580990380e25dcf9e2fbe9,0,0,256,256,wang_xizhi,xingshu,false,approved,刘小凡,2026-07-27,Imported from 王羲之-行; source member: Calli-Tongji/王羲之-行/帷.png
1,wang_xizhi_running_calli_tongji_beta:5ea6:e7d6fa17211e,wang_xizhi_running_calli_tongji_beta,度,images/calli_tongji_beta/wang_xizhi_running_calli_tongji_beta/度_e7d6fa17211e.png,official_open_dataset,https://www.modelscope.cn/datasets/CalliTongji/Calli-Tongji_A_Dataset_of_Historical_Calligraphy_Styles,CC-BY-NC-4.0,calli_tongji_beta,sha256:bae995df68a3469fe486939dd42b209145ab56d10f580990380e25dcf9e2fbe9,0,0,256,256,wang_xizhi,xingshu,false,approved,刘小凡,2026-07-27,Imported from 王羲之-行; source member: Calli-Tongji/王羲之-行/度.png
1,wang_xizhi_running_calli_tongji_beta:5ebe:005f397ce8a6,wang_xizhi_running_calli_tongji_beta,庾,images/calli_tongji_beta/wang_xizhi_running_calli_tongji_beta/庾_005f397ce8a6.png,official_open_dataset,https://www.modelscope.cn/datasets/CalliTongji/Calli-Tongji_A_Dataset_of_Historical_Calligraphy_Styles,CC-BY-NC-4.0,calli_tongji_beta,sha256:bae995df68a3469fe486939dd42b209145ab56d10f580990380e25dcf9e2fbe9,0,0,256,256,wang_xizhi,xingshu,false,approved,刘小凡,2026-07-27,Imported from 王羲之-行; source member: Calli-Tongji/王羲之-行/庾.png
1,wang_xizhi_running_calli_tongji_beta:5efa:92cc52a878d0,wang_xizhi_running_calli_tongji_beta,建,images/calli_tongji_beta/wang_xizhi_running_calli_tongji_beta/建_92cc52a878d0.png,official_open_dataset,https://www.modelscope.cn/datasets/CalliTongji/Calli-Tongji_A_Dataset_of_Historical_Calligraphy_Styles,CC-BY-NC-4.0,calli_tongji_beta,sha256:bae995df68a3469fe486939dd42b209145ab56d10f580990380e25dcf9e2fbe9,0,0,256,256,wang_xizhi,xingshu,false,approved,刘小凡,2026-07-27,Imported from 王羲之-行; source member: Calli-Tongji/王羲之-行/建.png
1,wang_xizhi_running_calli_tongji_beta:5eff:261be2874ebf,wang_xizhi_running_calli_tongji_beta,廿,images/calli_tongji_beta/wang_xizhi_running_calli_tongji_beta/廿_261be2874ebf.png,official_open_dataset,https://www.modelscope.cn/datasets/CalliTongji/Calli-Tongji_A_Dataset_of_Historical_Calligraphy_Styles,CC-BY-NC-4.0,calli_tongji_beta,sha256:bae995df68a3469fe486939dd42b209145ab56d10f580990380e25dcf9e2fbe9,0,0,256,256,wang_xizhi,xingshu,false,approved,刘小凡,2026-07-27,Imported from 王羲之-行; source member: Calli-Tongji/王羲之-行/廿.png
1,wang_xizhi_running_calli_tongji_beta:5f03:adcdde2b550a,wang_xizhi_running_calli_tongji_beta,弃,images/calli_tongji_beta/wang_xizhi_running_calli_tongji_beta/弃_adcdde2b550a.png,official_open_dataset,https://www.modelscope.cn/datasets/CalliTongji/Calli-Tongji_A_Dataset_of_Historical_Calligraphy_Styles,CC-BY-NC-4.0,calli_tongji_beta,sha256:bae995df68a3469fe486939dd42b209145ab56d10f580990380e25dcf9e2fbe9,0,0,256,256,wang_xizhi,xingshu,false,approved,刘小凡,2026-07-27,Imported from 王羲之-行; source member: Calli-Tongji/王羲之-行/弃.png
1,wang_xizhi_running_calli_tongji_beta:5f3a:5fd741103d23,wang_xizhi_running_calli_tongji_beta,强,images/calli_tongji_beta/wang_xizhi_running_calli_tongji_beta/强_5fd741103d23.png,official_open_dataset,https://www.modelscope.cn/datasets/CalliTongji/Calli-Tongji_A_Dataset_of_Historical_Calligraphy_Styles,CC-BY-NC-4.0,calli_tongji_beta,sha256:bae995df68a3469fe486939dd42b209145ab56d10f580990380e25dcf9e2fbe9,0,0,256,256,wang_xizhi,xingshu,false,approved,刘小凡,2026-07-27,Imported from 王羲之-行; source member: Calli-Tongji/王羲之-行/强.png
1,wang_xizhi_running_calli_tongji_beta:5f8b:4d75f097c5a6,wang_xizhi_running_calli_tongji_beta,律,images/calli_tongji_beta/wang_xizhi_running_calli_tongji_beta/律_4d75f097c5a6.png,official_open_dataset,https://www.modelscope.cn/datasets/CalliTongji/Calli-Tongji_A_Dataset_of_Historical_Calligraphy_Styles,CC-BY-NC-4.0,calli_tongji_beta,sha256:bae995df68a3469fe486939dd42b209145ab56d10f580990380e25dcf9e2fbe9,0,0,256,256,wang_xizhi,xingshu,false,approved,刘小凡,2026-07-27,Imported from 王羲之-行; source member: Calli-Tongji/王羲之-行/律.png
1,wang_xizhi_running_calli_tongji_beta:5f98:bb28128612f8,wang_xizhi_running_calli_tongji_beta,徘,images/calli_tongji_beta/wang_xizhi_running_calli_tongji_beta/徘_bb28128612f8.png,official_open_dataset,https://www.modelscope.cn/datasets/CalliTongji/Calli-Tongji_A_Dataset_of_Historical_Calligraphy_Styles,CC-BY-NC-4.0,calli_tongji_beta,sha256:bae995df68a3469fe486939dd42b209145ab56d10f580990380e25dcf9e2fbe9,0,0,256,256,wang_xizhi,xingshu,false,approved,刘小凡,2026-07-27,Imported from 王羲之-行; source member: Calli-Tongji/王羲之-行/徘.png
1,wang_xizhi_running_calli_tongji_beta:5fc9:d71d11ff940c,wang_xizhi_running_calli_tongji_beta,忉,images/calli_tongji_beta/wang_xizhi_running_calli_tongji_beta/忉_d71d11ff940c.png,official_open_dataset,https://www.modelscope.cn/datasets/CalliTongji/Calli-Tongji_A_Dataset_of_Historical_Calligraphy_Styles,CC-BY-NC-4.0,calli_tongji_beta,sha256:bae995df68a3469fe486939dd42b209145ab56d10f580990380e25dcf9e2fbe9,0,0,256,256,wang_xizhi,xingshu,false,approved,刘小凡,2026-07-27,Imported from 王羲之-行; source member: Calli-Tongji/王羲之-行/忉.png
1,wang_xizhi_running_calli_tongji_beta:601d:6870c9cf4cac,wang_xizhi_running_calli_tongji_beta,思,images/calli_tongji_beta/wang_xizhi_running_calli_tongji_beta/思_6870c9cf4cac.png,official_open_dataset,https://www.modelscope.cn/datasets/CalliTongji/Calli-Tongji_A_Dataset_of_Historical_Calligraphy_Styles,CC-BY-NC-4.0,calli_tongji_beta,sha256:bae995df68a3469fe486939dd42b209145ab56d10f580990380e25dcf9e2fbe9,0,0,256,256,wang_xizhi,xingshu,false,approved,刘小凡,2026-07-27,Imported from 王羲之-行; source member: Calli-Tongji/王羲之-行/思.png
1,wang_xizhi_running_calli_tongji_beta:6025:79133eaa943f,wang_xizhi_running_calli_tongji_beta,急,images/calli_tongji_beta/wang_xizhi_running_calli_tongji_beta/急_79133eaa943f.png,official_open_dataset,https://www.modelscope.cn/datasets/CalliTongji/Calli-Tongji_A_Dataset_of_Historical_Calligraphy_Styles,CC-BY-NC-4.0,calli_tongji_beta,sha256:bae995df68a3469fe486939dd42b209145ab56d10f580990380e25dcf9e2fbe9,0,0,256,256,wang_xizhi,xingshu,false,approved,刘小凡,2026-07-27,Imported from 王羲之-行; source member: Calli-Tongji/王羲之-行/急.png
1,wang_xizhi_running_calli_tongji_beta:606f:4b80138cec9c,wang_xizhi_running_calli_tongji_beta,息,images/calli_tongji_beta/wang_xizhi_running_calli_tongji_beta/息_4b80138cec9c.png,official_open_dataset,https://www.modelscope.cn/datasets/CalliTongji/Calli-Tongji_A_Dataset_of_Historical_Calligraphy_Styles,CC-BY-NC-4.0,calli_tongji_beta,sha256:bae995df68a3469fe486939dd42b209145ab56d10f580990380e25dcf9e2fbe9,0,0,256,256,wang_xizhi,xingshu,false,approved,刘小凡,2026-07-27,Imported from 王羲之-行; source member: Calli-Tongji/王羲之-行/息.png
1,wang_xizhi_running_calli_tongji_beta:6076:99ed47939cff,wang_xizhi_running_calli_tongji_beta,恶,images/calli_tongji_beta/wang_xizhi_running_calli_tongji_beta/恶_99ed47939cff.png,official_open_dataset,https://www.modelscope.cn/datasets/CalliTongji/Calli-Tongji_A_Dataset_of_Historical_Calligraphy_Styles,CC-BY-NC-4.0,calli_tongji_beta,sha256:bae995df68a3469fe486939dd42b209145ab56d10f580990380e25dcf9e2fbe9,0,0,256,256,wang_xizhi,xingshu,false,approved,刘小凡,2026-07-27,Imported from 王羲之-行; source member: Calli-Tongji/王羲之-行/恶.png
1,wang_xizhi_running_calli_tongji_beta:60d3:e4abdec2a253,wang_xizhi_running_calli_tongji_beta,惓,images/calli_tongji_beta/wang_xizhi_running_calli_tongji_beta/惓_e4abdec2a253.png,official_open_dataset,https://www.modelscope.cn/datasets/CalliTongji/Calli-Tongji_A_Dataset_of_Historical_Calligraphy_Styles,CC-BY-NC-4.0,calli_tongji_beta,sha256:bae995df68a3469fe486939dd42b209145ab56d10f580990380e25dcf9e2fbe9,0,0,256,256,wang_xizhi,xingshu,false,approved,刘小凡,2026-07-27,Imported from 王羲之-行; source member: Calli-Tongji/王羲之-行/惓.png
1,wang_xizhi_running_calli_tongji_beta:61c8:ddec449b5256,wang_xizhi_running_calli_tongji_beta,懈,images/calli_tongji_beta/wang_xizhi_running_calli_tongji_beta/懈_ddec449b5256.png,official_open_dataset,https://www.modelscope.cn/datasets/CalliTongji/Calli-Tongji_A_Dataset_of_Historical_Calligraphy_Styles,CC-BY-NC-4.0,calli_tongji_beta,sha256:bae995df68a3469fe486939dd42b209145ab56d10f580990380e25dcf9e2fbe9,0,0,256,256,wang_xizhi,xingshu,false,approved,刘小凡,2026-07-27,Imported from 王羲之-行; source member: Calli-Tongji/王羲之-行/懈.png
1,wang_xizhi_running_calli_tongji_beta:61f7:52c95f25f6d6,wang_xizhi_running_calli_tongji_beta,懷,images/calli_tongji_beta/wang_xizhi_running_calli_tongji_beta/懷_52c95f25f6d6.png,official_open_dataset,https://www.modelscope.cn/datasets/CalliTongji/Calli-Tongji_A_Dataset_of_Historical_Calligraphy_Styles,CC-BY-NC-4.0,calli_tongji_beta,sha256:bae995df68a3469fe486939dd42b209145ab56d10f580990380e25dcf9e2fbe9,0,0,256,256,wang_xizhi,xingshu,false,approved,刘小凡,2026-07-27,Imported from 王羲之-行; source member: Calli-Tongji/王羲之-行/懷.png
1,wang_xizhi_running_calli_tongji_beta:6200:67d662dba689,wang_xizhi_running_calli_tongji_beta,戀,images/calli_tongji_beta/wang_xizhi_running_calli_tongji_beta/戀_67d662dba689.png,official_open_dataset,https://www.modelscope.cn/datasets/CalliTongji/Calli-Tongji_A_Dataset_of_Historical_Calligraphy_Styles,CC-BY-NC-4.0,calli_tongji_beta,sha256:bae995df68a3469fe486939dd42b209145ab56d10f580990380e25dcf9e2fbe9,0,0,256,256,wang_xizhi,xingshu,false,approved,刘小凡,2026-07-27,Imported from 王羲之-行; source member: Calli-Tongji/王羲之-行/戀.png
1,wang_xizhi_running_calli_tongji_beta:6210:b92de362bbc2,wang_xizhi_running_calli_tongji_beta,成,images/calli_tongji_beta/wang_xizhi_running_calli_tongji_beta/成_b92de362bbc2.png,official_open_dataset,https://www.modelscope.cn/datasets/CalliTongji/Calli-Tongji_A_Dataset_of_Historical_Calligraphy_Styles,CC-BY-NC-4.0,calli_tongji_beta,sha256:bae995df68a3469fe486939dd42b209145ab56d10f580990380e25dcf9e2fbe9,0,0,256,256,wang_xizhi,xingshu,false,approved,刘小凡,2026-07-27,Imported from 王羲之-行; source member: Calli-Tongji/王羲之-行/成.png
1,wang_xizhi_running_calli_tongji_beta:6216:f9e90a2d9bab,wang_xizhi_running_calli_tongji_beta,或,images/calli_tongji_beta/wang_xizhi_running_calli_tongji_beta/或_f9e90a2d9bab.png,official_open_dataset,https://www.modelscope.cn/datasets/CalliTongji/Calli-Tongji_A_Dataset_of_Historical_Calligraphy_Styles,CC-BY-NC-4.0,calli_tongji_beta,sha256:bae995df68a3469fe486939dd42b209145ab56d10f580990380e25dcf9e2fbe9,0,0,256,256,wang_xizhi,xingshu,false,approved,刘小凡,2026-07-27,Imported from 王羲之-行; source member: Calli-Tongji/王羲之-行/或.png
1,wang_xizhi_running_calli_tongji_beta:6278:83ce7939877c,wang_xizhi_running_calli_tongji_beta,扸,images/calli_tongji_beta/wang_xizhi_running_calli_tongji_beta/扸_83ce7939877c.png,official_open_dataset,https://www.modelscope.cn/datasets/CalliTongji/Calli-Tongji_A_Dataset_of_Historical_Calligraphy_Styles,CC-BY-NC-4.0,calli_tongji_beta,sha256:bae995df68a3469fe486939dd42b209145ab56d10f580990380e25dcf9e2fbe9,0,0,256,256,wang_xizhi,xingshu,false,approved,刘小凡,2026-07-27,Imported from 王羲之-行; source member: Calli-Tongji/王羲之-行/扸.png
1,wang_xizhi_running_calli_tongji_beta:6279:01dd947b4098,wang_xizhi_running_calli_tongji_beta,批,images/calli_tongji_beta/wang_xizhi_running_calli_tongji_beta/批_01dd947b4098.png,official_open_dataset,https://www.modelscope.cn/datasets/CalliTongji/Calli-Tongji_A_Dataset_of_Historical_Calligraphy_Styles,CC-BY-NC-4.0,calli_tongji_beta,sha256:bae995df68a3469fe486939dd42b209145ab56d10f580990380e25dcf9e2fbe9,0,0,256,256,wang_xizhi,xingshu,false,approved,刘小凡,2026-07-27,Imported from 王羲之-行; source member: Calli-Tongji/王羲之-行/批.png
1,wang_xizhi_running_calli_tongji_beta:62a4:04f3b44ad902,wang_xizhi_running_calli_tongji_beta,护,images/calli_tongji_beta/wang_xizhi_running_calli_tongji_beta/护_04f3b44ad902.png,official_open_dataset,https://www.modelscope.cn/datasets/CalliTongji/Calli-Tongji_A_Dataset_of_Historical_Calligraphy_Styles,CC-BY-NC-4.0,calli_tongji_beta,sha256:bae995df68a3469fe486939dd42b209145ab56d10f580990380e25dcf9e2fbe9,0,0,256,256,wang_xizhi,xingshu,false,approved,刘小凡,2026-07-27,Imported from 王羲之-行; source member: Calli-Tongji/王羲之-行/护.png
1,wang_xizhi_running_calli_tongji_beta:62c8:e54cc4a740b3,wang_xizhi_running_calli_tongji_beta,拈,images/calli_tongji_beta/wang_xizhi_running_calli_tongji_beta/拈_e54cc4a740b3.png,official_open_dataset,https://www.modelscope.cn/datasets/CalliTongji/Calli-Tongji_A_Dataset_of_Historical_Calligraphy_Styles,CC-BY-NC-4.0,calli_tongji_beta,sha256:bae995df68a3469fe486939dd42b209145ab56d10f580990380e25dcf9e2fbe9,0,0,256,256,wang_xizhi,xingshu,false,approved,刘小凡,2026-07-27,Imported from 王羲之-行; source member: Calli-Tongji/王羲之-行/拈.png
1,wang_xizhi_running_calli_tongji_beta:6307:97faea0328c3,wang_xizhi_running_calli_tongji_beta,指,images/calli_tongji_beta/wang_xizhi_running_calli_tongji_beta/指_97faea0328c3.png,official_open_dataset,https://www.modelscope.cn/datasets/CalliTongji/Calli-Tongji_A_Dataset_of_Historical_Calligraphy_Styles,CC-BY-NC-4.0,calli_tongji_beta,sha256:bae995df68a3469fe486939dd42b209145ab56d10f580990380e25dcf9e2fbe9,0,0,256,256,wang_xizhi,xingshu,false,approved,刘小凡,2026-07-27,Imported from 王羲之-行; source member: Calli-Tongji/王羲之-行/指.png
1,wang_xizhi_running_calli_tongji_beta:6339:12e324f56dab,wang_xizhi_running_calli_tongji_beta,挹,images/calli_tongji_beta/wang_xizhi_running_calli_tongji_beta/挹_12e324f56dab.png,official_open_dataset,https://www.modelscope.cn/datasets/CalliTongji/Calli-Tongji_A_Dataset_of_Historical_Calligraphy_Styles,CC-BY-NC-4.0,calli_tongji_beta,sha256:bae995df68a3469fe486939dd42b209145ab56d10f580990380e25dcf9e2fbe9,0,0,256,256,wang_xizhi,xingshu,false,approved,刘小凡,2026-07-27,Imported from 王羲之-行; source member: Calli-Tongji/王羲之-行/挹.png
1,wang_xizhi_running_calli_tongji_beta:655b:e5d5a0560f83,wang_xizhi_running_calli_tongji_beta,敛,images/calli_tongji_beta/wang_xizhi_running_calli_tongji_beta/敛_e5d5a0560f83.png,official_open_dataset,https://www.modelscope.cn/datasets/CalliTongji/Calli-Tongji_A_Dataset_of_Historical_Calligraphy_Styles,CC-BY-NC-4.0,calli_tongji_beta,sha256:bae995df68a3469fe486939dd42b209145ab56d10f580990380e25dcf9e2fbe9,0,0,256,256,wang_xizhi,xingshu,false,approved,刘小凡,2026-07-27,Imported from 王羲之-行; source member: Calli-Tongji/王羲之-行/敛.png
1,wang_xizhi_running_calli_tongji_beta:65a5:9ca606511c04,wang_xizhi_running_calli_tongji_beta,斥,images/calli_tongji_beta/wang_xizhi_running_calli_tongji_beta/斥_9ca606511c04.png,official_open_dataset,https://www.modelscope.cn/datasets/CalliTongji/Calli-Tongji_A_Dataset_of_Historical_Calligraphy_Styles,CC-BY-NC-4.0,calli_tongji_beta,sha256:bae995df68a3469fe486939dd42b209145ab56d10f580990380e25dcf9e2fbe9,0,0,256,256,wang_xizhi,xingshu,false,approved,刘小凡,2026-07-27,Imported from 王羲之-行; source member: Calli-Tongji/王羲之-行/斥.png
1,wang_xizhi_running_calli_tongji_beta:65bd:d8a28bc3e356,wang_xizhi_running_calli_tongji_beta,施,images/calli_tongji_beta/wang_xizhi_running_calli_tongji_beta/施_d8a28bc3e356.png,official_open_dataset,https://www.modelscope.cn/datasets/CalliTongji/Calli-Tongji_A_Dataset_of_Historical_Calligraphy_Styles,CC-BY-NC-4.0,calli_tongji_beta,sha256:bae995df68a3469fe486939dd42b209145ab56d10f580990380e25dcf9e2fbe9,0,0,256,256,wang_xizhi,xingshu,false,approved,刘小凡,2026-07-27,Imported from 王羲之-行; source member: Calli-Tongji/王羲之-行/施.png
