"schema_version","data_version","sample_id","char_id","char_name","sample_index","source_id","writer_id","sample_dir","image_path","image_width","image_height","stacked_mask_path","stacked_mask_shape","vec1_path","vec2_path","vec3_path","vec4_path","vec5_path","keypoint_path","vec1_shape","vec2_shape","vec3_shape","vec4_shape","vec5_shape","keypoint_shape","has_all_masks","split_group_key","errors"
"1","legacy_gt_identity_v1","0/0","0","","0","","","","","500","500","","500x500x6","","","","","","","500x500","500x500","500x500","500x500","500x500","500x500","true","0/0",""
"1","legacy_gt_identity_v1","0/1","0","","1","","","","","500","500","","500x500x6","","","","","","","500x500","500x500","500x500","500x500","500x500","500x500","true","1",""
"1","legacy_gt_identity_v1","0/10","0","","10","","","","","500","500","","500x500x6","","","","","","","500x500","500x500","500x500","500x500","500x500","500x500","true","10",""
"1","legacy_gt_identity_v1","0/11","0","","11","","","","","500","500","","500x500x6","","","","","","","500x500","500x500","500x500","500x500","500x500","500x500","true","11",""
"1","legacy_gt_identity_v1","0/12","0","","12","","","","","500","500","","500x500x6","","","","","","","500x500","500x500","500x500","500x500","500x500","500x500","true","12",""
"1","legacy_gt_identity_v1","0/13","0","","13","","","","","500","500","","500x500x6","","","","","","","500x500","500x500","500x500","500x500","500x500","500x500","true","13",""
"1","legacy_gt_identity_v1","0/14","0","","14","","","","","500","500","","500x500x6","","","","","","","500x500","500x500","500x500","500x500","500x500","500x500","true","14",""
"1","legacy_gt_identity_v1","0/15","0","","15","","","","","500","500","","500x500x6","","","","","","","500x500","500x500","500x500","500x500","500x500","500x500","true","15",""
"1","legacy_gt_identity_v1","0/16","0","","16","","","","","500","500","","500x500x6","","","","","","","500x500","500x500","500x500","500x500","500x500","500x500","true","16",""
"1","legacy_gt_identity_v1","0/17","0","","17","","","","","500","500","","500x500x6","","","","","","","500x500","500x500","500x500","500x500","500x500","500x500","true","17",""
"1","legacy_gt_identity_v1","0/18","0","","18","","","","","500","500","","500x500x6","","","","","","","500x500","500x500","500x500","500x500","500x500","500x500","true","18",""
"1","legacy_gt_identity_v1","0/19","0","","19","","","","","500","500","","500x500x6","","","","","","","500x500","500x500","500x500","500x500","500x500","500x500","true","19",""
"1","legacy_gt_identity_v1","0/2","0","","2","","","","","500","500","","500x500x6","","","","","","","500x500","500x500","500x500","500x500","500x500","500x500","true","2",""
"1","legacy_gt_identity_v1","0/20","0","","20","","","","","500","500","","500x500x6","","","","","","","500x500","500x500","500x500","500x500","500x500","500x500","true","20",""
"1","legacy_gt_identity_v1","0/3","0","","3","","","","","500","500","","500x500x6","","","","","","","500x500","500x500","500x500","500x500","500x500","500x500","true","3",""
"1","legacy_gt_identity_v1","0/4","0","","4","","","","","500","500","","500x500x6","","","","","","","500x500","500x500","500x500","500x500","500x500","500x500","true","4",""
"1","legacy_gt_identity_v1","0/5","0","","5","","","","","500","500","","500x500x6","","","","","","","500x500","500x500","500x500","500x500","500x500","500x500","true","5",""
"1","legacy_gt_identity_v1","0/6","0","","6","","","","","500","500","","500x500x6","","","","","","","500x500","500x500","500x500","500x500","500x500","500x500","true","6",""
"1","legacy_gt_identity_v1","0/7","0","","7","","","","","500","500","","500x500x6","","","","","","","500x500","500x500","500x500","500x500","500x500","500x500","true","7",""
"1","legacy_gt_identity_v1","0/8","0","","8","","","","","500","500","","500x500x6","","","","","","","500x500","500x500","500x500","500x500","500x500","500x500","true","8",""
"1","legacy_gt_identity_v1","0/9","0","","9","","","","","500","500","","500x500x6","","","","","","","500x500","500x500","500x500","500x500","500x500","500x500","true","9",""
"1","legacy_gt_identity_v1","1/0","1","","0","","","","","500","500","","500x500x6","","","","","","","500x500","500x500","500x500","500x500","500x500","500x500","true","1/0",""
"1","legacy_gt_identity_v1","1/1","1","","1","","","","","500","500","","500x500x6","","","","","","","500x500","500x500","500x500","500x500","500x500","500x500","true","1",""
"1","legacy_gt_identity_v1","1/10","1","","10","","","","","500","500","","500x500x6","","","","","","","500x500","500x500","500x500","500x500","500x500","500x500","true","10",""
"1","legacy_gt_identity_v1","1/11","1","","11","","","","","500","500","","500x500x6","","","","","","","500x500","500x500","500x500","500x500","500x500","500x500","true","11",""
"1","legacy_gt_identity_v1","1/12","1","","12","","","","","500","500","","500x500x6","","","","","","","500x500","500x500","500x500","500x500","500x500","500x500","true","12",""
"1","legacy_gt_identity_v1","1/13","1","","13","","","","","500","500","","500x500x6","","","","","","","500x500","500x500","500x500","500x500","500x500","500x500","true","13",""
"1","legacy_gt_identity_v1","1/14","1","","14","","","","","500","500","","500x500x6","","","","","","","500x500","500x500","500x500","500x500","500x500","500x500","true","14",""
"1","legacy_gt_identity_v1","1/15","1","","15","","","","","500","500","","500x500x6","","","","","","","500x500","500x500","500x500","500x500","500x500","500x500","true","15",""
"1","legacy_gt_identity_v1","1/16","1","","16","","","","","500","500","","500x500x6","","","","","","","500x500","500x500","500x500","500x500","500x500","500x500","true","16",""
"1","legacy_gt_identity_v1","1/17","1","","17","","","","","500","500","","500x500x6","","","","","","","500x500","500x500","500x500","500x500","500x500","500x500","true","17",""
"1","legacy_gt_identity_v1","1/18","1","","18","","","","","500","500","","500x500x6","","","","","","","500x500","500x500","500x500","500x500","500x500","500x500","true","18",""
"1","legacy_gt_identity_v1","1/19","1","","19","","","","","500","500","","500x500x6","","","","","","","500x500","500x500","500x500","500x500","500x500","500x500","true","19",""
"1","legacy_gt_identity_v1","1/2","1","","2","","","","","500","500","","500x500x6","","","","","","","500x500","500x500","500x500","500x500","500x500","500x500","true","2",""
"1","legacy_gt_identity_v1","1/20","1","","20","","","","","500","500","","500x500x6","","","","","","","500x500","500x500","500x500","500x500","500x500","500x500","true","20",""
"1","legacy_gt_identity_v1","1/3","1","","3","","","","","500","500","","500x500x6","","","","","","","500x500","500x500","500x500","500x500","500x500","500x500","true","3",""
"1","legacy_gt_identity_v1","1/4","1","","4","","","","","500","500","","500x500x6","","","","","","","500x500","500x500","500x500","500x500","500x500","500x500","true","4",""
"1","legacy_gt_identity_v1","1/5","1","","5","","","","","500","500","","500x500x6","","","","","","","500x500","500x500","500x500","500x500","500x500","500x500","true","5",""
"1","legacy_gt_identity_v1","1/6","1","","6","","","","","500","500","","500x500x6","","","","","","","500x500","500x500","500x500","500x500","500x500","500x500","true","6",""
"1","legacy_gt_identity_v1","1/7","1","","7","","","","","500","500","","500x500x6","","","","","","","500x500","500x500","500x500","500x500","500x500","500x500","true","7",""
"1","legacy_gt_identity_v1","1/8","1","","8","","","","","500","500","","500x500x6","","","","","","","500x500","500x500","500x500","500x500","500x500","500x500","true","8",""
"1","legacy_gt_identity_v1","1/9","1","","9","","","","","500","500","","500x500x6","","","","","","","500x500","500x500","500x500","500x500","500x500","500x500","true","9",""
"1","legacy_gt_identity_v1","10/0","10","","0","","","","","500","500","","500x500x6","","","","","","","500x500","500x500","500x500","500x500","500x500","500x500","true","10/0",""
"1","legacy_gt_identity_v1","10/1","10","","1","","","","","500","500","","500x500x6","","","","","","","500x500","500x500","500x500","500x500","500x500","500x500","true","1",""
"1","legacy_gt_identity_v1","10/10","10","","10","","","","","500","500","","500x500x6","","","","","","","500x500","500x500","500x500","500x500","500x500","500x500","true","10",""
"1","legacy_gt_identity_v1","10/11","10","","11","","","","","500","500","","500x500x6","","","","","","","500x500","500x500","500x500","500x500","500x500","500x500","true","11",""
"1","legacy_gt_identity_v1","10/12","10","","12","","","","","500","500","","500x500x6","","","","","","","500x500","500x500","500x500","500x500","500x500","500x500","true","12",""
"1","legacy_gt_identity_v1","10/13","10","","13","","","","","500","500","","500x500x6","","","","","","","500x500","500x500","500x500","500x500","500x500","500x500","true","13",""
"1","legacy_gt_identity_v1","10/14","10","","14","","","","","500","500","","500x500x6","","","","","","","500x500","500x500","500x500","500x500","500x500","500x500","true","14",""
"1","legacy_gt_identity_v1","10/15","10","","15","","","","","500","500","","500x500x6","","","","","","","500x500","500x500","500x500","500x500","500x500","500x500","true","15",""
"1","legacy_gt_identity_v1","10/16","10","","16","","","","","500","500","","500x500x6","","","","","","","500x500","500x500","500x500","500x500","500x500","500x500","true","16",""
"1","legacy_gt_identity_v1","10/17","10","","17","","","","","500","500","","500x500x6","","","","","","","500x500","500x500","500x500","500x500","500x500","500x500","true","17",""
"1","legacy_gt_identity_v1","10/18","10","","18","","","","","500","500","","500x500x6","","","","","","","500x500","500x500","500x500","500x500","500x500","500x500","true","18",""
"1","legacy_gt_identity_v1","10/19","10","","19","","","","","500","500","","500x500x6","","","","","","","500x500","500x500","500x500","500x500","500x500","500x500","true","19",""
"1","legacy_gt_identity_v1","10/2","10","","2","","","","","500","500","","500x500x6","","","","","","","500x500","500x500","500x500","500x500","500x500","500x500","true","2",""
"1","legacy_gt_identity_v1","10/20","10","","20","","","","","500","500","","500x500x6","","","","","","","500x500","500x500","500x500","500x500","500x500","500x500","true","20",""
"1","legacy_gt_identity_v1","10/3","10","","3","","","","","500","500","","500x500x6","","","","","","","500x500","500x500","500x500","500x500","500x500","500x500","true","3",""
"1","legacy_gt_identity_v1","10/4","10","","4","","","","","500","500","","500x500x6","","","","","","","500x500","500x500","500x500","500x500","500x500","500x500","true","4",""
"1","legacy_gt_identity_v1","10/5","10","","5","","","","","500","500","","500x500x6","","","","","","","500x500","500x500","500x500","500x500","500x500","500x500","true","5",""
"1","legacy_gt_identity_v1","10/6","10","","6","","","","","500","500","","500x500x6","","","","","","","500x500","500x500","500x500","500x500","500x500","500x500","true","6",""
"1","legacy_gt_identity_v1","10/7","10","","7","","","","","500","500","","500x500x6","","","","","","","500x500","500x500","500x500","500x500","500x500","500x500","true","7",""
"1","legacy_gt_identity_v1","10/8","10","","8","","","","","500","500","","500x500x6","","","","","","","500x500","500x500","500x500","500x500","500x500","500x500","true","8",""
"1","legacy_gt_identity_v1","10/9","10","","9","","","","","500","500","","500x500x6","","","","","","","500x500","500x500","500x500","500x500","500x500","500x500","true","9",""
"1","legacy_gt_identity_v1","11/0","11","","0","","","","","500","500","","500x500x6","","","","","","","500x500","500x500","500x500","500x500","500x500","500x500","true","11/0",""
"1","legacy_gt_identity_v1","11/1","11","","1","","","","","500","500","","500x500x6","","","","","","","500x500","500x500","500x500","500x500","500x500","500x500","true","1",""
"1","legacy_gt_identity_v1","11/10","11","","10","","","","","500","500","","500x500x6","","","","","","","500x500","500x500","500x500","500x500","500x500","500x500","true","10",""
"1","legacy_gt_identity_v1","11/11","11","","11","","","","","500","500","","500x500x6","","","","","","","500x500","500x500","500x500","500x500","500x500","500x500","true","11",""
"1","legacy_gt_identity_v1","11/12","11","","12","","","","","500","500","","500x500x6","","","","","","","500x500","500x500","500x500","500x500","500x500","500x500","true","12",""
"1","legacy_gt_identity_v1","11/13","11","","13","","","","","500","500","","500x500x6","","","","","","","500x500","500x500","500x500","500x500","500x500","500x500","true","13",""
"1","legacy_gt_identity_v1","11/14","11","","14","","","","","500","500","","500x500x6","","","","","","","500x500","500x500","500x500","500x500","500x500","500x500","true","14",""
"1","legacy_gt_identity_v1","11/15","11","","15","","","","","500","500","","500x500x6","","","","","","","500x500","500x500","500x500","500x500","500x500","500x500","true","15",""
"1","legacy_gt_identity_v1","11/16","11","","16","","","","","500","500","","500x500x6","","","","","","","500x500","500x500","500x500","500x500","500x500","500x500","true","16",""
"1","legacy_gt_identity_v1","11/17","11","","17","","","","","500","500","","500x500x6","","","","","","","500x500","500x500","500x500","500x500","500x500","500x500","true","17",""
"1","legacy_gt_identity_v1","11/18","11","","18","","","","","500","500","","500x500x6","","","","","","","500x500","500x500","500x500","500x500","500x500","500x500","true","18",""
"1","legacy_gt_identity_v1","11/19","11","","19","","","","","500","500","","500x500x6","","","","","","","500x500","500x500","500x500","500x500","500x500","500x500","true","19",""
"1","legacy_gt_identity_v1","11/2","11","","2","","","","","500","500","","500x500x6","","","","","","","500x500","500x500","500x500","500x500","500x500","500x500","true","2",""
"1","legacy_gt_identity_v1","11/20","11","","20","","","","","500","500","","500x500x6","","","","","","","500x500","500x500","500x500","500x500","500x500","500x500","true","20",""
"1","legacy_gt_identity_v1","11/3","11","","3","","","","","500","500","","500x500x6","","","","","","","500x500","500x500","500x500","500x500","500x500","500x500","true","3",""
"1","legacy_gt_identity_v1","11/4","11","","4","","","","","500","500","","500x500x6","","","","","","","500x500","500x500","500x500","500x500","500x500","500x500","true","4",""
"1","legacy_gt_identity_v1","11/5","11","","5","","","","","500","500","","500x500x6","","","","","","","500x500","500x500","500x500","500x500","500x500","500x500","true","5",""
"1","legacy_gt_identity_v1","11/6","11","","6","","","","","500","500","","500x500x6","","","","","","","500x500","500x500","500x500","500x500","500x500","500x500","true","6",""
"1","legacy_gt_identity_v1","11/7","11","","7","","","","","500","500","","500x500x6","","","","","","","500x500","500x500","500x500","500x500","500x500","500x500","true","7",""
"1","legacy_gt_identity_v1","11/8","11","","8","","","","","500","500","","500x500x6","","","","","","","500x500","500x500","500x500","500x500","500x500","500x500","true","8",""
"1","legacy_gt_identity_v1","11/9","11","","9","","","","","500","500","","500x500x6","","","","","","","500x500","500x500","500x500","500x500","500x500","500x500","true","9",""
"1","legacy_gt_identity_v1","12/0","12","","0","","","","","500","500","","500x500x6","","","","","","","500x500","500x500","500x500","500x500","500x500","500x500","true","12/0",""
"1","legacy_gt_identity_v1","12/1","12","","1","","","","","500","500","","500x500x6","","","","","","","500x500","500x500","500x500","500x500","500x500","500x500","true","1",""
"1","legacy_gt_identity_v1","12/10","12","","10","","","","","500","500","","500x500x6","","","","","","","500x500","500x500","500x500","500x500","500x500","500x500","true","10",""
"1","legacy_gt_identity_v1","12/11","12","","11","","","","","500","500","","500x500x6","","","","","","","500x500","500x500","500x500","500x500","500x500","500x500","true","11",""
"1","legacy_gt_identity_v1","12/12","12","","12","","","","","500","500","","500x500x6","","","","","","","500x500","500x500","500x500","500x500","500x500","500x500","true","12",""
"1","legacy_gt_identity_v1","12/13","12","","13","","","","","500","500","","500x500x6","","","","","","","500x500","500x500","500x500","500x500","500x500","500x500","true","13",""
"1","legacy_gt_identity_v1","12/14","12","","14","","","","","500","500","","500x500x6","","","","","","","500x500","500x500","500x500","500x500","500x500","500x500","true","14",""
"1","legacy_gt_identity_v1","12/15","12","","15","","","","","500","500","","500x500x6","","","","","","","500x500","500x500","500x500","500x500","500x500","500x500","true","15",""
"1","legacy_gt_identity_v1","12/16","12","","16","","","","","500","500","","500x500x6","","","","","","","500x500","500x500","500x500","500x500","500x500","500x500","true","16",""
"1","legacy_gt_identity_v1","12/17","12","","17","","","","","500","500","","500x500x6","","","","","","","500x500","500x500","500x500","500x500","500x500","500x500","true","17",""
"1","legacy_gt_identity_v1","12/18","12","","18","","","","","500","500","","500x500x6","","","","","","","500x500","500x500","500x500","500x500","500x500","500x500","true","18",""
"1","legacy_gt_identity_v1","12/19","12","","19","","","","","500","500","","500x500x6","","","","","","","500x500","500x500","500x500","500x500","500x500","500x500","true","19",""
"1","legacy_gt_identity_v1","12/2","12","","2","","","","","500","500","","500x500x6","","","","","","","500x500","500x500","500x500","500x500","500x500","500x500","true","2",""
"1","legacy_gt_identity_v1","12/20","12","","20","","","","","500","500","","500x500x6","","","","","","","500x500","500x500","500x500","500x500","500x500","500x500","true","20",""
"1","legacy_gt_identity_v1","12/3","12","","3","","","","","500","500","","500x500x6","","","","","","","500x500","500x500","500x500","500x500","500x500","500x500","true","3",""
"1","legacy_gt_identity_v1","12/4","12","","4","","","","","500","500","","500x500x6","","","","","","","500x500","500x500","500x500","500x500","500x500","500x500","true","4",""
"1","legacy_gt_identity_v1","12/5","12","","5","","","","","500","500","","500x500x6","","","","","","","500x500","500x500","500x500","500x500","500x500","500x500","true","5",""
"1","legacy_gt_identity_v1","12/6","12","","6","","","","","500","500","","500x500x6","","","","","","","500x500","500x500","500x500","500x500","500x500","500x500","true","6",""
"1","legacy_gt_identity_v1","12/7","12","","7","","","","","500","500","","500x500x6","","","","","","","500x500","500x500","500x500","500x500","500x500","500x500","true","7",""
"1","legacy_gt_identity_v1","12/8","12","","8","","","","","500","500","","500x500x6","","","","","","","500x500","500x500","500x500","500x500","500x500","500x500","true","8",""
"1","legacy_gt_identity_v1","12/9","12","","9","","","","","500","500","","500x500x6","","","","","","","500x500","500x500","500x500","500x500","500x500","500x500","true","9",""
"1","legacy_gt_identity_v1","13/0","13","","0","","","","","500","500","","500x500x6","","","","","","","500x500","500x500","500x500","500x500","500x500","500x500","true","13/0",""
"1","legacy_gt_identity_v1","13/1","13","","1","","","","","500","500","","500x500x6","","","","","","","500x500","500x500","500x500","500x500","500x500","500x500","true","1",""
"1","legacy_gt_identity_v1","13/10","13","","10","","","","","500","500","","500x500x6","","","","","","","500x500","500x500","500x500","500x500","500x500","500x500","true","10",""
"1","legacy_gt_identity_v1","13/11","13","","11","","","","","500","500","","500x500x6","","","","","","","500x500","500x500","500x500","500x500","500x500","500x500","true","11",""
"1","legacy_gt_identity_v1","13/12","13","","12","","","","","500","500","","500x500x6","","","","","","","500x500","500x500","500x500","500x500","500x500","500x500","true","12",""
"1","legacy_gt_identity_v1","13/13","13","","13","","","","","500","500","","500x500x6","","","","","","","500x500","500x500","500x500","500x500","500x500","500x500","true","13",""
"1","legacy_gt_identity_v1","13/14","13","","14","","","","","500","500","","500x500x6","","","","","","","500x500","500x500","500x500","500x500","500x500","500x500","true","14",""
"1","legacy_gt_identity_v1","13/15","13","","15","","","","","500","500","","500x500x6","","","","","","","500x500","500x500","500x500","500x500","500x500","500x500","true","15",""
"1","legacy_gt_identity_v1","13/16","13","","16","","","","","500","500","","500x500x6","","","","","","","500x500","500x500","500x500","500x500","500x500","500x500","true","16",""
"1","legacy_gt_identity_v1","13/17","13","","17","","","","","500","500","","500x500x6","","","","","","","500x500","500x500","500x500","500x500","500x500","500x500","true","17",""
"1","legacy_gt_identity_v1","13/18","13","","18","","","","","500","500","","500x500x6","","","","","","","500x500","500x500","500x500","500x500","500x500","500x500","true","18",""
"1","legacy_gt_identity_v1","13/19","13","","19","","","","","500","500","","500x500x6","","","","","","","500x500","500x500","500x500","500x500","500x500","500x500","true","19",""
"1","legacy_gt_identity_v1","13/2","13","","2","","","","","500","500","","500x500x6","","","","","","","500x500","500x500","500x500","500x500","500x500","500x500","true","2",""
"1","legacy_gt_identity_v1","13/20","13","","20","","","","","500","500","","500x500x6","","","","","","","500x500","500x500","500x500","500x500","500x500","500x500","true","20",""
"1","legacy_gt_identity_v1","13/3","13","","3","","","","","500","500","","500x500x6","","","","","","","500x500","500x500","500x500","500x500","500x500","500x500","true","3",""
"1","legacy_gt_identity_v1","13/4","13","","4","","","","","500","500","","500x500x6","","","","","","","500x500","500x500","500x500","500x500","500x500","500x500","true","4",""
"1","legacy_gt_identity_v1","13/5","13","","5","","","","","500","500","","500x500x6","","","","","","","500x500","500x500","500x500","500x500","500x500","500x500","true","5",""
"1","legacy_gt_identity_v1","13/6","13","","6","","","","","500","500","","500x500x6","","","","","","","500x500","500x500","500x500","500x500","500x500","500x500","true","6",""
"1","legacy_gt_identity_v1","13/7","13","","7","","","","","500","500","","500x500x6","","","","","","","500x500","500x500","500x500","500x500","500x500","500x500","true","7",""
"1","legacy_gt_identity_v1","13/8","13","","8","","","","","500","500","","500x500x6","","","","","","","500x500","500x500","500x500","500x500","500x500","500x500","true","8",""
"1","legacy_gt_identity_v1","13/9","13","","9","","","","","500","500","","500x500x6","","","","","","","500x500","500x500","500x500","500x500","500x500","500x500","true","9",""
"1","legacy_gt_identity_v1","14/0","14","","0","","","","","500","500","","500x500x6","","","","","","","500x500","500x500","500x500","500x500","500x500","500x500","true","14/0",""
"1","legacy_gt_identity_v1","14/1","14","","1","","","","","500","500","","500x500x6","","","","","","","500x500","500x500","500x500","500x500","500x500","500x500","true","1",""
"1","legacy_gt_identity_v1","14/10","14","","10","","","","","500","500","","500x500x6","","","","","","","500x500","500x500","500x500","500x500","500x500","500x500","true","10",""
"1","legacy_gt_identity_v1","14/11","14","","11","","","","","500","500","","500x500x6","","","","","","","500x500","500x500","500x500","500x500","500x500","500x500","true","11",""
"1","legacy_gt_identity_v1","14/12","14","","12","","","","","500","500","","500x500x6","","","","","","","500x500","500x500","500x500","500x500","500x500","500x500","true","12",""
"1","legacy_gt_identity_v1","14/13","14","","13","","","","","500","500","","500x500x6","","","","","","","500x500","500x500","500x500","500x500","500x500","500x500","true","13",""
"1","legacy_gt_identity_v1","14/14","14","","14","","","","","500","500","","500x500x6","","","","","","","500x500","500x500","500x500","500x500","500x500","500x500","true","14",""
"1","legacy_gt_identity_v1","14/15","14","","15","","","","","500","500","","500x500x6","","","","","","","500x500","500x500","500x500","500x500","500x500","500x500","true","15",""
"1","legacy_gt_identity_v1","14/16","14","","16","","","","","500","500","","500x500x6","","","","","","","500x500","500x500","500x500","500x500","500x500","500x500","true","16",""
"1","legacy_gt_identity_v1","14/17","14","","17","","","","","500","500","","500x500x6","","","","","","","500x500","500x500","500x500","500x500","500x500","500x500","true","17",""
"1","legacy_gt_identity_v1","14/18","14","","18","","","","","500","500","","500x500x6","","","","","","","500x500","500x500","500x500","500x500","500x500","500x500","true","18",""
"1","legacy_gt_identity_v1","14/19","14","","19","","","","","500","500","","500x500x6","","","","","","","500x500","500x500","500x500","500x500","500x500","500x500","true","19",""
"1","legacy_gt_identity_v1","14/2","14","","2","","","","","500","500","","500x500x6","","","","","","","500x500","500x500","500x500","500x500","500x500","500x500","true","2",""
"1","legacy_gt_identity_v1","14/20","14","","20","","","","","500","500","","500x500x6","","","","","","","500x500","500x500","500x500","500x500","500x500","500x500","true","20",""
"1","legacy_gt_identity_v1","14/3","14","","3","","","","","500","500","","500x500x6","","","","","","","500x500","500x500","500x500","500x500","500x500","500x500","true","3",""
"1","legacy_gt_identity_v1","14/4","14","","4","","","","","500","500","","500x500x6","","","","","","","500x500","500x500","500x500","500x500","500x500","500x500","true","4",""
"1","legacy_gt_identity_v1","14/5","14","","5","","","","","500","500","","500x500x6","","","","","","","500x500","500x500","500x500","500x500","500x500","500x500","true","5",""
"1","legacy_gt_identity_v1","14/6","14","","6","","","","","500","500","","500x500x6","","","","","","","500x500","500x500","500x500","500x500","500x500","500x500","true","6",""
"1","legacy_gt_identity_v1","14/7","14","","7","","","","","500","500","","500x500x6","","","","","","","500x500","500x500","500x500","500x500","500x500","500x500","true","7",""
"1","legacy_gt_identity_v1","14/8","14","","8","","","","","500","500","","500x500x6","","","","","","","500x500","500x500","500x500","500x500","500x500","500x500","true","8",""
"1","legacy_gt_identity_v1","14/9","14","","9","","","","","500","500","","500x500x6","","","","","","","500x500","500x500","500x500","500x500","500x500","500x500","true","9",""
"1","legacy_gt_identity_v1","15/0","15","","0","","","","","500","500","","500x500x6","","","","","","","500x500","500x500","500x500","500x500","500x500","500x500","true","15/0",""
"1","legacy_gt_identity_v1","15/1","15","","1","","","","","500","500","","500x500x6","","","","","","","500x500","500x500","500x500","500x500","500x500","500x500","true","1",""
"1","legacy_gt_identity_v1","15/10","15","","10","","","","","500","500","","500x500x6","","","","","","","500x500","500x500","500x500","500x500","500x500","500x500","true","10",""
"1","legacy_gt_identity_v1","15/11","15","","11","","","","","500","500","","500x500x6","","","","","","","500x500","500x500","500x500","500x500","500x500","500x500","true","11",""
"1","legacy_gt_identity_v1","15/12","15","","12","","","","","500","500","","500x500x6","","","","","","","500x500","500x500","500x500","500x500","500x500","500x500","true","12",""
"1","legacy_gt_identity_v1","15/13","15","","13","","","","","500","500","","500x500x6","","","","","","","500x500","500x500","500x500","500x500","500x500","500x500","true","13",""
"1","legacy_gt_identity_v1","15/14","15","","14","","","","","500","500","","500x500x6","","","","","","","500x500","500x500","500x500","500x500","500x500","500x500","true","14",""
"1","legacy_gt_identity_v1","15/15","15","","15","","","","","500","500","","500x500x6","","","","","","","500x500","500x500","500x500","500x500","500x500","500x500","true","15",""
"1","legacy_gt_identity_v1","15/16","15","","16","","","","","500","500","","500x500x6","","","","","","","500x500","500x500","500x500","500x500","500x500","500x500","true","16",""
"1","legacy_gt_identity_v1","15/17","15","","17","","","","","500","500","","500x500x6","","","","","","","500x500","500x500","500x500","500x500","500x500","500x500","true","17",""
"1","legacy_gt_identity_v1","15/18","15","","18","","","","","500","500","","500x500x6","","","","","","","500x500","500x500","500x500","500x500","500x500","500x500","true","18",""
"1","legacy_gt_identity_v1","15/19","15","","19","","","","","500","500","","500x500x6","","","","","","","500x500","500x500","500x500","500x500","500x500","500x500","true","19",""
"1","legacy_gt_identity_v1","15/2","15","","2","","","","","500","500","","500x500x6","","","","","","","500x500","500x500","500x500","500x500","500x500","500x500","true","2",""
"1","legacy_gt_identity_v1","15/20","15","","20","","","","","500","500","","500x500x6","","","","","","","500x500","500x500","500x500","500x500","500x500","500x500","true","20",""
"1","legacy_gt_identity_v1","15/3","15","","3","","","","","500","500","","500x500x6","","","","","","","500x500","500x500","500x500","500x500","500x500","500x500","true","3",""
"1","legacy_gt_identity_v1","15/4","15","","4","","","","","500","500","","500x500x6","","","","","","","500x500","500x500","500x500","500x500","500x500","500x500","true","4",""
"1","legacy_gt_identity_v1","15/5","15","","5","","","","","500","500","","500x500x6","","","","","","","500x500","500x500","500x500","500x500","500x500","500x500","true","5",""
"1","legacy_gt_identity_v1","15/6","15","","6","","","","","500","500","","500x500x6","","","","","","","500x500","500x500","500x500","500x500","500x500","500x500","true","6",""
"1","legacy_gt_identity_v1","15/7","15","","7","","","","","500","500","","500x500x6","","","","","","","500x500","500x500","500x500","500x500","500x500","500x500","true","7",""
"1","legacy_gt_identity_v1","15/8","15","","8","","","","","500","500","","500x500x6","","","","","","","500x500","500x500","500x500","500x500","500x500","500x500","true","8",""
"1","legacy_gt_identity_v1","15/9","15","","9","","","","","500","500","","500x500x6","","","","","","","500x500","500x500","500x500","500x500","500x500","500x500","true","9",""
"1","legacy_gt_identity_v1","16/0","16","","0","","","","","500","500","","500x500x6","","","","","","","500x500","500x500","500x500","500x500","500x500","500x500","true","16/0",""
"1","legacy_gt_identity_v1","16/1","16","","1","","","","","500","500","","500x500x6","","","","","","","500x500","500x500","500x500","500x500","500x500","500x500","true","1",""
"1","legacy_gt_identity_v1","16/10","16","","10","","","","","500","500","","500x500x6","","","","","","","500x500","500x500","500x500","500x500","500x500","500x500","true","10",""
"1","legacy_gt_identity_v1","16/11","16","","11","","","","","500","500","","500x500x6","","","","","","","500x500","500x500","500x500","500x500","500x500","500x500","true","11",""
"1","legacy_gt_identity_v1","16/12","16","","12","","","","","500","500","","500x500x6","","","","","","","500x500","500x500","500x500","500x500","500x500","500x500","true","12",""
"1","legacy_gt_identity_v1","16/13","16","","13","","","","","500","500","","500x500x6","","","","","","","500x500","500x500","500x500","500x500","500x500","500x500","true","13",""
"1","legacy_gt_identity_v1","16/14","16","","14","","","","","500","500","","500x500x6","","","","","","","500x500","500x500","500x500","500x500","500x500","500x500","true","14",""
"1","legacy_gt_identity_v1","16/15","16","","15","","","","","500","500","","500x500x6","","","","","","","500x500","500x500","500x500","500x500","500x500","500x500","true","15",""
"1","legacy_gt_identity_v1","16/16","16","","16","","","","","500","500","","500x500x6","","","","","","","500x500","500x500","500x500","500x500","500x500","500x500","true","16",""
"1","legacy_gt_identity_v1","16/17","16","","17","","","","","500","500","","500x500x6","","","","","","","500x500","500x500","500x500","500x500","500x500","500x500","true","17",""
"1","legacy_gt_identity_v1","16/18","16","","18","","","","","500","500","","500x500x6","","","","","","","500x500","500x500","500x500","500x500","500x500","500x500","true","18",""
"1","legacy_gt_identity_v1","16/19","16","","19","","","","","500","500","","500x500x6","","","","","","","500x500","500x500","500x500","500x500","500x500","500x500","true","19",""
"1","legacy_gt_identity_v1","16/2","16","","2","","","","","500","500","","500x500x6","","","","","","","500x500","500x500","500x500","500x500","500x500","500x500","true","2",""
"1","legacy_gt_identity_v1","16/20","16","","20","","","","","500","500","","500x500x6","","","","","","","500x500","500x500","500x500","500x500","500x500","500x500","true","20",""
"1","legacy_gt_identity_v1","16/3","16","","3","","","","","500","500","","500x500x6","","","","","","","500x500","500x500","500x500","500x500","500x500","500x500","true","3",""
"1","legacy_gt_identity_v1","16/4","16","","4","","","","","500","500","","500x500x6","","","","","","","500x500","500x500","500x500","500x500","500x500","500x500","true","4",""
"1","legacy_gt_identity_v1","16/5","16","","5","","","","","500","500","","500x500x6","","","","","","","500x500","500x500","500x500","500x500","500x500","500x500","true","5",""
"1","legacy_gt_identity_v1","16/6","16","","6","","","","","500","500","","500x500x6","","","","","","","500x500","500x500","500x500","500x500","500x500","500x500","true","6",""
"1","legacy_gt_identity_v1","16/7","16","","7","","","","","500","500","","500x500x6","","","","","","","500x500","500x500","500x500","500x500","500x500","500x500","true","7",""
"1","legacy_gt_identity_v1","16/8","16","","8","","","","","500","500","","500x500x6","","","","","","","500x500","500x500","500x500","500x500","500x500","500x500","true","8",""
"1","legacy_gt_identity_v1","16/9","16","","9","","","","","500","500","","500x500x6","","","","","","","500x500","500x500","500x500","500x500","500x500","500x500","true","9",""
"1","legacy_gt_identity_v1","17/0","17","","0","","","","","500","500","","500x500x6","","","","","","","500x500","500x500","500x500","500x500","500x500","500x500","true","17/0",""
"1","legacy_gt_identity_v1","17/1","17","","1","","","","","500","500","","500x500x6","","","","","","","500x500","500x500","500x500","500x500","500x500","500x500","true","1",""
"1","legacy_gt_identity_v1","17/10","17","","10","","","","","500","500","","500x500x6","","","","","","","500x500","500x500","500x500","500x500","500x500","500x500","true","10",""
"1","legacy_gt_identity_v1","17/11","17","","11","","","","","500","500","","500x500x6","","","","","","","500x500","500x500","500x500","500x500","500x500","500x500","true","11",""
"1","legacy_gt_identity_v1","17/12","17","","12","","","","","500","500","","500x500x6","","","","","","","500x500","500x500","500x500","500x500","500x500","500x500","true","12",""
"1","legacy_gt_identity_v1","17/13","17","","13","","","","","500","500","","500x500x6","","","","","","","500x500","500x500","500x500","500x500","500x500","500x500","true","13",""
"1","legacy_gt_identity_v1","17/14","17","","14","","","","","500","500","","500x500x6","","","","","","","500x500","500x500","500x500","500x500","500x500","500x500","true","14",""
"1","legacy_gt_identity_v1","17/15","17","","15","","","","","500","500","","500x500x6","","","","","","","500x500","500x500","500x500","500x500","500x500","500x500","true","15",""
"1","legacy_gt_identity_v1","17/16","17","","16","","","","","500","500","","500x500x6","","","","","","","500x500","500x500","500x500","500x500","500x500","500x500","true","16",""
"1","legacy_gt_identity_v1","17/17","17","","17","","","","","500","500","","500x500x6","","","","","","","500x500","500x500","500x500","500x500","500x500","500x500","true","17",""
"1","legacy_gt_identity_v1","17/18","17","","18","","","","","500","500","","500x500x6","","","","","","","500x500","500x500","500x500","500x500","500x500","500x500","true","18",""
"1","legacy_gt_identity_v1","17/19","17","","19","","","","","500","500","","500x500x6","","","","","","","500x500","500x500","500x500","500x500","500x500","500x500","true","19",""
"1","legacy_gt_identity_v1","17/2","17","","2","","","","","500","500","","500x500x6","","","","","","","500x500","500x500","500x500","500x500","500x500","500x500","true","2",""
"1","legacy_gt_identity_v1","17/20","17","","20","","","","","500","500","","500x500x6","","","","","","","500x500","500x500","500x500","500x500","500x500","500x500","true","20",""
"1","legacy_gt_identity_v1","17/3","17","","3","","","","","500","500","","500x500x6","","","","","","","500x500","500x500","500x500","500x500","500x500","500x500","true","3",""
"1","legacy_gt_identity_v1","17/4","17","","4","","","","","500","500","","500x500x6","","","","","","","500x500","500x500","500x500","500x500","500x500","500x500","true","4",""
"1","legacy_gt_identity_v1","17/5","17","","5","","","","","500","500","","500x500x6","","","","","","","500x500","500x500","500x500","500x500","500x500","500x500","true","5",""
"1","legacy_gt_identity_v1","17/6","17","","6","","","","","500","500","","500x500x6","","","","","","","500x500","500x500","500x500","500x500","500x500","500x500","true","6",""
"1","legacy_gt_identity_v1","17/7","17","","7","","","","","500","500","","500x500x6","","","","","","","500x500","500x500","500x500","500x500","500x500","500x500","true","7",""
"1","legacy_gt_identity_v1","17/8","17","","8","","","","","500","500","","500x500x6","","","","","","","500x500","500x500","500x500","500x500","500x500","500x500","true","8",""
"1","legacy_gt_identity_v1","17/9","17","","9","","","","","500","500","","500x500x6","","","","","","","500x500","500x500","500x500","500x500","500x500","500x500","true","9",""
"1","legacy_gt_identity_v1","18/0","18","","0","","","","","500","500","","500x500x6","","","","","","","500x500","500x500","500x500","500x500","500x500","500x500","true","18/0",""
"1","legacy_gt_identity_v1","18/1","18","","1","","","","","500","500","","500x500x6","","","","","","","500x500","500x500","500x500","500x500","500x500","500x500","true","1",""
"1","legacy_gt_identity_v1","18/10","18","","10","","","","","500","500","","500x500x6","","","","","","","500x500","500x500","500x500","500x500","500x500","500x500","true","10",""
"1","legacy_gt_identity_v1","18/11","18","","11","","","","","500","500","","500x500x6","","","","","","","500x500","500x500","500x500","500x500","500x500","500x500","true","11",""
"1","legacy_gt_identity_v1","18/12","18","","12","","","","","500","500","","500x500x6","","","","","","","500x500","500x500","500x500","500x500","500x500","500x500","true","12",""
"1","legacy_gt_identity_v1","18/13","18","","13","","","","","500","500","","500x500x6","","","","","","","500x500","500x500","500x500","500x500","500x500","500x500","true","13",""
"1","legacy_gt_identity_v1","18/14","18","","14","","","","","500","500","","500x500x6","","","","","","","500x500","500x500","500x500","500x500","500x500","500x500","true","14",""
"1","legacy_gt_identity_v1","18/15","18","","15","","","","","500","500","","500x500x6","","","","","","","500x500","500x500","500x500","500x500","500x500","500x500","true","15",""
"1","legacy_gt_identity_v1","18/16","18","","16","","","","","500","500","","500x500x6","","","","","","","500x500","500x500","500x500","500x500","500x500","500x500","true","16",""
"1","legacy_gt_identity_v1","18/17","18","","17","","","","","500","500","","500x500x6","","","","","","","500x500","500x500","500x500","500x500","500x500","500x500","true","17",""
"1","legacy_gt_identity_v1","18/18","18","","18","","","","","500","500","","500x500x6","","","","","","","500x500","500x500","500x500","500x500","500x500","500x500","true","18",""
"1","legacy_gt_identity_v1","18/19","18","","19","","","","","500","500","","500x500x6","","","","","","","500x500","500x500","500x500","500x500","500x500","500x500","true","19",""
"1","legacy_gt_identity_v1","18/2","18","","2","","","","","500","500","","500x500x6","","","","","","","500x500","500x500","500x500","500x500","500x500","500x500","true","2",""
"1","legacy_gt_identity_v1","18/20","18","","20","","","","","500","500","","500x500x6","","","","","","","500x500","500x500","500x500","500x500","500x500","500x500","true","20",""
"1","legacy_gt_identity_v1","18/3","18","","3","","","","","500","500","","500x500x6","","","","","","","500x500","500x500","500x500","500x500","500x500","500x500","true","3",""
"1","legacy_gt_identity_v1","18/4","18","","4","","","","","500","500","","500x500x6","","","","","","","500x500","500x500","500x500","500x500","500x500","500x500","true","4",""
"1","legacy_gt_identity_v1","18/5","18","","5","","","","","500","500","","500x500x6","","","","","","","500x500","500x500","500x500","500x500","500x500","500x500","true","5",""
"1","legacy_gt_identity_v1","18/6","18","","6","","","","","500","500","","500x500x6","","","","","","","500x500","500x500","500x500","500x500","500x500","500x500","true","6",""
"1","legacy_gt_identity_v1","18/7","18","","7","","","","","500","500","","500x500x6","","","","","","","500x500","500x500","500x500","500x500","500x500","500x500","true","7",""
"1","legacy_gt_identity_v1","18/8","18","","8","","","","","500","500","","500x500x6","","","","","","","500x500","500x500","500x500","500x500","500x500","500x500","true","8",""
"1","legacy_gt_identity_v1","18/9","18","","9","","","","","500","500","","500x500x6","","","","","","","500x500","500x500","500x500","500x500","500x500","500x500","true","9",""
"1","legacy_gt_identity_v1","19/0","19","","0","","","","","500","500","","500x500x6","","","","","","","500x500","500x500","500x500","500x500","500x500","500x500","true","19/0",""
"1","legacy_gt_identity_v1","19/1","19","","1","","","","","500","500","","500x500x6","","","","","","","500x500","500x500","500x500","500x500","500x500","500x500","true","1",""
"1","legacy_gt_identity_v1","19/10","19","","10","","","","","500","500","","500x500x6","","","","","","","500x500","500x500","500x500","500x500","500x500","500x500","true","10",""
"1","legacy_gt_identity_v1","19/11","19","","11","","","","","500","500","","500x500x6","","","","","","","500x500","500x500","500x500","500x500","500x500","500x500","true","11",""
"1","legacy_gt_identity_v1","19/12","19","","12","","","","","500","500","","500x500x6","","","","","","","500x500","500x500","500x500","500x500","500x500","500x500","true","12",""
"1","legacy_gt_identity_v1","19/13","19","","13","","","","","500","500","","500x500x6","","","","","","","500x500","500x500","500x500","500x500","500x500","500x500","true","13",""
"1","legacy_gt_identity_v1","19/14","19","","14","","","","","500","500","","500x500x6","","","","","","","500x500","500x500","500x500","500x500","500x500","500x500","true","14",""
"1","legacy_gt_identity_v1","19/15","19","","15","","","","","500","500","","500x500x6","","","","","","","500x500","500x500","500x500","500x500","500x500","500x500","true","15",""
"1","legacy_gt_identity_v1","19/16","19","","16","","","","","500","500","","500x500x6","","","","","","","500x500","500x500","500x500","500x500","500x500","500x500","true","16",""
"1","legacy_gt_identity_v1","19/17","19","","17","","","","","500","500","","500x500x6","","","","","","","500x500","500x500","500x500","500x500","500x500","500x500","true","17",""
"1","legacy_gt_identity_v1","19/18","19","","18","","","","","500","500","","500x500x6","","","","","","","500x500","500x500","500x500","500x500","500x500","500x500","true","18",""
"1","legacy_gt_identity_v1","19/19","19","","19","","","","","500","500","","500x500x6","","","","","","","500x500","500x500","500x500","500x500","500x500","500x500","true","19",""
"1","legacy_gt_identity_v1","19/2","19","","2","","","","","500","500","","500x500x6","","","","","","","500x500","500x500","500x500","500x500","500x500","500x500","true","2",""
"1","legacy_gt_identity_v1","19/20","19","","20","","","","","500","500","","500x500x6","","","","","","","500x500","500x500","500x500","500x500","500x500","500x500","true","20",""
"1","legacy_gt_identity_v1","19/3","19","","3","","","","","500","500","","500x500x6","","","","","","","500x500","500x500","500x500","500x500","500x500","500x500","true","3",""
"1","legacy_gt_identity_v1","19/4","19","","4","","","","","500","500","","500x500x6","","","","","","","500x500","500x500","500x500","500x500","500x500","500x500","true","4",""
"1","legacy_gt_identity_v1","19/5","19","","5","","","","","500","500","","500x500x6","","","","","","","500x500","500x500","500x500","500x500","500x500","500x500","true","5",""
"1","legacy_gt_identity_v1","19/6","19","","6","","","","","500","500","","500x500x6","","","","","","","500x500","500x500","500x500","500x500","500x500","500x500","true","6",""
"1","legacy_gt_identity_v1","19/7","19","","7","","","","","500","500","","500x500x6","","","","","","","500x500","500x500","500x500","500x500","500x500","500x500","true","7",""
"1","legacy_gt_identity_v1","19/8","19","","8","","","","","500","500","","500x500x6","","","","","","","500x500","500x500","500x500","500x500","500x500","500x500","true","8",""
"1","legacy_gt_identity_v1","19/9","19","","9","","","","","500","500","","500x500x6","","","","","","","500x500","500x500","500x500","500x500","500x500","500x500","true","9",""
"1","legacy_gt_identity_v1","2/0","2","","0","","","","","500","500","","500x500x6","","","","","","","500x500","500x500","500x500","500x500","500x500","500x500","true","2/0",""
"1","legacy_gt_identity_v1","2/1","2","","1","","","","","500","500","","500x500x6","","","","","","","500x500","500x500","500x500","500x500","500x500","500x500","true","1",""
"1","legacy_gt_identity_v1","2/10","2","","10","","","","","500","500","","500x500x6","","","","","","","500x500","500x500","500x500","500x500","500x500","500x500","true","10",""
"1","legacy_gt_identity_v1","2/11","2","","11","","","","","500","500","","500x500x6","","","","","","","500x500","500x500","500x500","500x500","500x500","500x500","true","11",""
"1","legacy_gt_identity_v1","2/12","2","","12","","","","","500","500","","500x500x6","","","","","","","500x500","500x500","500x500","500x500","500x500","500x500","true","12",""
"1","legacy_gt_identity_v1","2/13","2","","13","","","","","500","500","","500x500x6","","","","","","","500x500","500x500","500x500","500x500","500x500","500x500","true","13",""
"1","legacy_gt_identity_v1","2/14","2","","14","","","","","500","500","","500x500x6","","","","","","","500x500","500x500","500x500","500x500","500x500","500x500","true","14",""
"1","legacy_gt_identity_v1","2/15","2","","15","","","","","500","500","","500x500x6","","","","","","","500x500","500x500","500x500","500x500","500x500","500x500","true","15",""
"1","legacy_gt_identity_v1","2/16","2","","16","","","","","500","500","","500x500x6","","","","","","","500x500","500x500","500x500","500x500","500x500","500x500","true","16",""
"1","legacy_gt_identity_v1","2/17","2","","17","","","","","500","500","","500x500x6","","","","","","","500x500","500x500","500x500","500x500","500x500","500x500","true","17",""
"1","legacy_gt_identity_v1","2/18","2","","18","","","","","500","500","","500x500x6","","","","","","","500x500","500x500","500x500","500x500","500x500","500x500","true","18",""
"1","legacy_gt_identity_v1","2/19","2","","19","","","","","500","500","","500x500x6","","","","","","","500x500","500x500","500x500","500x500","500x500","500x500","true","19",""
"1","legacy_gt_identity_v1","2/2","2","","2","","","","","500","500","","500x500x6","","","","","","","500x500","500x500","500x500","500x500","500x500","500x500","true","2",""
"1","legacy_gt_identity_v1","2/20","2","","20","","","","","500","500","","500x500x6","","","","","","","500x500","500x500","500x500","500x500","500x500","500x500","true","20",""
"1","legacy_gt_identity_v1","2/3","2","","3","","","","","500","500","","500x500x6","","","","","","","500x500","500x500","500x500","500x500","500x500","500x500","true","3",""
"1","legacy_gt_identity_v1","2/4","2","","4","","","","","500","500","","500x500x6","","","","","","","500x500","500x500","500x500","500x500","500x500","500x500","true","4",""
"1","legacy_gt_identity_v1","2/5","2","","5","","","","","500","500","","500x500x6","","","","","","","500x500","500x500","500x500","500x500","500x500","500x500","true","5",""
"1","legacy_gt_identity_v1","2/6","2","","6","","","","","500","500","","500x500x6","","","","","","","500x500","500x500","500x500","500x500","500x500","500x500","true","6",""
"1","legacy_gt_identity_v1","2/7","2","","7","","","","","500","500","","500x500x6","","","","","","","500x500","500x500","500x500","500x500","500x500","500x500","true","7",""
"1","legacy_gt_identity_v1","2/8","2","","8","","","","","500","500","","500x500x6","","","","","","","500x500","500x500","500x500","500x500","500x500","500x500","true","8",""
"1","legacy_gt_identity_v1","2/9","2","","9","","","","","500","500","","500x500x6","","","","","","","500x500","500x500","500x500","500x500","500x500","500x500","true","9",""
"1","legacy_gt_identity_v1","20/0","20","","0","","","","","500","500","","500x500x6","","","","","","","500x500","500x500","500x500","500x500","500x500","500x500","true","20/0",""
"1","legacy_gt_identity_v1","20/1","20","","1","","","","","500","500","","500x500x6","","","","","","","500x500","500x500","500x500","500x500","500x500","500x500","true","1",""
"1","legacy_gt_identity_v1","20/10","20","","10","","","","","500","500","","500x500x6","","","","","","","500x500","500x500","500x500","500x500","500x500","500x500","true","10",""
"1","legacy_gt_identity_v1","20/11","20","","11","","","","","500","500","","500x500x6","","","","","","","500x500","500x500","500x500","500x500","500x500","500x500","true","11",""
"1","legacy_gt_identity_v1","20/12","20","","12","","","","","500","500","","500x500x6","","","","","","","500x500","500x500","500x500","500x500","500x500","500x500","true","12",""
"1","legacy_gt_identity_v1","20/13","20","","13","","","","","500","500","","500x500x6","","","","","","","500x500","500x500","500x500","500x500","500x500","500x500","true","13",""
"1","legacy_gt_identity_v1","20/14","20","","14","","","","","500","500","","500x500x6","","","","","","","500x500","500x500","500x500","500x500","500x500","500x500","true","14",""
"1","legacy_gt_identity_v1","20/15","20","","15","","","","","500","500","","500x500x6","","","","","","","500x500","500x500","500x500","500x500","500x500","500x500","true","15",""
"1","legacy_gt_identity_v1","20/16","20","","16","","","","","500","500","","500x500x6","","","","","","","500x500","500x500","500x500","500x500","500x500","500x500","true","16",""
"1","legacy_gt_identity_v1","20/17","20","","17","","","","","500","500","","500x500x6","","","","","","","500x500","500x500","500x500","500x500","500x500","500x500","true","17",""
"1","legacy_gt_identity_v1","20/18","20","","18","","","","","500","500","","500x500x6","","","","","","","500x500","500x500","500x500","500x500","500x500","500x500","true","18",""
"1","legacy_gt_identity_v1","20/19","20","","19","","","","","500","500","","500x500x6","","","","","","","500x500","500x500","500x500","500x500","500x500","500x500","true","19",""
"1","legacy_gt_identity_v1","20/2","20","","2","","","","","500","500","","500x500x6","","","","","","","500x500","500x500","500x500","500x500","500x500","500x500","true","2",""
"1","legacy_gt_identity_v1","20/20","20","","20","","","","","500","500","","500x500x6","","","","","","","500x500","500x500","500x500","500x500","500x500","500x500","true","20",""
"1","legacy_gt_identity_v1","20/3","20","","3","","","","","500","500","","500x500x6","","","","","","","500x500","500x500","500x500","500x500","500x500","500x500","true","3",""
"1","legacy_gt_identity_v1","20/4","20","","4","","","","","500","500","","500x500x6","","","","","","","500x500","500x500","500x500","500x500","500x500","500x500","true","4",""
"1","legacy_gt_identity_v1","20/5","20","","5","","","","","500","500","","500x500x6","","","","","","","500x500","500x500","500x500","500x500","500x500","500x500","true","5",""
"1","legacy_gt_identity_v1","20/6","20","","6","","","","","500","500","","500x500x6","","","","","","","500x500","500x500","500x500","500x500","500x500","500x500","true","6",""
"1","legacy_gt_identity_v1","20/7","20","","7","","","","","500","500","","500x500x6","","","","","","","500x500","500x500","500x500","500x500","500x500","500x500","true","7",""
"1","legacy_gt_identity_v1","20/8","20","","8","","","","","500","500","","500x500x6","","","","","","","500x500","500x500","500x500","500x500","500x500","500x500","true","8",""
"1","legacy_gt_identity_v1","20/9","20","","9","","","","","500","500","","500x500x6","","","","","","","500x500","500x500","500x500","500x500","500x500","500x500","true","9",""
"1","legacy_gt_identity_v1","21/0","21","","0","","","","","500","500","","500x500x6","","","","","","","500x500","500x500","500x500","500x500","500x500","500x500","true","21/0",""
"1","legacy_gt_identity_v1","21/1","21","","1","","","","","500","500","","500x500x6","","","","","","","500x500","500x500","500x500","500x500","500x500","500x500","true","1",""
"1","legacy_gt_identity_v1","21/10","21","","10","","","","","500","500","","500x500x6","","","","","","","500x500","500x500","500x500","500x500","500x500","500x500","true","10",""
"1","legacy_gt_identity_v1","21/11","21","","11","","","","","500","500","","500x500x6","","","","","","","500x500","500x500","500x500","500x500","500x500","500x500","true","11",""
"1","legacy_gt_identity_v1","21/12","21","","12","","","","","500","500","","500x500x6","","","","","","","500x500","500x500","500x500","500x500","500x500","500x500","true","12",""
"1","legacy_gt_identity_v1","21/13","21","","13","","","","","500","500","","500x500x6","","","","","","","500x500","500x500","500x500","500x500","500x500","500x500","true","13",""
"1","legacy_gt_identity_v1","21/14","21","","14","","","","","500","500","","500x500x6","","","","","","","500x500","500x500","500x500","500x500","500x500","500x500","true","14",""
"1","legacy_gt_identity_v1","21/15","21","","15","","","","","500","500","","500x500x6","","","","","","","500x500","500x500","500x500","500x500","500x500","500x500","true","15",""
"1","legacy_gt_identity_v1","21/16","21","","16","","","","","500","500","","500x500x6","","","","","","","500x500","500x500","500x500","500x500","500x500","500x500","true","16",""
"1","legacy_gt_identity_v1","21/17","21","","17","","","","","500","500","","500x500x6","","","","","","","500x500","500x500","500x500","500x500","500x500","500x500","true","17",""
"1","legacy_gt_identity_v1","21/18","21","","18","","","","","500","500","","500x500x6","","","","","","","500x500","500x500","500x500","500x500","500x500","500x500","true","18",""
"1","legacy_gt_identity_v1","21/19","21","","19","","","","","500","500","","500x500x6","","","","","","","500x500","500x500","500x500","500x500","500x500","500x500","true","19",""
"1","legacy_gt_identity_v1","21/2","21","","2","","","","","500","500","","500x500x6","","","","","","","500x500","500x500","500x500","500x500","500x500","500x500","true","2",""
"1","legacy_gt_identity_v1","21/20","21","","20","","","","","500","500","","500x500x6","","","","","","","500x500","500x500","500x500","500x500","500x500","500x500","true","20",""
"1","legacy_gt_identity_v1","21/3","21","","3","","","","","500","500","","500x500x6","","","","","","","500x500","500x500","500x500","500x500","500x500","500x500","true","3",""
"1","legacy_gt_identity_v1","21/4","21","","4","","","","","500","500","","500x500x6","","","","","","","500x500","500x500","500x500","500x500","500x500","500x500","true","4",""
"1","legacy_gt_identity_v1","21/5","21","","5","","","","","500","500","","500x500x6","","","","","","","500x500","500x500","500x500","500x500","500x500","500x500","true","5",""
"1","legacy_gt_identity_v1","21/6","21","","6","","","","","500","500","","500x500x6","","","","","","","500x500","500x500","500x500","500x500","500x500","500x500","true","6",""
"1","legacy_gt_identity_v1","21/7","21","","7","","","","","500","500","","500x500x6","","","","","","","500x500","500x500","500x500","500x500","500x500","500x500","true","7",""
"1","legacy_gt_identity_v1","21/8","21","","8","","","","","500","500","","500x500x6","","","","","","","500x500","500x500","500x500","500x500","500x500","500x500","true","8",""
"1","legacy_gt_identity_v1","21/9","21","","9","","","","","500","500","","500x500x6","","","","","","","500x500","500x500","500x500","500x500","500x500","500x500","true","9",""
"1","legacy_gt_identity_v1","22/0","22","","0","","","","","500","500","","500x500x6","","","","","","","500x500","500x500","500x500","500x500","500x500","500x500","true","22/0",""
"1","legacy_gt_identity_v1","22/1","22","","1","","","","","500","500","","500x500x6","","","","","","","500x500","500x500","500x500","500x500","500x500","500x500","true","1",""
"1","legacy_gt_identity_v1","22/10","22","","10","","","","","500","500","","500x500x6","","","","","","","500x500","500x500","500x500","500x500","500x500","500x500","true","10",""
"1","legacy_gt_identity_v1","22/11","22","","11","","","","","500","500","","500x500x6","","","","","","","500x500","500x500","500x500","500x500","500x500","500x500","true","11",""
"1","legacy_gt_identity_v1","22/12","22","","12","","","","","500","500","","500x500x6","","","","","","","500x500","500x500","500x500","500x500","500x500","500x500","true","12",""
"1","legacy_gt_identity_v1","22/13","22","","13","","","","","500","500","","500x500x6","","","","","","","500x500","500x500","500x500","500x500","500x500","500x500","true","13",""
"1","legacy_gt_identity_v1","22/14","22","","14","","","","","500","500","","500x500x6","","","","","","","500x500","500x500","500x500","500x500","500x500","500x500","true","14",""
"1","legacy_gt_identity_v1","22/15","22","","15","","","","","500","500","","500x500x6","","","","","","","500x500","500x500","500x500","500x500","500x500","500x500","true","15",""
"1","legacy_gt_identity_v1","22/16","22","","16","","","","","500","500","","500x500x6","","","","","","","500x500","500x500","500x500","500x500","500x500","500x500","true","16",""
"1","legacy_gt_identity_v1","22/17","22","","17","","","","","500","500","","500x500x6","","","","","","","500x500","500x500","500x500","500x500","500x500","500x500","true","17",""
"1","legacy_gt_identity_v1","22/18","22","","18","","","","","500","500","","500x500x6","","","","","","","500x500","500x500","500x500","500x500","500x500","500x500","true","18",""
"1","legacy_gt_identity_v1","22/19","22","","19","","","","","500","500","","500x500x6","","","","","","","500x500","500x500","500x500","500x500","500x500","500x500","true","19",""
"1","legacy_gt_identity_v1","22/2","22","","2","","","","","500","500","","500x500x6","","","","","","","500x500","500x500","500x500","500x500","500x500","500x500","true","2",""
"1","legacy_gt_identity_v1","22/20","22","","20","","","","","500","500","","500x500x6","","","","","","","500x500","500x500","500x500","500x500","500x500","500x500","true","20",""
"1","legacy_gt_identity_v1","22/3","22","","3","","","","","500","500","","500x500x6","","","","","","","500x500","500x500","500x500","500x500","500x500","500x500","true","3",""
"1","legacy_gt_identity_v1","22/4","22","","4","","","","","500","500","","500x500x6","","","","","","","500x500","500x500","500x500","500x500","500x500","500x500","true","4",""
"1","legacy_gt_identity_v1","22/5","22","","5","","","","","500","500","","500x500x6","","","","","","","500x500","500x500","500x500","500x500","500x500","500x500","true","5",""
"1","legacy_gt_identity_v1","22/6","22","","6","","","","","500","500","","500x500x6","","","","","","","500x500","500x500","500x500","500x500","500x500","500x500","true","6",""
"1","legacy_gt_identity_v1","22/7","22","","7","","","","","500","500","","500x500x6","","","","","","","500x500","500x500","500x500","500x500","500x500","500x500","true","7",""
"1","legacy_gt_identity_v1","22/8","22","","8","","","","","500","500","","500x500x6","","","","","","","500x500","500x500","500x500","500x500","500x500","500x500","true","8",""
"1","legacy_gt_identity_v1","22/9","22","","9","","","","","500","500","","500x500x6","","","","","","","500x500","500x500","500x500","500x500","500x500","500x500","true","9",""
"1","legacy_gt_identity_v1","23/0","23","","0","","","","","500","500","","500x500x6","","","","","","","500x500","500x500","500x500","500x500","500x500","500x500","true","23/0",""
"1","legacy_gt_identity_v1","23/1","23","","1","","","","","500","500","","500x500x6","","","","","","","500x500","500x500","500x500","500x500","500x500","500x500","true","1",""
"1","legacy_gt_identity_v1","23/10","23","","10","","","","","500","500","","500x500x6","","","","","","","500x500","500x500","500x500","500x500","500x500","500x500","true","10",""
"1","legacy_gt_identity_v1","23/11","23","","11","","","","","500","500","","500x500x6","","","","","","","500x500","500x500","500x500","500x500","500x500","500x500","true","11",""
"1","legacy_gt_identity_v1","23/12","23","","12","","","","","500","500","","500x500x6","","","","","","","500x500","500x500","500x500","500x500","500x500","500x500","true","12",""
"1","legacy_gt_identity_v1","23/13","23","","13","","","","","500","500","","500x500x6","","","","","","","500x500","500x500","500x500","500x500","500x500","500x500","true","13",""
"1","legacy_gt_identity_v1","23/14","23","","14","","","","","500","500","","500x500x6","","","","","","","500x500","500x500","500x500","500x500","500x500","500x500","true","14",""
"1","legacy_gt_identity_v1","23/15","23","","15","","","","","500","500","","500x500x6","","","","","","","500x500","500x500","500x500","500x500","500x500","500x500","true","15",""
"1","legacy_gt_identity_v1","23/16","23","","16","","","","","500","500","","500x500x6","","","","","","","500x500","500x500","500x500","500x500","500x500","500x500","true","16",""
"1","legacy_gt_identity_v1","23/17","23","","17","","","","","500","500","","500x500x6","","","","","","","500x500","500x500","500x500","500x500","500x500","500x500","true","17",""
"1","legacy_gt_identity_v1","23/18","23","","18","","","","","500","500","","500x500x6","","","","","","","500x500","500x500","500x500","500x500","500x500","500x500","true","18",""
"1","legacy_gt_identity_v1","23/19","23","","19","","","","","500","500","","500x500x6","","","","","","","500x500","500x500","500x500","500x500","500x500","500x500","true","19",""
"1","legacy_gt_identity_v1","23/2","23","","2","","","","","500","500","","500x500x6","","","","","","","500x500","500x500","500x500","500x500","500x500","500x500","true","2",""
"1","legacy_gt_identity_v1","23/20","23","","20","","","","","500","500","","500x500x6","","","","","","","500x500","500x500","500x500","500x500","500x500","500x500","true","20",""
"1","legacy_gt_identity_v1","23/3","23","","3","","","","","500","500","","500x500x6","","","","","","","500x500","500x500","500x500","500x500","500x500","500x500","true","3",""
"1","legacy_gt_identity_v1","23/4","23","","4","","","","","500","500","","500x500x6","","","","","","","500x500","500x500","500x500","500x500","500x500","500x500","true","4",""
"1","legacy_gt_identity_v1","23/5","23","","5","","","","","500","500","","500x500x6","","","","","","","500x500","500x500","500x500","500x500","500x500","500x500","true","5",""
"1","legacy_gt_identity_v1","23/6","23","","6","","","","","500","500","","500x500x6","","","","","","","500x500","500x500","500x500","500x500","500x500","500x500","true","6",""
"1","legacy_gt_identity_v1","23/7","23","","7","","","","","500","500","","500x500x6","","","","","","","500x500","500x500","500x500","500x500","500x500","500x500","true","7",""
"1","legacy_gt_identity_v1","23/8","23","","8","","","","","500","500","","500x500x6","","","","","","","500x500","500x500","500x500","500x500","500x500","500x500","true","8",""
"1","legacy_gt_identity_v1","23/9","23","","9","","","","","500","500","","500x500x6","","","","","","","500x500","500x500","500x500","500x500","500x500","500x500","true","9",""
"1","legacy_gt_identity_v1","24/0","24","","0","","","","","500","500","","500x500x6","","","","","","","500x500","500x500","500x500","500x500","500x500","500x500","true","24/0",""
"1","legacy_gt_identity_v1","24/1","24","","1","","","","","500","500","","500x500x6","","","","","","","500x500","500x500","500x500","500x500","500x500","500x500","true","1",""
"1","legacy_gt_identity_v1","24/10","24","","10","","","","","500","500","","500x500x6","","","","","","","500x500","500x500","500x500","500x500","500x500","500x500","true","10",""
"1","legacy_gt_identity_v1","24/11","24","","11","","","","","500","500","","500x500x6","","","","","","","500x500","500x500","500x500","500x500","500x500","500x500","true","11",""
"1","legacy_gt_identity_v1","24/12","24","","12","","","","","500","500","","500x500x6","","","","","","","500x500","500x500","500x500","500x500","500x500","500x500","true","12",""
"1","legacy_gt_identity_v1","24/13","24","","13","","","","","500","500","","500x500x6","","","","","","","500x500","500x500","500x500","500x500","500x500","500x500","true","13",""
"1","legacy_gt_identity_v1","24/14","24","","14","","","","","500","500","","500x500x6","","","","","","","500x500","500x500","500x500","500x500","500x500","500x500","true","14",""
"1","legacy_gt_identity_v1","24/15","24","","15","","","","","500","500","","500x500x6","","","","","","","500x500","500x500","500x500","500x500","500x500","500x500","true","15",""
"1","legacy_gt_identity_v1","24/16","24","","16","","","","","500","500","","500x500x6","","","","","","","500x500","500x500","500x500","500x500","500x500","500x500","true","16",""
"1","legacy_gt_identity_v1","24/17","24","","17","","","","","500","500","","500x500x6","","","","","","","500x500","500x500","500x500","500x500","500x500","500x500","true","17",""
"1","legacy_gt_identity_v1","24/18","24","","18","","","","","500","500","","500x500x6","","","","","","","500x500","500x500","500x500","500x500","500x500","500x500","true","18",""
"1","legacy_gt_identity_v1","24/19","24","","19","","","","","500","500","","500x500x6","","","","","","","500x500","500x500","500x500","500x500","500x500","500x500","true","19",""
"1","legacy_gt_identity_v1","24/2","24","","2","","","","","500","500","","500x500x6","","","","","","","500x500","500x500","500x500","500x500","500x500","500x500","true","2",""
"1","legacy_gt_identity_v1","24/20","24","","20","","","","","500","500","","500x500x6","","","","","","","500x500","500x500","500x500","500x500","500x500","500x500","true","20",""
"1","legacy_gt_identity_v1","24/3","24","","3","","","","","500","500","","500x500x6","","","","","","","500x500","500x500","500x500","500x500","500x500","500x500","true","3",""
"1","legacy_gt_identity_v1","24/4","24","","4","","","","","500","500","","500x500x6","","","","","","","500x500","500x500","500x500","500x500","500x500","500x500","true","4",""
"1","legacy_gt_identity_v1","24/5","24","","5","","","","","500","500","","500x500x6","","","","","","","500x500","500x500","500x500","500x500","500x500","500x500","true","5",""
"1","legacy_gt_identity_v1","24/6","24","","6","","","","","500","500","","500x500x6","","","","","","","500x500","500x500","500x500","500x500","500x500","500x500","true","6",""
"1","legacy_gt_identity_v1","24/7","24","","7","","","","","500","500","","500x500x6","","","","","","","500x500","500x500","500x500","500x500","500x500","500x500","true","7",""
"1","legacy_gt_identity_v1","24/8","24","","8","","","","","500","500","","500x500x6","","","","","","","500x500","500x500","500x500","500x500","500x500","500x500","true","8",""
"1","legacy_gt_identity_v1","24/9","24","","9","","","","","500","500","","500x500x6","","","","","","","500x500","500x500","500x500","500x500","500x500","500x500","true","9",""
"1","legacy_gt_identity_v1","25/0","25","","0","","","","","500","500","","500x500x6","","","","","","","500x500","500x500","500x500","500x500","500x500","500x500","true","25/0",""
"1","legacy_gt_identity_v1","25/1","25","","1","","","","","500","500","","500x500x6","","","","","","","500x500","500x500","500x500","500x500","500x500","500x500","true","1",""
"1","legacy_gt_identity_v1","25/10","25","","10","","","","","500","500","","500x500x6","","","","","","","500x500","500x500","500x500","500x500","500x500","500x500","true","10",""
"1","legacy_gt_identity_v1","25/11","25","","11","","","","","500","500","","500x500x6","","","","","","","500x500","500x500","500x500","500x500","500x500","500x500","true","11",""
"1","legacy_gt_identity_v1","25/12","25","","12","","","","","500","500","","500x500x6","","","","","","","500x500","500x500","500x500","500x500","500x500","500x500","true","12",""
"1","legacy_gt_identity_v1","25/13","25","","13","","","","","500","500","","500x500x6","","","","","","","500x500","500x500","500x500","500x500","500x500","500x500","true","13",""
"1","legacy_gt_identity_v1","25/14","25","","14","","","","","500","500","","500x500x6","","","","","","","500x500","500x500","500x500","500x500","500x500","500x500","true","14",""
"1","legacy_gt_identity_v1","25/15","25","","15","","","","","500","500","","500x500x6","","","","","","","500x500","500x500","500x500","500x500","500x500","500x500","true","15",""
"1","legacy_gt_identity_v1","25/16","25","","16","","","","","500","500","","500x500x6","","","","","","","500x500","500x500","500x500","500x500","500x500","500x500","true","16",""
"1","legacy_gt_identity_v1","25/17","25","","17","","","","","500","500","","500x500x6","","","","","","","500x500","500x500","500x500","500x500","500x500","500x500","true","17",""
"1","legacy_gt_identity_v1","25/18","25","","18","","","","","500","500","","500x500x6","","","","","","","500x500","500x500","500x500","500x500","500x500","500x500","true","18",""
"1","legacy_gt_identity_v1","25/19","25","","19","","","","","500","500","","500x500x6","","","","","","","500x500","500x500","500x500","500x500","500x500","500x500","true","19",""
"1","legacy_gt_identity_v1","25/2","25","","2","","","","","500","500","","500x500x6","","","","","","","500x500","500x500","500x500","500x500","500x500","500x500","true","2",""
"1","legacy_gt_identity_v1","25/20","25","","20","","","","","500","500","","500x500x6","","","","","","","500x500","500x500","500x500","500x500","500x500","500x500","true","20",""
"1","legacy_gt_identity_v1","25/3","25","","3","","","","","500","500","","500x500x6","","","","","","","500x500","500x500","500x500","500x500","500x500","500x500","true","3",""
"1","legacy_gt_identity_v1","25/4","25","","4","","","","","500","500","","500x500x6","","","","","","","500x500","500x500","500x500","500x500","500x500","500x500","true","4",""
"1","legacy_gt_identity_v1","25/5","25","","5","","","","","500","500","","500x500x6","","","","","","","500x500","500x500","500x500","500x500","500x500","500x500","true","5",""
"1","legacy_gt_identity_v1","25/6","25","","6","","","","","500","500","","500x500x6","","","","","","","500x500","500x500","500x500","500x500","500x500","500x500","true","6",""
"1","legacy_gt_identity_v1","25/7","25","","7","","","","","500","500","","500x500x6","","","","","","","500x500","500x500","500x500","500x500","500x500","500x500","true","7",""
"1","legacy_gt_identity_v1","25/8","25","","8","","","","","500","500","","500x500x6","","","","","","","500x500","500x500","500x500","500x500","500x500","500x500","true","8",""
"1","legacy_gt_identity_v1","25/9","25","","9","","","","","500","500","","500x500x6","","","","","","","500x500","500x500","500x500","500x500","500x500","500x500","true","9",""
"1","legacy_gt_identity_v1","26/0","26","","0","","","","","500","500","","500x500x6","","","","","","","500x500","500x500","500x500","500x500","500x500","500x500","true","26/0",""
"1","legacy_gt_identity_v1","26/1","26","","1","","","","","500","500","","500x500x6","","","","","","","500x500","500x500","500x500","500x500","500x500","500x500","true","1",""
"1","legacy_gt_identity_v1","26/10","26","","10","","","","","500","500","","500x500x6","","","","","","","500x500","500x500","500x500","500x500","500x500","500x500","true","10",""
"1","legacy_gt_identity_v1","26/11","26","","11","","","","","500","500","","500x500x6","","","","","","","500x500","500x500","500x500","500x500","500x500","500x500","true","11",""
"1","legacy_gt_identity_v1","26/12","26","","12","","","","","500","500","","500x500x6","","","","","","","500x500","500x500","500x500","500x500","500x500","500x500","true","12",""
"1","legacy_gt_identity_v1","26/13","26","","13","","","","","500","500","","500x500x6","","","","","","","500x500","500x500","500x500","500x500","500x500","500x500","true","13",""
"1","legacy_gt_identity_v1","26/14","26","","14","","","","","500","500","","500x500x6","","","","","","","500x500","500x500","500x500","500x500","500x500","500x500","true","14",""
"1","legacy_gt_identity_v1","26/15","26","","15","","","","","500","500","","500x500x6","","","","","","","500x500","500x500","500x500","500x500","500x500","500x500","true","15",""
"1","legacy_gt_identity_v1","26/16","26","","16","","","","","500","500","","500x500x6","","","","","","","500x500","500x500","500x500","500x500","500x500","500x500","true","16",""
"1","legacy_gt_identity_v1","26/17","26","","17","","","","","500","500","","500x500x6","","","","","","","500x500","500x500","500x500","500x500","500x500","500x500","true","17",""
"1","legacy_gt_identity_v1","26/18","26","","18","","","","","500","500","","500x500x6","","","","","","","500x500","500x500","500x500","500x500","500x500","500x500","true","18",""
"1","legacy_gt_identity_v1","26/19","26","","19","","","","","500","500","","500x500x6","","","","","","","500x500","500x500","500x500","500x500","500x500","500x500","true","19",""
"1","legacy_gt_identity_v1","26/2","26","","2","","","","","500","500","","500x500x6","","","","","","","500x500","500x500","500x500","500x500","500x500","500x500","true","2",""
"1","legacy_gt_identity_v1","26/20","26","","20","","","","","500","500","","500x500x6","","","","","","","500x500","500x500","500x500","500x500","500x500","500x500","true","20",""
"1","legacy_gt_identity_v1","26/3","26","","3","","","","","500","500","","500x500x6","","","","","","","500x500","500x500","500x500","500x500","500x500","500x500","true","3",""
"1","legacy_gt_identity_v1","26/4","26","","4","","","","","500","500","","500x500x6","","","","","","","500x500","500x500","500x500","500x500","500x500","500x500","true","4",""
"1","legacy_gt_identity_v1","26/5","26","","5","","","","","500","500","","500x500x6","","","","","","","500x500","500x500","500x500","500x500","500x500","500x500","true","5",""
"1","legacy_gt_identity_v1","26/6","26","","6","","","","","500","500","","500x500x6","","","","","","","500x500","500x500","500x500","500x500","500x500","500x500","true","6",""
"1","legacy_gt_identity_v1","26/7","26","","7","","","","","500","500","","500x500x6","","","","","","","500x500","500x500","500x500","500x500","500x500","500x500","true","7",""
"1","legacy_gt_identity_v1","26/8","26","","8","","","","","500","500","","500x500x6","","","","","","","500x500","500x500","500x500","500x500","500x500","500x500","true","8",""
"1","legacy_gt_identity_v1","26/9","26","","9","","","","","500","500","","500x500x6","","","","","","","500x500","500x500","500x500","500x500","500x500","500x500","true","9",""
"1","legacy_gt_identity_v1","27/0","27","","0","","","","","500","500","","500x500x6","","","","","","","500x500","500x500","500x500","500x500","500x500","500x500","true","27/0",""
"1","legacy_gt_identity_v1","27/1","27","","1","","","","","500","500","","500x500x6","","","","","","","500x500","500x500","500x500","500x500","500x500","500x500","true","1",""
"1","legacy_gt_identity_v1","27/10","27","","10","","","","","500","500","","500x500x6","","","","","","","500x500","500x500","500x500","500x500","500x500","500x500","true","10",""
"1","legacy_gt_identity_v1","27/11","27","","11","","","","","500","500","","500x500x6","","","","","","","500x500","500x500","500x500","500x500","500x500","500x500","true","11",""
"1","legacy_gt_identity_v1","27/12","27","","12","","","","","500","500","","500x500x6","","","","","","","500x500","500x500","500x500","500x500","500x500","500x500","true","12",""
"1","legacy_gt_identity_v1","27/13","27","","13","","","","","500","500","","500x500x6","","","","","","","500x500","500x500","500x500","500x500","500x500","500x500","true","13",""
"1","legacy_gt_identity_v1","27/14","27","","14","","","","","500","500","","500x500x6","","","","","","","500x500","500x500","500x500","500x500","500x500","500x500","true","14",""
"1","legacy_gt_identity_v1","27/15","27","","15","","","","","500","500","","500x500x6","","","","","","","500x500","500x500","500x500","500x500","500x500","500x500","true","15",""
"1","legacy_gt_identity_v1","27/16","27","","16","","","","","500","500","","500x500x6","","","","","","","500x500","500x500","500x500","500x500","500x500","500x500","true","16",""
"1","legacy_gt_identity_v1","27/17","27","","17","","","","","500","500","","500x500x6","","","","","","","500x500","500x500","500x500","500x500","500x500","500x500","true","17",""
"1","legacy_gt_identity_v1","27/18","27","","18","","","","","500","500","","500x500x6","","","","","","","500x500","500x500","500x500","500x500","500x500","500x500","true","18",""
"1","legacy_gt_identity_v1","27/19","27","","19","","","","","500","500","","500x500x6","","","","","","","500x500","500x500","500x500","500x500","500x500","500x500","true","19",""
"1","legacy_gt_identity_v1","27/2","27","","2","","","","","500","500","","500x500x6","","","","","","","500x500","500x500","500x500","500x500","500x500","500x500","true","2",""
"1","legacy_gt_identity_v1","27/20","27","","20","","","","","500","500","","500x500x6","","","","","","","500x500","500x500","500x500","500x500","500x500","500x500","true","20",""
"1","legacy_gt_identity_v1","27/3","27","","3","","","","","500","500","","500x500x6","","","","","","","500x500","500x500","500x500","500x500","500x500","500x500","true","3",""
"1","legacy_gt_identity_v1","27/4","27","","4","","","","","500","500","","500x500x6","","","","","","","500x500","500x500","500x500","500x500","500x500","500x500","true","4",""
"1","legacy_gt_identity_v1","27/5","27","","5","","","","","500","500","","500x500x6","","","","","","","500x500","500x500","500x500","500x500","500x500","500x500","true","5",""
"1","legacy_gt_identity_v1","27/6","27","","6","","","","","500","500","","500x500x6","","","","","","","500x500","500x500","500x500","500x500","500x500","500x500","true","6",""
"1","legacy_gt_identity_v1","27/7","27","","7","","","","","500","500","","500x500x6","","","","","","","500x500","500x500","500x500","500x500","500x500","500x500","true","7",""
"1","legacy_gt_identity_v1","27/8","27","","8","","","","","500","500","","500x500x6","","","","","","","500x500","500x500","500x500","500x500","500x500","500x500","true","8",""
"1","legacy_gt_identity_v1","27/9","27","","9","","","","","500","500","","500x500x6","","","","","","","500x500","500x500","500x500","500x500","500x500","500x500","true","9",""
"1","legacy_gt_identity_v1","28/0","28","","0","","","","","500","500","","500x500x6","","","","","","","500x500","500x500","500x500","500x500","500x500","500x500","true","28/0",""
"1","legacy_gt_identity_v1","28/1","28","","1","","","","","500","500","","500x500x6","","","","","","","500x500","500x500","500x500","500x500","500x500","500x500","true","1",""
"1","legacy_gt_identity_v1","28/10","28","","10","","","","","500","500","","500x500x6","","","","","","","500x500","500x500","500x500","500x500","500x500","500x500","true","10",""
"1","legacy_gt_identity_v1","28/11","28","","11","","","","","500","500","","500x500x6","","","","","","","500x500","500x500","500x500","500x500","500x500","500x500","true","11",""
"1","legacy_gt_identity_v1","28/12","28","","12","","","","","500","500","","500x500x6","","","","","","","500x500","500x500","500x500","500x500","500x500","500x500","true","12",""
"1","legacy_gt_identity_v1","28/13","28","","13","","","","","500","500","","500x500x6","","","","","","","500x500","500x500","500x500","500x500","500x500","500x500","true","13",""
"1","legacy_gt_identity_v1","28/14","28","","14","","","","","500","500","","500x500x6","","","","","","","500x500","500x500","500x500","500x500","500x500","500x500","true","14",""
"1","legacy_gt_identity_v1","28/15","28","","15","","","","","500","500","","500x500x6","","","","","","","500x500","500x500","500x500","500x500","500x500","500x500","true","15",""
"1","legacy_gt_identity_v1","28/16","28","","16","","","","","500","500","","500x500x6","","","","","","","500x500","500x500","500x500","500x500","500x500","500x500","true","16",""
"1","legacy_gt_identity_v1","28/17","28","","17","","","","","500","500","","500x500x6","","","","","","","500x500","500x500","500x500","500x500","500x500","500x500","true","17",""
"1","legacy_gt_identity_v1","28/18","28","","18","","","","","500","500","","500x500x6","","","","","","","500x500","500x500","500x500","500x500","500x500","500x500","true","18",""
"1","legacy_gt_identity_v1","28/19","28","","19","","","","","500","500","","500x500x6","","","","","","","500x500","500x500","500x500","500x500","500x500","500x500","true","19",""
"1","legacy_gt_identity_v1","28/2","28","","2","","","","","500","500","","500x500x6","","","","","","","500x500","500x500","500x500","500x500","500x500","500x500","true","2",""
"1","legacy_gt_identity_v1","28/20","28","","20","","","","","500","500","","500x500x6","","","","","","","500x500","500x500","500x500","500x500","500x500","500x500","true","20",""
"1","legacy_gt_identity_v1","28/3","28","","3","","","","","500","500","","500x500x6","","","","","","","500x500","500x500","500x500","500x500","500x500","500x500","true","3",""
"1","legacy_gt_identity_v1","28/4","28","","4","","","","","500","500","","500x500x6","","","","","","","500x500","500x500","500x500","500x500","500x500","500x500","true","4",""
"1","legacy_gt_identity_v1","28/5","28","","5","","","","","500","500","","500x500x6","","","","","","","500x500","500x500","500x500","500x500","500x500","500x500","true","5",""
"1","legacy_gt_identity_v1","28/6","28","","6","","","","","500","500","","500x500x6","","","","","","","500x500","500x500","500x500","500x500","500x500","500x500","true","6",""
"1","legacy_gt_identity_v1","28/7","28","","7","","","","","500","500","","500x500x6","","","","","","","500x500","500x500","500x500","500x500","500x500","500x500","true","7",""
"1","legacy_gt_identity_v1","28/8","28","","8","","","","","500","500","","500x500x6","","","","","","","500x500","500x500","500x500","500x500","500x500","500x500","true","8",""
"1","legacy_gt_identity_v1","28/9","28","","9","","","","","500","500","","500x500x6","","","","","","","500x500","500x500","500x500","500x500","500x500","500x500","true","9",""
"1","legacy_gt_identity_v1","29/0","29","","0","","","","","500","500","","500x500x6","","","","","","","500x500","500x500","500x500","500x500","500x500","500x500","true","29/0",""
"1","legacy_gt_identity_v1","29/1","29","","1","","","","","500","500","","500x500x6","","","","","","","500x500","500x500","500x500","500x500","500x500","500x500","true","1",""
"1","legacy_gt_identity_v1","29/10","29","","10","","","","","500","500","","500x500x6","","","","","","","500x500","500x500","500x500","500x500","500x500","500x500","true","10",""
"1","legacy_gt_identity_v1","29/11","29","","11","","","","","500","500","","500x500x6","","","","","","","500x500","500x500","500x500","500x500","500x500","500x500","true","11",""
"1","legacy_gt_identity_v1","29/12","29","","12","","","","","500","500","","500x500x6","","","","","","","500x500","500x500","500x500","500x500","500x500","500x500","true","12",""
"1","legacy_gt_identity_v1","29/13","29","","13","","","","","500","500","","500x500x6","","","","","","","500x500","500x500","500x500","500x500","500x500","500x500","true","13",""
"1","legacy_gt_identity_v1","29/14","29","","14","","","","","500","500","","500x500x6","","","","","","","500x500","500x500","500x500","500x500","500x500","500x500","true","14",""
"1","legacy_gt_identity_v1","29/15","29","","15","","","","","500","500","","500x500x6","","","","","","","500x500","500x500","500x500","500x500","500x500","500x500","true","15",""
"1","legacy_gt_identity_v1","29/16","29","","16","","","","","500","500","","500x500x6","","","","","","","500x500","500x500","500x500","500x500","500x500","500x500","true","16",""
"1","legacy_gt_identity_v1","29/17","29","","17","","","","","500","500","","500x500x6","","","","","","","500x500","500x500","500x500","500x500","500x500","500x500","true","17",""
"1","legacy_gt_identity_v1","29/18","29","","18","","","","","500","500","","500x500x6","","","","","","","500x500","500x500","500x500","500x500","500x500","500x500","true","18",""
"1","legacy_gt_identity_v1","29/19","29","","19","","","","","500","500","","500x500x6","","","","","","","500x500","500x500","500x500","500x500","500x500","500x500","true","19",""
"1","legacy_gt_identity_v1","29/2","29","","2","","","","","500","500","","500x500x6","","","","","","","500x500","500x500","500x500","500x500","500x500","500x500","true","2",""
"1","legacy_gt_identity_v1","29/20","29","","20","","","","","500","500","","500x500x6","","","","","","","500x500","500x500","500x500","500x500","500x500","500x500","true","20",""
"1","legacy_gt_identity_v1","29/3","29","","3","","","","","500","500","","500x500x6","","","","","","","500x500","500x500","500x500","500x500","500x500","500x500","true","3",""
"1","legacy_gt_identity_v1","29/4","29","","4","","","","","500","500","","500x500x6","","","","","","","500x500","500x500","500x500","500x500","500x500","500x500","true","4",""
"1","legacy_gt_identity_v1","29/5","29","","5","","","","","500","500","","500x500x6","","","","","","","500x500","500x500","500x500","500x500","500x500","500x500","true","5",""
"1","legacy_gt_identity_v1","29/6","29","","6","","","","","500","500","","500x500x6","","","","","","","500x500","500x500","500x500","500x500","500x500","500x500","true","6",""
"1","legacy_gt_identity_v1","29/7","29","","7","","","","","500","500","","500x500x6","","","","","","","500x500","500x500","500x500","500x500","500x500","500x500","true","7",""
"1","legacy_gt_identity_v1","29/8","29","","8","","","","","500","500","","500x500x6","","","","","","","500x500","500x500","500x500","500x500","500x500","500x500","true","8",""
"1","legacy_gt_identity_v1","29/9","29","","9","","","","","500","500","","500x500x6","","","","","","","500x500","500x500","500x500","500x500","500x500","500x500","true","9",""
"1","legacy_gt_identity_v1","3/0","3","","0","","","","","500","500","","500x500x6","","","","","","","500x500","500x500","500x500","500x500","500x500","500x500","true","3/0",""
"1","legacy_gt_identity_v1","3/1","3","","1","","","","","500","500","","500x500x6","","","","","","","500x500","500x500","500x500","500x500","500x500","500x500","true","1",""
"1","legacy_gt_identity_v1","3/10","3","","10","","","","","500","500","","500x500x6","","","","","","","500x500","500x500","500x500","500x500","500x500","500x500","true","10",""
"1","legacy_gt_identity_v1","3/11","3","","11","","","","","500","500","","500x500x6","","","","","","","500x500","500x500","500x500","500x500","500x500","500x500","true","11",""
"1","legacy_gt_identity_v1","3/12","3","","12","","","","","500","500","","500x500x6","","","","","","","500x500","500x500","500x500","500x500","500x500","500x500","true","12",""
"1","legacy_gt_identity_v1","3/13","3","","13","","","","","500","500","","500x500x6","","","","","","","500x500","500x500","500x500","500x500","500x500","500x500","true","13",""
"1","legacy_gt_identity_v1","3/14","3","","14","","","","","500","500","","500x500x6","","","","","","","500x500","500x500","500x500","500x500","500x500","500x500","true","14",""
"1","legacy_gt_identity_v1","3/15","3","","15","","","","","500","500","","500x500x6","","","","","","","500x500","500x500","500x500","500x500","500x500","500x500","true","15",""
"1","legacy_gt_identity_v1","3/16","3","","16","","","","","500","500","","500x500x6","","","","","","","500x500","500x500","500x500","500x500","500x500","500x500","true","16",""
"1","legacy_gt_identity_v1","3/17","3","","17","","","","","500","500","","500x500x6","","","","","","","500x500","500x500","500x500","500x500","500x500","500x500","true","17",""
"1","legacy_gt_identity_v1","3/18","3","","18","","","","","500","500","","500x500x6","","","","","","","500x500","500x500","500x500","500x500","500x500","500x500","true","18",""
"1","legacy_gt_identity_v1","3/19","3","","19","","","","","500","500","","500x500x6","","","","","","","500x500","500x500","500x500","500x500","500x500","500x500","true","19",""
"1","legacy_gt_identity_v1","3/2","3","","2","","","","","500","500","","500x500x6","","","","","","","500x500","500x500","500x500","500x500","500x500","500x500","true","2",""
"1","legacy_gt_identity_v1","3/20","3","","20","","","","","500","500","","500x500x6","","","","","","","500x500","500x500","500x500","500x500","500x500","500x500","true","20",""
"1","legacy_gt_identity_v1","3/3","3","","3","","","","","500","500","","500x500x6","","","","","","","500x500","500x500","500x500","500x500","500x500","500x500","true","3",""
"1","legacy_gt_identity_v1","3/4","3","","4","","","","","500","500","","500x500x6","","","","","","","500x500","500x500","500x500","500x500","500x500","500x500","true","4",""
"1","legacy_gt_identity_v1","3/5","3","","5","","","","","500","500","","500x500x6","","","","","","","500x500","500x500","500x500","500x500","500x500","500x500","true","5",""
"1","legacy_gt_identity_v1","3/6","3","","6","","","","","500","500","","500x500x6","","","","","","","500x500","500x500","500x500","500x500","500x500","500x500","true","6",""
"1","legacy_gt_identity_v1","3/7","3","","7","","","","","500","500","","500x500x6","","","","","","","500x500","500x500","500x500","500x500","500x500","500x500","true","7",""
"1","legacy_gt_identity_v1","3/8","3","","8","","","","","500","500","","500x500x6","","","","","","","500x500","500x500","500x500","500x500","500x500","500x500","true","8",""
"1","legacy_gt_identity_v1","3/9","3","","9","","","","","500","500","","500x500x6","","","","","","","500x500","500x500","500x500","500x500","500x500","500x500","true","9",""
"1","legacy_gt_identity_v1","30/0","30","","0","","","","","500","500","","500x500x6","","","","","","","500x500","500x500","500x500","500x500","500x500","500x500","true","30/0",""
"1","legacy_gt_identity_v1","30/1","30","","1","","","","","500","500","","500x500x6","","","","","","","500x500","500x500","500x500","500x500","500x500","500x500","true","1",""
"1","legacy_gt_identity_v1","30/10","30","","10","","","","","500","500","","500x500x6","","","","","","","500x500","500x500","500x500","500x500","500x500","500x500","true","10",""
"1","legacy_gt_identity_v1","30/11","30","","11","","","","","500","500","","500x500x6","","","","","","","500x500","500x500","500x500","500x500","500x500","500x500","true","11",""
"1","legacy_gt_identity_v1","30/12","30","","12","","","","","500","500","","500x500x6","","","","","","","500x500","500x500","500x500","500x500","500x500","500x500","true","12",""
"1","legacy_gt_identity_v1","30/13","30","","13","","","","","500","500","","500x500x6","","","","","","","500x500","500x500","500x500","500x500","500x500","500x500","true","13",""
"1","legacy_gt_identity_v1","30/14","30","","14","","","","","500","500","","500x500x6","","","","","","","500x500","500x500","500x500","500x500","500x500","500x500","true","14",""
"1","legacy_gt_identity_v1","30/15","30","","15","","","","","500","500","","500x500x6","","","","","","","500x500","500x500","500x500","500x500","500x500","500x500","true","15",""
"1","legacy_gt_identity_v1","30/16","30","","16","","","","","500","500","","500x500x6","","","","","","","500x500","500x500","500x500","500x500","500x500","500x500","true","16",""
"1","legacy_gt_identity_v1","30/17","30","","17","","","","","500","500","","500x500x6","","","","","","","500x500","500x500","500x500","500x500","500x500","500x500","true","17",""
"1","legacy_gt_identity_v1","30/18","30","","18","","","","","500","500","","500x500x6","","","","","","","500x500","500x500","500x500","500x500","500x500","500x500","true","18",""
"1","legacy_gt_identity_v1","30/19","30","","19","","","","","500","500","","500x500x6","","","","","","","500x500","500x500","500x500","500x500","500x500","500x500","true","19",""
"1","legacy_gt_identity_v1","30/2","30","","2","","","","","500","500","","500x500x6","","","","","","","500x500","500x500","500x500","500x500","500x500","500x500","true","2",""
"1","legacy_gt_identity_v1","30/20","30","","20","","","","","500","500","","500x500x6","","","","","","","500x500","500x500","500x500","500x500","500x500","500x500","true","20",""
"1","legacy_gt_identity_v1","30/3","30","","3","","","","","500","500","","500x500x6","","","","","","","500x500","500x500","500x500","500x500","500x500","500x500","true","3",""
"1","legacy_gt_identity_v1","30/4","30","","4","","","","","500","500","","500x500x6","","","","","","","500x500","500x500","500x500","500x500","500x500","500x500","true","4",""
"1","legacy_gt_identity_v1","30/5","30","","5","","","","","500","500","","500x500x6","","","","","","","500x500","500x500","500x500","500x500","500x500","500x500","true","5",""
"1","legacy_gt_identity_v1","30/6","30","","6","","","","","500","500","","500x500x6","","","","","","","500x500","500x500","500x500","500x500","500x500","500x500","true","6",""
"1","legacy_gt_identity_v1","30/7","30","","7","","","","","500","500","","500x500x6","","","","","","","500x500","500x500","500x500","500x500","500x500","500x500","true","7",""
"1","legacy_gt_identity_v1","30/8","30","","8","","","","","500","500","","500x500x6","","","","","","","500x500","500x500","500x500","500x500","500x500","500x500","true","8",""
"1","legacy_gt_identity_v1","30/9","30","","9","","","","","500","500","","500x500x6","","","","","","","500x500","500x500","500x500","500x500","500x500","500x500","true","9",""
"1","legacy_gt_identity_v1","31/0","31","","0","","","","","500","500","","500x500x6","","","","","","","500x500","500x500","500x500","500x500","500x500","500x500","true","31/0",""
"1","legacy_gt_identity_v1","31/1","31","","1","","","","","500","500","","500x500x6","","","","","","","500x500","500x500","500x500","500x500","500x500","500x500","true","1",""
"1","legacy_gt_identity_v1","31/10","31","","10","","","","","500","500","","500x500x6","","","","","","","500x500","500x500","500x500","500x500","500x500","500x500","true","10",""
"1","legacy_gt_identity_v1","31/11","31","","11","","","","","500","500","","500x500x6","","","","","","","500x500","500x500","500x500","500x500","500x500","500x500","true","11",""
"1","legacy_gt_identity_v1","31/12","31","","12","","","","","500","500","","500x500x6","","","","","","","500x500","500x500","500x500","500x500","500x500","500x500","true","12",""
"1","legacy_gt_identity_v1","31/13","31","","13","","","","","500","500","","500x500x6","","","","","","","500x500","500x500","500x500","500x500","500x500","500x500","true","13",""
"1","legacy_gt_identity_v1","31/14","31","","14","","","","","500","500","","500x500x6","","","","","","","500x500","500x500","500x500","500x500","500x500","500x500","true","14",""
"1","legacy_gt_identity_v1","31/15","31","","15","","","","","500","500","","500x500x6","","","","","","","500x500","500x500","500x500","500x500","500x500","500x500","true","15",""
"1","legacy_gt_identity_v1","31/16","31","","16","","","","","500","500","","500x500x6","","","","","","","500x500","500x500","500x500","500x500","500x500","500x500","true","16",""
"1","legacy_gt_identity_v1","31/17","31","","17","","","","","500","500","","500x500x6","","","","","","","500x500","500x500","500x500","500x500","500x500","500x500","true","17",""
"1","legacy_gt_identity_v1","31/18","31","","18","","","","","500","500","","500x500x6","","","","","","","500x500","500x500","500x500","500x500","500x500","500x500","true","18",""
"1","legacy_gt_identity_v1","31/19","31","","19","","","","","500","500","","500x500x6","","","","","","","500x500","500x500","500x500","500x500","500x500","500x500","true","19",""
"1","legacy_gt_identity_v1","31/2","31","","2","","","","","500","500","","500x500x6","","","","","","","500x500","500x500","500x500","500x500","500x500","500x500","true","2",""
"1","legacy_gt_identity_v1","31/20","31","","20","","","","","500","500","","500x500x6","","","","","","","500x500","500x500","500x500","500x500","500x500","500x500","true","20",""
"1","legacy_gt_identity_v1","31/3","31","","3","","","","","500","500","","500x500x6","","","","","","","500x500","500x500","500x500","500x500","500x500","500x500","true","3",""
"1","legacy_gt_identity_v1","31/4","31","","4","","","","","500","500","","500x500x6","","","","","","","500x500","500x500","500x500","500x500","500x500","500x500","true","4",""
"1","legacy_gt_identity_v1","31/5","31","","5","","","","","500","500","","500x500x6","","","","","","","500x500","500x500","500x500","500x500","500x500","500x500","true","5",""
"1","legacy_gt_identity_v1","31/6","31","","6","","","","","500","500","","500x500x6","","","","","","","500x500","500x500","500x500","500x500","500x500","500x500","true","6",""
"1","legacy_gt_identity_v1","31/7","31","","7","","","","","500","500","","500x500x6","","","","","","","500x500","500x500","500x500","500x500","500x500","500x500","true","7",""
"1","legacy_gt_identity_v1","31/8","31","","8","","","","","500","500","","500x500x6","","","","","","","500x500","500x500","500x500","500x500","500x500","500x500","true","8",""
"1","legacy_gt_identity_v1","31/9","31","","9","","","","","500","500","","500x500x6","","","","","","","500x500","500x500","500x500","500x500","500x500","500x500","true","9",""
"1","legacy_gt_identity_v1","32/0","32","","0","","","","","500","500","","500x500x6","","","","","","","500x500","500x500","500x500","500x500","500x500","500x500","true","32/0",""
"1","legacy_gt_identity_v1","32/1","32","","1","","","","","500","500","","500x500x6","","","","","","","500x500","500x500","500x500","500x500","500x500","500x500","true","1",""
"1","legacy_gt_identity_v1","32/10","32","","10","","","","","500","500","","500x500x6","","","","","","","500x500","500x500","500x500","500x500","500x500","500x500","true","10",""
"1","legacy_gt_identity_v1","32/11","32","","11","","","","","500","500","","500x500x6","","","","","","","500x500","500x500","500x500","500x500","500x500","500x500","true","11",""
"1","legacy_gt_identity_v1","32/12","32","","12","","","","","500","500","","500x500x6","","","","","","","500x500","500x500","500x500","500x500","500x500","500x500","true","12",""
"1","legacy_gt_identity_v1","32/13","32","","13","","","","","500","500","","500x500x6","","","","","","","500x500","500x500","500x500","500x500","500x500","500x500","true","13",""
"1","legacy_gt_identity_v1","32/14","32","","14","","","","","500","500","","500x500x6","","","","","","","500x500","500x500","500x500","500x500","500x500","500x500","true","14",""
"1","legacy_gt_identity_v1","32/15","32","","15","","","","","500","500","","500x500x6","","","","","","","500x500","500x500","500x500","500x500","500x500","500x500","true","15",""
"1","legacy_gt_identity_v1","32/16","32","","16","","","","","500","500","","500x500x6","","","","","","","500x500","500x500","500x500","500x500","500x500","500x500","true","16",""
"1","legacy_gt_identity_v1","32/17","32","","17","","","","","500","500","","500x500x6","","","","","","","500x500","500x500","500x500","500x500","500x500","500x500","true","17",""
"1","legacy_gt_identity_v1","32/18","32","","18","","","","","500","500","","500x500x6","","","","","","","500x500","500x500","500x500","500x500","500x500","500x500","true","18",""
"1","legacy_gt_identity_v1","32/19","32","","19","","","","","500","500","","500x500x6","","","","","","","500x500","500x500","500x500","500x500","500x500","500x500","true","19",""
"1","legacy_gt_identity_v1","32/2","32","","2","","","","","500","500","","500x500x6","","","","","","","500x500","500x500","500x500","500x500","500x500","500x500","true","2",""
"1","legacy_gt_identity_v1","32/20","32","","20","","","","","500","500","","500x500x6","","","","","","","500x500","500x500","500x500","500x500","500x500","500x500","true","20",""
"1","legacy_gt_identity_v1","32/3","32","","3","","","","","500","500","","500x500x6","","","","","","","500x500","500x500","500x500","500x500","500x500","500x500","true","3",""
"1","legacy_gt_identity_v1","32/4","32","","4","","","","","500","500","","500x500x6","","","","","","","500x500","500x500","500x500","500x500","500x500","500x500","true","4",""
"1","legacy_gt_identity_v1","32/5","32","","5","","","","","500","500","","500x500x6","","","","","","","500x500","500x500","500x500","500x500","500x500","500x500","true","5",""
"1","legacy_gt_identity_v1","32/6","32","","6","","","","","500","500","","500x500x6","","","","","","","500x500","500x500","500x500","500x500","500x500","500x500","true","6",""
"1","legacy_gt_identity_v1","32/7","32","","7","","","","","500","500","","500x500x6","","","","","","","500x500","500x500","500x500","500x500","500x500","500x500","true","7",""
"1","legacy_gt_identity_v1","32/8","32","","8","","","","","500","500","","500x500x6","","","","","","","500x500","500x500","500x500","500x500","500x500","500x500","true","8",""
"1","legacy_gt_identity_v1","32/9","32","","9","","","","","500","500","","500x500x6","","","","","","","500x500","500x500","500x500","500x500","500x500","500x500","true","9",""
"1","legacy_gt_identity_v1","33/0","33","","0","","","","","500","500","","500x500x6","","","","","","","500x500","500x500","500x500","500x500","500x500","500x500","true","33/0",""
"1","legacy_gt_identity_v1","33/1","33","","1","","","","","500","500","","500x500x6","","","","","","","500x500","500x500","500x500","500x500","500x500","500x500","true","1",""
"1","legacy_gt_identity_v1","33/10","33","","10","","","","","500","500","","500x500x6","","","","","","","500x500","500x500","500x500","500x500","500x500","500x500","true","10",""
"1","legacy_gt_identity_v1","33/11","33","","11","","","","","500","500","","500x500x6","","","","","","","500x500","500x500","500x500","500x500","500x500","500x500","true","11",""
"1","legacy_gt_identity_v1","33/12","33","","12","","","","","500","500","","500x500x6","","","","","","","500x500","500x500","500x500","500x500","500x500","500x500","true","12",""
"1","legacy_gt_identity_v1","33/13","33","","13","","","","","500","500","","500x500x6","","","","","","","500x500","500x500","500x500","500x500","500x500","500x500","true","13",""
"1","legacy_gt_identity_v1","33/14","33","","14","","","","","500","500","","500x500x6","","","","","","","500x500","500x500","500x500","500x500","500x500","500x500","true","14",""
"1","legacy_gt_identity_v1","33/15","33","","15","","","","","500","500","","500x500x6","","","","","","","500x500","500x500","500x500","500x500","500x500","500x500","true","15",""
"1","legacy_gt_identity_v1","33/16","33","","16","","","","","500","500","","500x500x6","","","","","","","500x500","500x500","500x500","500x500","500x500","500x500","true","16",""
"1","legacy_gt_identity_v1","33/17","33","","17","","","","","500","500","","500x500x6","","","","","","","500x500","500x500","500x500","500x500","500x500","500x500","true","17",""
"1","legacy_gt_identity_v1","33/18","33","","18","","","","","500","500","","500x500x6","","","","","","","500x500","500x500","500x500","500x500","500x500","500x500","true","18",""
"1","legacy_gt_identity_v1","33/19","33","","19","","","","","500","500","","500x500x6","","","","","","","500x500","500x500","500x500","500x500","500x500","500x500","true","19",""
"1","legacy_gt_identity_v1","33/2","33","","2","","","","","500","500","","500x500x6","","","","","","","500x500","500x500","500x500","500x500","500x500","500x500","true","2",""
"1","legacy_gt_identity_v1","33/20","33","","20","","","","","500","500","","500x500x6","","","","","","","500x500","500x500","500x500","500x500","500x500","500x500","true","20",""
"1","legacy_gt_identity_v1","33/3","33","","3","","","","","500","500","","500x500x6","","","","","","","500x500","500x500","500x500","500x500","500x500","500x500","true","3",""
"1","legacy_gt_identity_v1","33/4","33","","4","","","","","500","500","","500x500x6","","","","","","","500x500","500x500","500x500","500x500","500x500","500x500","true","4",""
"1","legacy_gt_identity_v1","33/5","33","","5","","","","","500","500","","500x500x6","","","","","","","500x500","500x500","500x500","500x500","500x500","500x500","true","5",""
"1","legacy_gt_identity_v1","33/6","33","","6","","","","","500","500","","500x500x6","","","","","","","500x500","500x500","500x500","500x500","500x500","500x500","true","6",""
"1","legacy_gt_identity_v1","33/7","33","","7","","","","","500","500","","500x500x6","","","","","","","500x500","500x500","500x500","500x500","500x500","500x500","true","7",""
"1","legacy_gt_identity_v1","33/8","33","","8","","","","","500","500","","500x500x6","","","","","","","500x500","500x500","500x500","500x500","500x500","500x500","true","8",""
"1","legacy_gt_identity_v1","33/9","33","","9","","","","","500","500","","500x500x6","","","","","","","500x500","500x500","500x500","500x500","500x500","500x500","true","9",""
"1","legacy_gt_identity_v1","34/0","34","","0","","","","","500","500","","500x500x6","","","","","","","500x500","500x500","500x500","500x500","500x500","500x500","true","34/0",""
"1","legacy_gt_identity_v1","34/1","34","","1","","","","","500","500","","500x500x6","","","","","","","500x500","500x500","500x500","500x500","500x500","500x500","true","1",""
"1","legacy_gt_identity_v1","34/10","34","","10","","","","","500","500","","500x500x6","","","","","","","500x500","500x500","500x500","500x500","500x500","500x500","true","10",""
"1","legacy_gt_identity_v1","34/11","34","","11","","","","","500","500","","500x500x6","","","","","","","500x500","500x500","500x500","500x500","500x500","500x500","true","11",""
"1","legacy_gt_identity_v1","34/12","34","","12","","","","","500","500","","500x500x6","","","","","","","500x500","500x500","500x500","500x500","500x500","500x500","true","12",""
"1","legacy_gt_identity_v1","34/13","34","","13","","","","","500","500","","500x500x6","","","","","","","500x500","500x500","500x500","500x500","500x500","500x500","true","13",""
"1","legacy_gt_identity_v1","34/14","34","","14","","","","","500","500","","500x500x6","","","","","","","500x500","500x500","500x500","500x500","500x500","500x500","true","14",""
"1","legacy_gt_identity_v1","34/15","34","","15","","","","","500","500","","500x500x6","","","","","","","500x500","500x500","500x500","500x500","500x500","500x500","true","15",""
"1","legacy_gt_identity_v1","34/16","34","","16","","","","","500","500","","500x500x6","","","","","","","500x500","500x500","500x500","500x500","500x500","500x500","true","16",""
"1","legacy_gt_identity_v1","34/17","34","","17","","","","","500","500","","500x500x6","","","","","","","500x500","500x500","500x500","500x500","500x500","500x500","true","17",""
"1","legacy_gt_identity_v1","34/18","34","","18","","","","","500","500","","500x500x6","","","","","","","500x500","500x500","500x500","500x500","500x500","500x500","true","18",""
"1","legacy_gt_identity_v1","34/19","34","","19","","","","","500","500","","500x500x6","","","","","","","500x500","500x500","500x500","500x500","500x500","500x500","true","19",""
"1","legacy_gt_identity_v1","34/2","34","","2","","","","","500","500","","500x500x6","","","","","","","500x500","500x500","500x500","500x500","500x500","500x500","true","2",""
"1","legacy_gt_identity_v1","34/20","34","","20","","","","","500","500","","500x500x6","","","","","","","500x500","500x500","500x500","500x500","500x500","500x500","true","20",""
"1","legacy_gt_identity_v1","34/3","34","","3","","","","","500","500","","500x500x6","","","","","","","500x500","500x500","500x500","500x500","500x500","500x500","true","3",""
"1","legacy_gt_identity_v1","34/4","34","","4","","","","","500","500","","500x500x6","","","","","","","500x500","500x500","500x500","500x500","500x500","500x500","true","4",""
"1","legacy_gt_identity_v1","34/5","34","","5","","","","","500","500","","500x500x6","","","","","","","500x500","500x500","500x500","500x500","500x500","500x500","true","5",""
"1","legacy_gt_identity_v1","34/6","34","","6","","","","","500","500","","500x500x6","","","","","","","500x500","500x500","500x500","500x500","500x500","500x500","true","6",""
"1","legacy_gt_identity_v1","34/7","34","","7","","","","","500","500","","500x500x6","","","","","","","500x500","500x500","500x500","500x500","500x500","500x500","true","7",""
"1","legacy_gt_identity_v1","34/8","34","","8","","","","","500","500","","500x500x6","","","","","","","500x500","500x500","500x500","500x500","500x500","500x500","true","8",""
"1","legacy_gt_identity_v1","34/9","34","","9","","","","","500","500","","500x500x6","","","","","","","500x500","500x500","500x500","500x500","500x500","500x500","true","9",""
"1","legacy_gt_identity_v1","35/0","35","","0","","","","","500","500","","500x500x6","","","","","","","500x500","500x500","500x500","500x500","500x500","500x500","true","35/0",""
"1","legacy_gt_identity_v1","35/1","35","","1","","","","","500","500","","500x500x6","","","","","","","500x500","500x500","500x500","500x500","500x500","500x500","true","1",""
"1","legacy_gt_identity_v1","35/10","35","","10","","","","","500","500","","500x500x6","","","","","","","500x500","500x500","500x500","500x500","500x500","500x500","true","10",""
"1","legacy_gt_identity_v1","35/11","35","","11","","","","","500","500","","500x500x6","","","","","","","500x500","500x500","500x500","500x500","500x500","500x500","true","11",""
"1","legacy_gt_identity_v1","35/12","35","","12","","","","","500","500","","500x500x6","","","","","","","500x500","500x500","500x500","500x500","500x500","500x500","true","12",""
"1","legacy_gt_identity_v1","35/13","35","","13","","","","","500","500","","500x500x6","","","","","","","500x500","500x500","500x500","500x500","500x500","500x500","true","13",""
"1","legacy_gt_identity_v1","35/14","35","","14","","","","","500","500","","500x500x6","","","","","","","500x500","500x500","500x500","500x500","500x500","500x500","true","14",""
"1","legacy_gt_identity_v1","35/15","35","","15","","","","","500","500","","500x500x6","","","","","","","500x500","500x500","500x500","500x500","500x500","500x500","true","15",""
"1","legacy_gt_identity_v1","35/16","35","","16","","","","","500","500","","500x500x6","","","","","","","500x500","500x500","500x500","500x500","500x500","500x500","true","16",""
"1","legacy_gt_identity_v1","35/17","35","","17","","","","","500","500","","500x500x6","","","","","","","500x500","500x500","500x500","500x500","500x500","500x500","true","17",""
"1","legacy_gt_identity_v1","35/18","35","","18","","","","","500","500","","500x500x6","","","","","","","500x500","500x500","500x500","500x500","500x500","500x500","true","18",""
"1","legacy_gt_identity_v1","35/19","35","","19","","","","","500","500","","500x500x6","","","","","","","500x500","500x500","500x500","500x500","500x500","500x500","true","19",""
"1","legacy_gt_identity_v1","35/2","35","","2","","","","","500","500","","500x500x6","","","","","","","500x500","500x500","500x500","500x500","500x500","500x500","true","2",""
"1","legacy_gt_identity_v1","35/20","35","","20","","","","","500","500","","500x500x6","","","","","","","500x500","500x500","500x500","500x500","500x500","500x500","true","20",""
"1","legacy_gt_identity_v1","35/3","35","","3","","","","","500","500","","500x500x6","","","","","","","500x500","500x500","500x500","500x500","500x500","500x500","true","3",""
"1","legacy_gt_identity_v1","35/4","35","","4","","","","","500","500","","500x500x6","","","","","","","500x500","500x500","500x500","500x500","500x500","500x500","true","4",""
"1","legacy_gt_identity_v1","35/5","35","","5","","","","","500","500","","500x500x6","","","","","","","500x500","500x500","500x500","500x500","500x500","500x500","true","5",""
"1","legacy_gt_identity_v1","35/6","35","","6","","","","","500","500","","500x500x6","","","","","","","500x500","500x500","500x500","500x500","500x500","500x500","true","6",""
"1","legacy_gt_identity_v1","35/7","35","","7","","","","","500","500","","500x500x6","","","","","","","500x500","500x500","500x500","500x500","500x500","500x500","true","7",""
"1","legacy_gt_identity_v1","35/8","35","","8","","","","","500","500","","500x500x6","","","","","","","500x500","500x500","500x500","500x500","500x500","500x500","true","8",""
"1","legacy_gt_identity_v1","35/9","35","","9","","","","","500","500","","500x500x6","","","","","","","500x500","500x500","500x500","500x500","500x500","500x500","true","9",""
"1","legacy_gt_identity_v1","36/0","36","","0","","","","","500","500","","500x500x6","","","","","","","500x500","500x500","500x500","500x500","500x500","500x500","true","36/0",""
"1","legacy_gt_identity_v1","36/1","36","","1","","","","","500","500","","500x500x6","","","","","","","500x500","500x500","500x500","500x500","500x500","500x500","true","1",""
"1","legacy_gt_identity_v1","36/10","36","","10","","","","","500","500","","500x500x6","","","","","","","500x500","500x500","500x500","500x500","500x500","500x500","true","10",""
"1","legacy_gt_identity_v1","36/11","36","","11","","","","","500","500","","500x500x6","","","","","","","500x500","500x500","500x500","500x500","500x500","500x500","true","11",""
"1","legacy_gt_identity_v1","36/12","36","","12","","","","","500","500","","500x500x6","","","","","","","500x500","500x500","500x500","500x500","500x500","500x500","true","12",""
"1","legacy_gt_identity_v1","36/13","36","","13","","","","","500","500","","500x500x6","","","","","","","500x500","500x500","500x500","500x500","500x500","500x500","true","13",""
"1","legacy_gt_identity_v1","36/14","36","","14","","","","","500","500","","500x500x6","","","","","","","500x500","500x500","500x500","500x500","500x500","500x500","true","14",""
"1","legacy_gt_identity_v1","36/15","36","","15","","","","","500","500","","500x500x6","","","","","","","500x500","500x500","500x500","500x500","500x500","500x500","true","15",""
"1","legacy_gt_identity_v1","36/16","36","","16","","","","","500","500","","500x500x6","","","","","","","500x500","500x500","500x500","500x500","500x500","500x500","true","16",""
"1","legacy_gt_identity_v1","36/17","36","","17","","","","","500","500","","500x500x6","","","","","","","500x500","500x500","500x500","500x500","500x500","500x500","true","17",""
"1","legacy_gt_identity_v1","36/18","36","","18","","","","","500","500","","500x500x6","","","","","","","500x500","500x500","500x500","500x500","500x500","500x500","true","18",""
"1","legacy_gt_identity_v1","36/19","36","","19","","","","","500","500","","500x500x6","","","","","","","500x500","500x500","500x500","500x500","500x500","500x500","true","19",""
"1","legacy_gt_identity_v1","36/2","36","","2","","","","","500","500","","500x500x6","","","","","","","500x500","500x500","500x500","500x500","500x500","500x500","true","2",""
"1","legacy_gt_identity_v1","36/20","36","","20","","","","","500","500","","500x500x6","","","","","","","500x500","500x500","500x500","500x500","500x500","500x500","true","20",""
"1","legacy_gt_identity_v1","36/3","36","","3","","","","","500","500","","500x500x6","","","","","","","500x500","500x500","500x500","500x500","500x500","500x500","true","3",""
"1","legacy_gt_identity_v1","36/4","36","","4","","","","","500","500","","500x500x6","","","","","","","500x500","500x500","500x500","500x500","500x500","500x500","true","4",""
"1","legacy_gt_identity_v1","36/5","36","","5","","","","","500","500","","500x500x6","","","","","","","500x500","500x500","500x500","500x500","500x500","500x500","true","5",""
"1","legacy_gt_identity_v1","36/6","36","","6","","","","","500","500","","500x500x6","","","","","","","500x500","500x500","500x500","500x500","500x500","500x500","true","6",""
"1","legacy_gt_identity_v1","36/7","36","","7","","","","","500","500","","500x500x6","","","","","","","500x500","500x500","500x500","500x500","500x500","500x500","true","7",""
"1","legacy_gt_identity_v1","36/8","36","","8","","","","","500","500","","500x500x6","","","","","","","500x500","500x500","500x500","500x500","500x500","500x500","true","8",""
"1","legacy_gt_identity_v1","36/9","36","","9","","","","","500","500","","500x500x6","","","","","","","500x500","500x500","500x500","500x500","500x500","500x500","true","9",""
"1","legacy_gt_identity_v1","37/0","37","","0","","","","","500","500","","500x500x6","","","","","","","500x500","500x500","500x500","500x500","500x500","500x500","true","37/0",""
"1","legacy_gt_identity_v1","37/1","37","","1","","","","","500","500","","500x500x6","","","","","","","500x500","500x500","500x500","500x500","500x500","500x500","true","1",""
"1","legacy_gt_identity_v1","37/10","37","","10","","","","","500","500","","500x500x6","","","","","","","500x500","500x500","500x500","500x500","500x500","500x500","true","10",""
"1","legacy_gt_identity_v1","37/11","37","","11","","","","","500","500","","500x500x6","","","","","","","500x500","500x500","500x500","500x500","500x500","500x500","true","11",""
"1","legacy_gt_identity_v1","37/12","37","","12","","","","","500","500","","500x500x6","","","","","","","500x500","500x500","500x500","500x500","500x500","500x500","true","12",""
"1","legacy_gt_identity_v1","37/13","37","","13","","","","","500","500","","500x500x6","","","","","","","500x500","500x500","500x500","500x500","500x500","500x500","true","13",""
"1","legacy_gt_identity_v1","37/14","37","","14","","","","","500","500","","500x500x6","","","","","","","500x500","500x500","500x500","500x500","500x500","500x500","true","14",""
"1","legacy_gt_identity_v1","37/15","37","","15","","","","","500","500","","500x500x6","","","","","","","500x500","500x500","500x500","500x500","500x500","500x500","true","15",""
"1","legacy_gt_identity_v1","37/16","37","","16","","","","","500","500","","500x500x6","","","","","","","500x500","500x500","500x500","500x500","500x500","500x500","true","16",""
"1","legacy_gt_identity_v1","37/17","37","","17","","","","","500","500","","500x500x6","","","","","","","500x500","500x500","500x500","500x500","500x500","500x500","true","17",""
"1","legacy_gt_identity_v1","37/18","37","","18","","","","","500","500","","500x500x6","","","","","","","500x500","500x500","500x500","500x500","500x500","500x500","true","18",""
"1","legacy_gt_identity_v1","37/19","37","","19","","","","","500","500","","500x500x6","","","","","","","500x500","500x500","500x500","500x500","500x500","500x500","true","19",""
"1","legacy_gt_identity_v1","37/2","37","","2","","","","","500","500","","500x500x6","","","","","","","500x500","500x500","500x500","500x500","500x500","500x500","true","2",""
"1","legacy_gt_identity_v1","37/20","37","","20","","","","","500","500","","500x500x6","","","","","","","500x500","500x500","500x500","500x500","500x500","500x500","true","20",""
"1","legacy_gt_identity_v1","37/3","37","","3","","","","","500","500","","500x500x6","","","","","","","500x500","500x500","500x500","500x500","500x500","500x500","true","3",""
"1","legacy_gt_identity_v1","37/4","37","","4","","","","","500","500","","500x500x6","","","","","","","500x500","500x500","500x500","500x500","500x500","500x500","true","4",""
"1","legacy_gt_identity_v1","37/5","37","","5","","","","","500","500","","500x500x6","","","","","","","500x500","500x500","500x500","500x500","500x500","500x500","true","5",""
"1","legacy_gt_identity_v1","37/6","37","","6","","","","","500","500","","500x500x6","","","","","","","500x500","500x500","500x500","500x500","500x500","500x500","true","6",""
"1","legacy_gt_identity_v1","37/7","37","","7","","","","","500","500","","500x500x6","","","","","","","500x500","500x500","500x500","500x500","500x500","500x500","true","7",""
"1","legacy_gt_identity_v1","37/8","37","","8","","","","","500","500","","500x500x6","","","","","","","500x500","500x500","500x500","500x500","500x500","500x500","true","8",""
"1","legacy_gt_identity_v1","37/9","37","","9","","","","","500","500","","500x500x6","","","","","","","500x500","500x500","500x500","500x500","500x500","500x500","true","9",""
"1","legacy_gt_identity_v1","38/0","38","","0","","","","","500","500","","500x500x6","","","","","","","500x500","500x500","500x500","500x500","500x500","500x500","true","38/0",""
"1","legacy_gt_identity_v1","38/1","38","","1","","","","","500","500","","500x500x6","","","","","","","500x500","500x500","500x500","500x500","500x500","500x500","true","1",""
"1","legacy_gt_identity_v1","38/10","38","","10","","","","","500","500","","500x500x6","","","","","","","500x500","500x500","500x500","500x500","500x500","500x500","true","10",""
"1","legacy_gt_identity_v1","38/11","38","","11","","","","","500","500","","500x500x6","","","","","","","500x500","500x500","500x500","500x500","500x500","500x500","true","11",""
"1","legacy_gt_identity_v1","38/12","38","","12","","","","","500","500","","500x500x6","","","","","","","500x500","500x500","500x500","500x500","500x500","500x500","true","12",""
"1","legacy_gt_identity_v1","38/13","38","","13","","","","","500","500","","500x500x6","","","","","","","500x500","500x500","500x500","500x500","500x500","500x500","true","13",""
"1","legacy_gt_identity_v1","38/14","38","","14","","","","","500","500","","500x500x6","","","","","","","500x500","500x500","500x500","500x500","500x500","500x500","true","14",""
"1","legacy_gt_identity_v1","38/15","38","","15","","","","","500","500","","500x500x6","","","","","","","500x500","500x500","500x500","500x500","500x500","500x500","true","15",""
"1","legacy_gt_identity_v1","38/16","38","","16","","","","","500","500","","500x500x6","","","","","","","500x500","500x500","500x500","500x500","500x500","500x500","true","16",""
"1","legacy_gt_identity_v1","38/17","38","","17","","","","","500","500","","500x500x6","","","","","","","500x500","500x500","500x500","500x500","500x500","500x500","true","17",""
"1","legacy_gt_identity_v1","38/18","38","","18","","","","","500","500","","500x500x6","","","","","","","500x500","500x500","500x500","500x500","500x500","500x500","true","18",""
"1","legacy_gt_identity_v1","38/19","38","","19","","","","","500","500","","500x500x6","","","","","","","500x500","500x500","500x500","500x500","500x500","500x500","true","19",""
"1","legacy_gt_identity_v1","38/2","38","","2","","","","","500","500","","500x500x6","","","","","","","500x500","500x500","500x500","500x500","500x500","500x500","true","2",""
"1","legacy_gt_identity_v1","38/20","38","","20","","","","","500","500","","500x500x6","","","","","","","500x500","500x500","500x500","500x500","500x500","500x500","true","20",""
"1","legacy_gt_identity_v1","38/3","38","","3","","","","","500","500","","500x500x6","","","","","","","500x500","500x500","500x500","500x500","500x500","500x500","true","3",""
"1","legacy_gt_identity_v1","38/4","38","","4","","","","","500","500","","500x500x6","","","","","","","500x500","500x500","500x500","500x500","500x500","500x500","true","4",""
"1","legacy_gt_identity_v1","38/5","38","","5","","","","","500","500","","500x500x6","","","","","","","500x500","500x500","500x500","500x500","500x500","500x500","true","5",""
"1","legacy_gt_identity_v1","38/6","38","","6","","","","","500","500","","500x500x6","","","","","","","500x500","500x500","500x500","500x500","500x500","500x500","true","6",""
"1","legacy_gt_identity_v1","38/7","38","","7","","","","","500","500","","500x500x6","","","","","","","500x500","500x500","500x500","500x500","500x500","500x500","true","7",""
"1","legacy_gt_identity_v1","38/8","38","","8","","","","","500","500","","500x500x6","","","","","","","500x500","500x500","500x500","500x500","500x500","500x500","true","8",""
"1","legacy_gt_identity_v1","38/9","38","","9","","","","","500","500","","500x500x6","","","","","","","500x500","500x500","500x500","500x500","500x500","500x500","true","9",""
"1","legacy_gt_identity_v1","39/0","39","","0","","","","","500","500","","500x500x6","","","","","","","500x500","500x500","500x500","500x500","500x500","500x500","true","39/0",""
"1","legacy_gt_identity_v1","39/1","39","","1","","","","","500","500","","500x500x6","","","","","","","500x500","500x500","500x500","500x500","500x500","500x500","true","1",""
"1","legacy_gt_identity_v1","39/10","39","","10","","","","","500","500","","500x500x6","","","","","","","500x500","500x500","500x500","500x500","500x500","500x500","true","10",""
"1","legacy_gt_identity_v1","39/11","39","","11","","","","","500","500","","500x500x6","","","","","","","500x500","500x500","500x500","500x500","500x500","500x500","true","11",""
"1","legacy_gt_identity_v1","39/12","39","","12","","","","","500","500","","500x500x6","","","","","","","500x500","500x500","500x500","500x500","500x500","500x500","true","12",""
"1","legacy_gt_identity_v1","39/13","39","","13","","","","","500","500","","500x500x6","","","","","","","500x500","500x500","500x500","500x500","500x500","500x500","true","13",""
"1","legacy_gt_identity_v1","39/14","39","","14","","","","","500","500","","500x500x6","","","","","","","500x500","500x500","500x500","500x500","500x500","500x500","true","14",""
"1","legacy_gt_identity_v1","39/15","39","","15","","","","","500","500","","500x500x6","","","","","","","500x500","500x500","500x500","500x500","500x500","500x500","true","15",""
"1","legacy_gt_identity_v1","39/16","39","","16","","","","","500","500","","500x500x6","","","","","","","500x500","500x500","500x500","500x500","500x500","500x500","true","16",""
"1","legacy_gt_identity_v1","39/17","39","","17","","","","","500","500","","500x500x6","","","","","","","500x500","500x500","500x500","500x500","500x500","500x500","true","17",""
"1","legacy_gt_identity_v1","39/18","39","","18","","","","","500","500","","500x500x6","","","","","","","500x500","500x500","500x500","500x500","500x500","500x500","true","18",""
"1","legacy_gt_identity_v1","39/19","39","","19","","","","","500","500","","500x500x6","","","","","","","500x500","500x500","500x500","500x500","500x500","500x500","true","19",""
"1","legacy_gt_identity_v1","39/2","39","","2","","","","","500","500","","500x500x6","","","","","","","500x500","500x500","500x500","500x500","500x500","500x500","true","2",""
"1","legacy_gt_identity_v1","39/20","39","","20","","","","","500","500","","500x500x6","","","","","","","500x500","500x500","500x500","500x500","500x500","500x500","true","20",""
"1","legacy_gt_identity_v1","39/3","39","","3","","","","","500","500","","500x500x6","","","","","","","500x500","500x500","500x500","500x500","500x500","500x500","true","3",""
"1","legacy_gt_identity_v1","39/4","39","","4","","","","","500","500","","500x500x6","","","","","","","500x500","500x500","500x500","500x500","500x500","500x500","true","4",""
"1","legacy_gt_identity_v1","39/5","39","","5","","","","","500","500","","500x500x6","","","","","","","500x500","500x500","500x500","500x500","500x500","500x500","true","5",""
"1","legacy_gt_identity_v1","39/6","39","","6","","","","","500","500","","500x500x6","","","","","","","500x500","500x500","500x500","500x500","500x500","500x500","true","6",""
"1","legacy_gt_identity_v1","39/7","39","","7","","","","","500","500","","500x500x6","","","","","","","500x500","500x500","500x500","500x500","500x500","500x500","true","7",""
"1","legacy_gt_identity_v1","39/8","39","","8","","","","","500","500","","500x500x6","","","","","","","500x500","500x500","500x500","500x500","500x500","500x500","true","8",""
"1","legacy_gt_identity_v1","39/9","39","","9","","","","","500","500","","500x500x6","","","","","","","500x500","500x500","500x500","500x500","500x500","500x500","true","9",""
"1","legacy_gt_identity_v1","4/0","4","","0","","","","","500","500","","500x500x6","","","","","","","500x500","500x500","500x500","500x500","500x500","500x500","true","4/0",""
"1","legacy_gt_identity_v1","4/1","4","","1","","","","","500","500","","500x500x6","","","","","","","500x500","500x500","500x500","500x500","500x500","500x500","true","1",""
"1","legacy_gt_identity_v1","4/10","4","","10","","","","","500","500","","500x500x6","","","","","","","500x500","500x500","500x500","500x500","500x500","500x500","true","10",""
"1","legacy_gt_identity_v1","4/11","4","","11","","","","","500","500","","500x500x6","","","","","","","500x500","500x500","500x500","500x500","500x500","500x500","true","11",""
"1","legacy_gt_identity_v1","4/12","4","","12","","","","","500","500","","500x500x6","","","","","","","500x500","500x500","500x500","500x500","500x500","500x500","true","12",""
"1","legacy_gt_identity_v1","4/13","4","","13","","","","","500","500","","500x500x6","","","","","","","500x500","500x500","500x500","500x500","500x500","500x500","true","13",""
"1","legacy_gt_identity_v1","4/14","4","","14","","","","","500","500","","500x500x6","","","","","","","500x500","500x500","500x500","500x500","500x500","500x500","true","14",""
"1","legacy_gt_identity_v1","4/15","4","","15","","","","","500","500","","500x500x6","","","","","","","500x500","500x500","500x500","500x500","500x500","500x500","true","15",""
"1","legacy_gt_identity_v1","4/16","4","","16","","","","","500","500","","500x500x6","","","","","","","500x500","500x500","500x500","500x500","500x500","500x500","true","16",""
"1","legacy_gt_identity_v1","4/17","4","","17","","","","","500","500","","500x500x6","","","","","","","500x500","500x500","500x500","500x500","500x500","500x500","true","17",""
"1","legacy_gt_identity_v1","4/18","4","","18","","","","","500","500","","500x500x6","","","","","","","500x500","500x500","500x500","500x500","500x500","500x500","true","18",""
"1","legacy_gt_identity_v1","4/19","4","","19","","","","","500","500","","500x500x6","","","","","","","500x500","500x500","500x500","500x500","500x500","500x500","true","19",""
"1","legacy_gt_identity_v1","4/2","4","","2","","","","","500","500","","500x500x6","","","","","","","500x500","500x500","500x500","500x500","500x500","500x500","true","2",""
"1","legacy_gt_identity_v1","4/20","4","","20","","","","","500","500","","500x500x6","","","","","","","500x500","500x500","500x500","500x500","500x500","500x500","true","20",""
"1","legacy_gt_identity_v1","4/3","4","","3","","","","","500","500","","500x500x6","","","","","","","500x500","500x500","500x500","500x500","500x500","500x500","true","3",""
"1","legacy_gt_identity_v1","4/4","4","","4","","","","","500","500","","500x500x6","","","","","","","500x500","500x500","500x500","500x500","500x500","500x500","true","4",""
"1","legacy_gt_identity_v1","4/5","4","","5","","","","","500","500","","500x500x6","","","","","","","500x500","500x500","500x500","500x500","500x500","500x500","true","5",""
"1","legacy_gt_identity_v1","4/6","4","","6","","","","","500","500","","500x500x6","","","","","","","500x500","500x500","500x500","500x500","500x500","500x500","true","6",""
"1","legacy_gt_identity_v1","4/7","4","","7","","","","","500","500","","500x500x6","","","","","","","500x500","500x500","500x500","500x500","500x500","500x500","true","7",""
"1","legacy_gt_identity_v1","4/8","4","","8","","","","","500","500","","500x500x6","","","","","","","500x500","500x500","500x500","500x500","500x500","500x500","true","8",""
"1","legacy_gt_identity_v1","4/9","4","","9","","","","","500","500","","500x500x6","","","","","","","500x500","500x500","500x500","500x500","500x500","500x500","true","9",""
"1","legacy_gt_identity_v1","40/0","40","","0","","","","","500","500","","","","","","","","","","","","","","","false","40/0","stacked_mask:missing|vec1:missing|vec2:missing|vec3:missing|vec4:missing|vec5:missing|keypoint:missing"
"1","legacy_gt_identity_v1","40/1","40","","1","","","","","500","500","","","","","","","","","","","","","","","false","1","stacked_mask:missing|vec1:missing|vec2:missing|vec3:missing|vec4:missing|vec5:missing|keypoint:missing"
"1","legacy_gt_identity_v1","40/10","40","","10","","","","","500","500","","","","","","","","","","","","","","","false","10","stacked_mask:missing|vec1:missing|vec2:missing|vec3:missing|vec4:missing|vec5:missing|keypoint:missing"
"1","legacy_gt_identity_v1","40/11","40","","11","","","","","500","500","","","","","","","","","","","","","","","false","11","stacked_mask:missing|vec1:missing|vec2:missing|vec3:missing|vec4:missing|vec5:missing|keypoint:missing"
"1","legacy_gt_identity_v1","40/12","40","","12","","","","","500","500","","","","","","","","","","","","","","","false","12","stacked_mask:missing|vec1:missing|vec2:missing|vec3:missing|vec4:missing|vec5:missing|keypoint:missing"
"1","legacy_gt_identity_v1","40/13","40","","13","","","","","500","500","","","","","","","","","","","","","","","false","13","stacked_mask:missing|vec1:missing|vec2:missing|vec3:missing|vec4:missing|vec5:missing|keypoint:missing"
"1","legacy_gt_identity_v1","40/14","40","","14","","","","","500","500","","","","","","","","","","","","","","","false","14","stacked_mask:missing|vec1:missing|vec2:missing|vec3:missing|vec4:missing|vec5:missing|keypoint:missing"
"1","legacy_gt_identity_v1","40/15","40","","15","","","","","500","500","","","","","","","","","","","","","","","false","15","stacked_mask:missing|vec1:missing|vec2:missing|vec3:missing|vec4:missing|vec5:missing|keypoint:missing"
"1","legacy_gt_identity_v1","40/16","40","","16","","","","","500","500","","","","","","","","","","","","","","","false","16","stacked_mask:missing|vec1:missing|vec2:missing|vec3:missing|vec4:missing|vec5:missing|keypoint:missing"
"1","legacy_gt_identity_v1","40/17","40","","17","","","","","500","500","","","","","","","","","","","","","","","false","17","stacked_mask:missing|vec1:missing|vec2:missing|vec3:missing|vec4:missing|vec5:missing|keypoint:missing"
"1","legacy_gt_identity_v1","40/2","40","","2","","","","","500","500","","","","","","","","","","","","","","","false","2","stacked_mask:missing|vec1:missing|vec2:missing|vec3:missing|vec4:missing|vec5:missing|keypoint:missing"
"1","legacy_gt_identity_v1","40/3","40","","3","","","","","500","500","","","","","","","","","","","","","","","false","3","stacked_mask:missing|vec1:missing|vec2:missing|vec3:missing|vec4:missing|vec5:missing|keypoint:missing"
"1","legacy_gt_identity_v1","40/4","40","","4","","","","","500","500","","","","","","","","","","","","","","","false","4","stacked_mask:missing|vec1:missing|vec2:missing|vec3:missing|vec4:missing|vec5:missing|keypoint:missing"
"1","legacy_gt_identity_v1","40/5","40","","5","","","","","500","500","","","","","","","","","","","","","","","false","5","stacked_mask:missing|vec1:missing|vec2:missing|vec3:missing|vec4:missing|vec5:missing|keypoint:missing"
"1","legacy_gt_identity_v1","40/6","40","","6","","","","","500","500","","","","","","","","","","","","","","","false","6","stacked_mask:missing|vec1:missing|vec2:missing|vec3:missing|vec4:missing|vec5:missing|keypoint:missing"
"1","legacy_gt_identity_v1","40/7","40","","7","","","","","500","500","","","","","","","","","","","","","","","false","7","stacked_mask:missing|vec1:missing|vec2:missing|vec3:missing|vec4:missing|vec5:missing|keypoint:missing"
"1","legacy_gt_identity_v1","40/8","40","","8","","","","","500","500","","","","","","","","","","","","","","","false","8","stacked_mask:missing|vec1:missing|vec2:missing|vec3:missing|vec4:missing|vec5:missing|keypoint:missing"
"1","legacy_gt_identity_v1","40/9","40","","9","","","","","500","500","","","","","","","","","","","","","","","false","9","stacked_mask:missing|vec1:missing|vec2:missing|vec3:missing|vec4:missing|vec5:missing|keypoint:missing"
"1","legacy_gt_identity_v1","41/0","41","","0","","","","","500","500","","","","","","","","","","","","","","","false","41/0","stacked_mask:missing|vec1:missing|vec2:missing|vec3:missing|vec4:missing|vec5:missing|keypoint:missing"
"1","legacy_gt_identity_v1","41/1","41","","1","","","","","500","500","","","","","","","","","","","","","","","false","1","stacked_mask:missing|vec1:missing|vec2:missing|vec3:missing|vec4:missing|vec5:missing|keypoint:missing"
"1","legacy_gt_identity_v1","41/10","41","","10","","","","","500","500","","","","","","","","","","","","","","","false","10","stacked_mask:missing|vec1:missing|vec2:missing|vec3:missing|vec4:missing|vec5:missing|keypoint:missing"
"1","legacy_gt_identity_v1","41/11","41","","11","","","","","500","500","","","","","","","","","","","","","","","false","11","stacked_mask:missing|vec1:missing|vec2:missing|vec3:missing|vec4:missing|vec5:missing|keypoint:missing"
"1","legacy_gt_identity_v1","41/12","41","","12","","","","","500","500","","","","","","","","","","","","","","","false","12","stacked_mask:missing|vec1:missing|vec2:missing|vec3:missing|vec4:missing|vec5:missing|keypoint:missing"
"1","legacy_gt_identity_v1","41/13","41","","13","","","","","500","500","","","","","","","","","","","","","","","false","13","stacked_mask:missing|vec1:missing|vec2:missing|vec3:missing|vec4:missing|vec5:missing|keypoint:missing"
"1","legacy_gt_identity_v1","41/14","41","","14","","","","","500","500","","","","","","","","","","","","","","","false","14","stacked_mask:missing|vec1:missing|vec2:missing|vec3:missing|vec4:missing|vec5:missing|keypoint:missing"
"1","legacy_gt_identity_v1","41/15","41","","15","","","","","500","500","","","","","","","","","","","","","","","false","15","stacked_mask:missing|vec1:missing|vec2:missing|vec3:missing|vec4:missing|vec5:missing|keypoint:missing"
"1","legacy_gt_identity_v1","41/16","41","","16","","","","","500","500","","","","","","","","","","","","","","","false","16","stacked_mask:missing|vec1:missing|vec2:missing|vec3:missing|vec4:missing|vec5:missing|keypoint:missing"
"1","legacy_gt_identity_v1","41/17","41","","17","","","","","500","500","","","","","","","","","","","","","","","false","17","stacked_mask:missing|vec1:missing|vec2:missing|vec3:missing|vec4:missing|vec5:missing|keypoint:missing"
"1","legacy_gt_identity_v1","41/2","41","","2","","","","","500","500","","","","","","","","","","","","","","","false","2","stacked_mask:missing|vec1:missing|vec2:missing|vec3:missing|vec4:missing|vec5:missing|keypoint:missing"
"1","legacy_gt_identity_v1","41/3","41","","3","","","","","500","500","","","","","","","","","","","","","","","false","3","stacked_mask:missing|vec1:missing|vec2:missing|vec3:missing|vec4:missing|vec5:missing|keypoint:missing"
"1","legacy_gt_identity_v1","41/4","41","","4","","","","","500","500","","","","","","","","","","","","","","","false","4","stacked_mask:missing|vec1:missing|vec2:missing|vec3:missing|vec4:missing|vec5:missing|keypoint:missing"
"1","legacy_gt_identity_v1","41/5","41","","5","","","","","500","500","","","","","","","","","","","","","","","false","5","stacked_mask:missing|vec1:missing|vec2:missing|vec3:missing|vec4:missing|vec5:missing|keypoint:missing"
"1","legacy_gt_identity_v1","41/6","41","","6","","","","","500","500","","","","","","","","","","","","","","","false","6","stacked_mask:missing|vec1:missing|vec2:missing|vec3:missing|vec4:missing|vec5:missing|keypoint:missing"
"1","legacy_gt_identity_v1","41/7","41","","7","","","","","500","500","","","","","","","","","","","","","","","false","7","stacked_mask:missing|vec1:missing|vec2:missing|vec3:missing|vec4:missing|vec5:missing|keypoint:missing"
"1","legacy_gt_identity_v1","41/8","41","","8","","","","","500","500","","","","","","","","","","","","","","","false","8","stacked_mask:missing|vec1:missing|vec2:missing|vec3:missing|vec4:missing|vec5:missing|keypoint:missing"
"1","legacy_gt_identity_v1","41/9","41","","9","","","","","500","500","","","","","","","","","","","","","","","false","9","stacked_mask:missing|vec1:missing|vec2:missing|vec3:missing|vec4:missing|vec5:missing|keypoint:missing"
"1","legacy_gt_identity_v1","42/0","42","","0","","","","","500","500","","","","","","","","","","","","","","","false","42/0","stacked_mask:missing|vec1:missing|vec2:missing|vec3:missing|vec4:missing|vec5:missing|keypoint:missing"
"1","legacy_gt_identity_v1","42/1","42","","1","","","","","500","500","","","","","","","","","","","","","","","false","1","stacked_mask:missing|vec1:missing|vec2:missing|vec3:missing|vec4:missing|vec5:missing|keypoint:missing"
"1","legacy_gt_identity_v1","42/10","42","","10","","","","","500","500","","","","","","","","","","","","","","","false","10","stacked_mask:missing|vec1:missing|vec2:missing|vec3:missing|vec4:missing|vec5:missing|keypoint:missing"
"1","legacy_gt_identity_v1","42/11","42","","11","","","","","500","500","","","","","","","","","","","","","","","false","11","stacked_mask:missing|vec1:missing|vec2:missing|vec3:missing|vec4:missing|vec5:missing|keypoint:missing"
"1","legacy_gt_identity_v1","42/12","42","","12","","","","","500","500","","","","","","","","","","","","","","","false","12","stacked_mask:missing|vec1:missing|vec2:missing|vec3:missing|vec4:missing|vec5:missing|keypoint:missing"
"1","legacy_gt_identity_v1","42/13","42","","13","","","","","500","500","","","","","","","","","","","","","","","false","13","stacked_mask:missing|vec1:missing|vec2:missing|vec3:missing|vec4:missing|vec5:missing|keypoint:missing"
"1","legacy_gt_identity_v1","42/14","42","","14","","","","","500","500","","","","","","","","","","","","","","","false","14","stacked_mask:missing|vec1:missing|vec2:missing|vec3:missing|vec4:missing|vec5:missing|keypoint:missing"
"1","legacy_gt_identity_v1","42/15","42","","15","","","","","500","500","","","","","","","","","","","","","","","false","15","stacked_mask:missing|vec1:missing|vec2:missing|vec3:missing|vec4:missing|vec5:missing|keypoint:missing"
"1","legacy_gt_identity_v1","42/16","42","","16","","","","","500","500","","","","","","","","","","","","","","","false","16","stacked_mask:missing|vec1:missing|vec2:missing|vec3:missing|vec4:missing|vec5:missing|keypoint:missing"
"1","legacy_gt_identity_v1","42/17","42","","17","","","","","500","500","","","","","","","","","","","","","","","false","17","stacked_mask:missing|vec1:missing|vec2:missing|vec3:missing|vec4:missing|vec5:missing|keypoint:missing"
"1","legacy_gt_identity_v1","42/2","42","","2","","","","","500","500","","","","","","","","","","","","","","","false","2","stacked_mask:missing|vec1:missing|vec2:missing|vec3:missing|vec4:missing|vec5:missing|keypoint:missing"
"1","legacy_gt_identity_v1","42/3","42","","3","","","","","500","500","","","","","","","","","","","","","","","false","3","stacked_mask:missing|vec1:missing|vec2:missing|vec3:missing|vec4:missing|vec5:missing|keypoint:missing"
"1","legacy_gt_identity_v1","42/4","42","","4","","","","","500","500","","","","","","","","","","","","","","","false","4","stacked_mask:missing|vec1:missing|vec2:missing|vec3:missing|vec4:missing|vec5:missing|keypoint:missing"
"1","legacy_gt_identity_v1","42/5","42","","5","","","","","500","500","","","","","","","","","","","","","","","false","5","stacked_mask:missing|vec1:missing|vec2:missing|vec3:missing|vec4:missing|vec5:missing|keypoint:missing"
"1","legacy_gt_identity_v1","42/6","42","","6","","","","","500","500","","","","","","","","","","","","","","","false","6","stacked_mask:missing|vec1:missing|vec2:missing|vec3:missing|vec4:missing|vec5:missing|keypoint:missing"
"1","legacy_gt_identity_v1","42/7","42","","7","","","","","500","500","","","","","","","","","","","","","","","false","7","stacked_mask:missing|vec1:missing|vec2:missing|vec3:missing|vec4:missing|vec5:missing|keypoint:missing"
"1","legacy_gt_identity_v1","42/8","42","","8","","","","","500","500","","","","","","","","","","","","","","","false","8","stacked_mask:missing|vec1:missing|vec2:missing|vec3:missing|vec4:missing|vec5:missing|keypoint:missing"
"1","legacy_gt_identity_v1","42/9","42","","9","","","","","500","500","","","","","","","","","","","","","","","false","9","stacked_mask:missing|vec1:missing|vec2:missing|vec3:missing|vec4:missing|vec5:missing|keypoint:missing"
"1","legacy_gt_identity_v1","5/0","5","","0","","","","","500","500","","500x500x6","","","","","","","500x500","500x500","500x500","500x500","500x500","500x500","true","5/0",""
"1","legacy_gt_identity_v1","5/1","5","","1","","","","","500","500","","500x500x6","","","","","","","500x500","500x500","500x500","500x500","500x500","500x500","true","1",""
"1","legacy_gt_identity_v1","5/10","5","","10","","","","","500","500","","500x500x6","","","","","","","500x500","500x500","500x500","500x500","500x500","500x500","true","10",""
"1","legacy_gt_identity_v1","5/11","5","","11","","","","","500","500","","500x500x6","","","","","","","500x500","500x500","500x500","500x500","500x500","500x500","true","11",""
"1","legacy_gt_identity_v1","5/12","5","","12","","","","","500","500","","500x500x6","","","","","","","500x500","500x500","500x500","500x500","500x500","500x500","true","12",""
"1","legacy_gt_identity_v1","5/13","5","","13","","","","","500","500","","500x500x6","","","","","","","500x500","500x500","500x500","500x500","500x500","500x500","true","13",""
"1","legacy_gt_identity_v1","5/14","5","","14","","","","","500","500","","500x500x6","","","","","","","500x500","500x500","500x500","500x500","500x500","500x500","true","14",""
"1","legacy_gt_identity_v1","5/15","5","","15","","","","","500","500","","500x500x6","","","","","","","500x500","500x500","500x500","500x500","500x500","500x500","true","15",""
"1","legacy_gt_identity_v1","5/16","5","","16","","","","","500","500","","500x500x6","","","","","","","500x500","500x500","500x500","500x500","500x500","500x500","true","16",""
"1","legacy_gt_identity_v1","5/17","5","","17","","","","","500","500","","500x500x6","","","","","","","500x500","500x500","500x500","500x500","500x500","500x500","true","17",""
"1","legacy_gt_identity_v1","5/18","5","","18","","","","","500","500","","500x500x6","","","","","","","500x500","500x500","500x500","500x500","500x500","500x500","true","18",""
"1","legacy_gt_identity_v1","5/19","5","","19","","","","","500","500","","500x500x6","","","","","","","500x500","500x500","500x500","500x500","500x500","500x500","true","19",""
"1","legacy_gt_identity_v1","5/2","5","","2","","","","","500","500","","500x500x6","","","","","","","500x500","500x500","500x500","500x500","500x500","500x500","true","2",""
"1","legacy_gt_identity_v1","5/20","5","","20","","","","","500","500","","500x500x6","","","","","","","500x500","500x500","500x500","500x500","500x500","500x500","true","20",""
"1","legacy_gt_identity_v1","5/3","5","","3","","","","","500","500","","500x500x6","","","","","","","500x500","500x500","500x500","500x500","500x500","500x500","true","3",""
"1","legacy_gt_identity_v1","5/4","5","","4","","","","","500","500","","500x500x6","","","","","","","500x500","500x500","500x500","500x500","500x500","500x500","true","4",""
"1","legacy_gt_identity_v1","5/5","5","","5","","","","","500","500","","500x500x6","","","","","","","500x500","500x500","500x500","500x500","500x500","500x500","true","5",""
"1","legacy_gt_identity_v1","5/6","5","","6","","","","","500","500","","500x500x6","","","","","","","500x500","500x500","500x500","500x500","500x500","500x500","true","6",""
"1","legacy_gt_identity_v1","5/7","5","","7","","","","","500","500","","500x500x6","","","","","","","500x500","500x500","500x500","500x500","500x500","500x500","true","7",""
"1","legacy_gt_identity_v1","5/8","5","","8","","","","","500","500","","500x500x6","","","","","","","500x500","500x500","500x500","500x500","500x500","500x500","true","8",""
"1","legacy_gt_identity_v1","5/9","5","","9","","","","","500","500","","500x500x6","","","","","","","500x500","500x500","500x500","500x500","500x500","500x500","true","9",""
"1","legacy_gt_identity_v1","6/0","6","","0","","","","","500","500","","500x500x6","","","","","","","500x500","500x500","500x500","500x500","500x500","500x500","true","6/0",""
"1","legacy_gt_identity_v1","6/1","6","","1","","","","","500","500","","500x500x6","","","","","","","500x500","500x500","500x500","500x500","500x500","500x500","true","1",""
"1","legacy_gt_identity_v1","6/10","6","","10","","","","","500","500","","500x500x6","","","","","","","500x500","500x500","500x500","500x500","500x500","500x500","true","10",""
"1","legacy_gt_identity_v1","6/11","6","","11","","","","","500","500","","500x500x6","","","","","","","500x500","500x500","500x500","500x500","500x500","500x500","true","11",""
"1","legacy_gt_identity_v1","6/12","6","","12","","","","","500","500","","500x500x6","","","","","","","500x500","500x500","500x500","500x500","500x500","500x500","true","12",""
"1","legacy_gt_identity_v1","6/13","6","","13","","","","","500","500","","500x500x6","","","","","","","500x500","500x500","500x500","500x500","500x500","500x500","true","13",""
"1","legacy_gt_identity_v1","6/14","6","","14","","","","","500","500","","500x500x6","","","","","","","500x500","500x500","500x500","500x500","500x500","500x500","true","14",""
"1","legacy_gt_identity_v1","6/15","6","","15","","","","","500","500","","500x500x6","","","","","","","500x500","500x500","500x500","500x500","500x500","500x500","true","15",""
"1","legacy_gt_identity_v1","6/16","6","","16","","","","","500","500","","500x500x6","","","","","","","500x500","500x500","500x500","500x500","500x500","500x500","true","16",""
"1","legacy_gt_identity_v1","6/17","6","","17","","","","","500","500","","500x500x6","","","","","","","500x500","500x500","500x500","500x500","500x500","500x500","true","17",""
"1","legacy_gt_identity_v1","6/18","6","","18","","","","","500","500","","500x500x6","","","","","","","500x500","500x500","500x500","500x500","500x500","500x500","true","18",""
"1","legacy_gt_identity_v1","6/19","6","","19","","","","","500","500","","500x500x6","","","","","","","500x500","500x500","500x500","500x500","500x500","500x500","true","19",""
"1","legacy_gt_identity_v1","6/2","6","","2","","","","","500","500","","500x500x6","","","","","","","500x500","500x500","500x500","500x500","500x500","500x500","true","2",""
"1","legacy_gt_identity_v1","6/20","6","","20","","","","","500","500","","500x500x6","","","","","","","500x500","500x500","500x500","500x500","500x500","500x500","true","20",""
"1","legacy_gt_identity_v1","6/3","6","","3","","","","","500","500","","500x500x6","","","","","","","500x500","500x500","500x500","500x500","500x500","500x500","true","3",""
"1","legacy_gt_identity_v1","6/4","6","","4","","","","","500","500","","500x500x6","","","","","","","500x500","500x500","500x500","500x500","500x500","500x500","true","4",""
"1","legacy_gt_identity_v1","6/5","6","","5","","","","","500","500","","500x500x6","","","","","","","500x500","500x500","500x500","500x500","500x500","500x500","true","5",""
"1","legacy_gt_identity_v1","6/6","6","","6","","","","","500","500","","500x500x6","","","","","","","500x500","500x500","500x500","500x500","500x500","500x500","true","6",""
"1","legacy_gt_identity_v1","6/7","6","","7","","","","","500","500","","500x500x6","","","","","","","500x500","500x500","500x500","500x500","500x500","500x500","true","7",""
"1","legacy_gt_identity_v1","6/8","6","","8","","","","","500","500","","500x500x6","","","","","","","500x500","500x500","500x500","500x500","500x500","500x500","true","8",""
"1","legacy_gt_identity_v1","6/9","6","","9","","","","","500","500","","500x500x6","","","","","","","500x500","500x500","500x500","500x500","500x500","500x500","true","9",""
"1","legacy_gt_identity_v1","7/0","7","","0","","","","","500","500","","500x500x6","","","","","","","500x500","500x500","500x500","500x500","500x500","500x500","true","7/0",""
"1","legacy_gt_identity_v1","7/1","7","","1","","","","","500","500","","500x500x6","","","","","","","500x500","500x500","500x500","500x500","500x500","500x500","true","1",""
"1","legacy_gt_identity_v1","7/10","7","","10","","","","","500","500","","500x500x6","","","","","","","500x500","500x500","500x500","500x500","500x500","500x500","true","10",""
"1","legacy_gt_identity_v1","7/11","7","","11","","","","","500","500","","500x500x6","","","","","","","500x500","500x500","500x500","500x500","500x500","500x500","true","11",""
"1","legacy_gt_identity_v1","7/12","7","","12","","","","","500","500","","500x500x6","","","","","","","500x500","500x500","500x500","500x500","500x500","500x500","true","12",""
"1","legacy_gt_identity_v1","7/13","7","","13","","","","","500","500","","500x500x6","","","","","","","500x500","500x500","500x500","500x500","500x500","500x500","true","13",""
"1","legacy_gt_identity_v1","7/14","7","","14","","","","","500","500","","500x500x6","","","","","","","500x500","500x500","500x500","500x500","500x500","500x500","true","14",""
"1","legacy_gt_identity_v1","7/15","7","","15","","","","","500","500","","500x500x6","","","","","","","500x500","500x500","500x500","500x500","500x500","500x500","true","15",""
"1","legacy_gt_identity_v1","7/16","7","","16","","","","","500","500","","500x500x6","","","","","","","500x500","500x500","500x500","500x500","500x500","500x500","true","16",""
"1","legacy_gt_identity_v1","7/17","7","","17","","","","","500","500","","500x500x6","","","","","","","500x500","500x500","500x500","500x500","500x500","500x500","true","17",""
"1","legacy_gt_identity_v1","7/18","7","","18","","","","","500","500","","500x500x6","","","","","","","500x500","500x500","500x500","500x500","500x500","500x500","true","18",""
"1","legacy_gt_identity_v1","7/19","7","","19","","","","","500","500","","500x500x6","","","","","","","500x500","500x500","500x500","500x500","500x500","500x500","true","19",""
"1","legacy_gt_identity_v1","7/2","7","","2","","","","","500","500","","500x500x6","","","","","","","500x500","500x500","500x500","500x500","500x500","500x500","true","2",""
"1","legacy_gt_identity_v1","7/20","7","","20","","","","","500","500","","500x500x6","","","","","","","500x500","500x500","500x500","500x500","500x500","500x500","true","20",""
"1","legacy_gt_identity_v1","7/3","7","","3","","","","","500","500","","500x500x6","","","","","","","500x500","500x500","500x500","500x500","500x500","500x500","true","3",""
"1","legacy_gt_identity_v1","7/4","7","","4","","","","","500","500","","500x500x6","","","","","","","500x500","500x500","500x500","500x500","500x500","500x500","true","4",""
"1","legacy_gt_identity_v1","7/5","7","","5","","","","","500","500","","500x500x6","","","","","","","500x500","500x500","500x500","500x500","500x500","500x500","true","5",""
"1","legacy_gt_identity_v1","7/6","7","","6","","","","","500","500","","500x500x6","","","","","","","500x500","500x500","500x500","500x500","500x500","500x500","true","6",""
"1","legacy_gt_identity_v1","7/7","7","","7","","","","","500","500","","500x500x6","","","","","","","500x500","500x500","500x500","500x500","500x500","500x500","true","7",""
"1","legacy_gt_identity_v1","7/8","7","","8","","","","","500","500","","500x500x6","","","","","","","500x500","500x500","500x500","500x500","500x500","500x500","true","8",""
"1","legacy_gt_identity_v1","7/9","7","","9","","","","","500","500","","500x500x6","","","","","","","500x500","500x500","500x500","500x500","500x500","500x500","true","9",""
"1","legacy_gt_identity_v1","8/0","8","","0","","","","","500","500","","500x500x6","","","","","","","500x500","500x500","500x500","500x500","500x500","500x500","true","8/0",""
"1","legacy_gt_identity_v1","8/1","8","","1","","","","","500","500","","500x500x6","","","","","","","500x500","500x500","500x500","500x500","500x500","500x500","true","1",""
"1","legacy_gt_identity_v1","8/10","8","","10","","","","","500","500","","500x500x6","","","","","","","500x500","500x500","500x500","500x500","500x500","500x500","true","10",""
"1","legacy_gt_identity_v1","8/11","8","","11","","","","","500","500","","500x500x6","","","","","","","500x500","500x500","500x500","500x500","500x500","500x500","true","11",""
"1","legacy_gt_identity_v1","8/12","8","","12","","","","","500","500","","500x500x6","","","","","","","500x500","500x500","500x500","500x500","500x500","500x500","true","12",""
"1","legacy_gt_identity_v1","8/13","8","","13","","","","","500","500","","500x500x6","","","","","","","500x500","500x500","500x500","500x500","500x500","500x500","true","13",""
"1","legacy_gt_identity_v1","8/14","8","","14","","","","","500","500","","500x500x6","","","","","","","500x500","500x500","500x500","500x500","500x500","500x500","true","14",""
"1","legacy_gt_identity_v1","8/15","8","","15","","","","","500","500","","500x500x6","","","","","","","500x500","500x500","500x500","500x500","500x500","500x500","true","15",""
"1","legacy_gt_identity_v1","8/16","8","","16","","","","","500","500","","500x500x6","","","","","","","500x500","500x500","500x500","500x500","500x500","500x500","true","16",""
"1","legacy_gt_identity_v1","8/17","8","","17","","","","","500","500","","500x500x6","","","","","","","500x500","500x500","500x500","500x500","500x500","500x500","true","17",""
"1","legacy_gt_identity_v1","8/18","8","","18","","","","","500","500","","500x500x6","","","","","","","500x500","500x500","500x500","500x500","500x500","500x500","true","18",""
"1","legacy_gt_identity_v1","8/19","8","","19","","","","","500","500","","500x500x6","","","","","","","500x500","500x500","500x500","500x500","500x500","500x500","true","19",""
"1","legacy_gt_identity_v1","8/2","8","","2","","","","","500","500","","500x500x6","","","","","","","500x500","500x500","500x500","500x500","500x500","500x500","true","2",""
"1","legacy_gt_identity_v1","8/20","8","","20","","","","","500","500","","500x500x6","","","","","","","500x500","500x500","500x500","500x500","500x500","500x500","true","20",""
"1","legacy_gt_identity_v1","8/3","8","","3","","","","","500","500","","500x500x6","","","","","","","500x500","500x500","500x500","500x500","500x500","500x500","true","3",""
"1","legacy_gt_identity_v1","8/4","8","","4","","","","","500","500","","500x500x6","","","","","","","500x500","500x500","500x500","500x500","500x500","500x500","true","4",""
"1","legacy_gt_identity_v1","8/5","8","","5","","","","","500","500","","500x500x6","","","","","","","500x500","500x500","500x500","500x500","500x500","500x500","true","5",""
"1","legacy_gt_identity_v1","8/6","8","","6","","","","","500","500","","500x500x6","","","","","","","500x500","500x500","500x500","500x500","500x500","500x500","true","6",""
"1","legacy_gt_identity_v1","8/7","8","","7","","","","","500","500","","500x500x6","","","","","","","500x500","500x500","500x500","500x500","500x500","500x500","true","7",""
"1","legacy_gt_identity_v1","8/8","8","","8","","","","","500","500","","500x500x6","","","","","","","500x500","500x500","500x500","500x500","500x500","500x500","true","8",""
"1","legacy_gt_identity_v1","8/9","8","","9","","","","","500","500","","500x500x6","","","","","","","500x500","500x500","500x500","500x500","500x500","500x500","true","9",""
"1","legacy_gt_identity_v1","9/0","9","","0","","","","","500","500","","500x500x6","","","","","","","500x500","500x500","500x500","500x500","500x500","500x500","true","9/0",""
"1","legacy_gt_identity_v1","9/1","9","","1","","","","","500","500","","500x500x6","","","","","","","500x500","500x500","500x500","500x500","500x500","500x500","true","1",""
"1","legacy_gt_identity_v1","9/10","9","","10","","","","","500","500","","500x500x6","","","","","","","500x500","500x500","500x500","500x500","500x500","500x500","true","10",""
"1","legacy_gt_identity_v1","9/11","9","","11","","","","","500","500","","500x500x6","","","","","","","500x500","500x500","500x500","500x500","500x500","500x500","true","11",""
"1","legacy_gt_identity_v1","9/12","9","","12","","","","","500","500","","500x500x6","","","","","","","500x500","500x500","500x500","500x500","500x500","500x500","true","12",""
"1","legacy_gt_identity_v1","9/13","9","","13","","","","","500","500","","500x500x6","","","","","","","500x500","500x500","500x500","500x500","500x500","500x500","true","13",""
"1","legacy_gt_identity_v1","9/14","9","","14","","","","","500","500","","500x500x6","","","","","","","500x500","500x500","500x500","500x500","500x500","500x500","true","14",""
"1","legacy_gt_identity_v1","9/15","9","","15","","","","","500","500","","500x500x6","","","","","","","500x500","500x500","500x500","500x500","500x500","500x500","true","15",""
"1","legacy_gt_identity_v1","9/16","9","","16","","","","","500","500","","500x500x6","","","","","","","500x500","500x500","500x500","500x500","500x500","500x500","true","16",""
"1","legacy_gt_identity_v1","9/17","9","","17","","","","","500","500","","500x500x6","","","","","","","500x500","500x500","500x500","500x500","500x500","500x500","true","17",""
"1","legacy_gt_identity_v1","9/18","9","","18","","","","","500","500","","500x500x6","","","","","","","500x500","500x500","500x500","500x500","500x500","500x500","true","18",""
"1","legacy_gt_identity_v1","9/19","9","","19","","","","","500","500","","500x500x6","","","","","","","500x500","500x500","500x500","500x500","500x500","500x500","true","19",""
"1","legacy_gt_identity_v1","9/2","9","","2","","","","","500","500","","500x500x6","","","","","","","500x500","500x500","500x500","500x500","500x500","500x500","true","2",""
"1","legacy_gt_identity_v1","9/20","9","","20","","","","","500","500","","500x500x6","","","","","","","500x500","500x500","500x500","500x500","500x500","500x500","true","20",""
"1","legacy_gt_identity_v1","9/3","9","","3","","","","","500","500","","500x500x6","","","","","","","500x500","500x500","500x500","500x500","500x500","500x500","true","3",""
"1","legacy_gt_identity_v1","9/4","9","","4","","","","","500","500","","500x500x6","","","","","","","500x500","500x500","500x500","500x500","500x500","500x500","true","4",""
"1","legacy_gt_identity_v1","9/5","9","","5","","","","","500","500","","500x500x6","","","","","","","500x500","500x500","500x500","500x500","500x500","500x500","true","5",""
"1","legacy_gt_identity_v1","9/6","9","","6","","","","","500","500","","500x500x6","","","","","","","500x500","500x500","500x500","500x500","500x500","500x500","true","6",""
"1","legacy_gt_identity_v1","9/7","9","","7","","","","","500","500","","500x500x6","","","","","","","500x500","500x500","500x500","500x500","500x500","500x500","true","7",""
"1","legacy_gt_identity_v1","9/8","9","","8","","","","","500","500","","500x500x6","","","","","","","500x500","500x500","500x500","500x500","500x500","500x500","true","8",""
"1","legacy_gt_identity_v1","9/9","9","","9","","","","","500","500","","500x500x6","","","","","","","500x500","500x500","500x500","500x500","500x500","500x500","true","9",""
